ISO-10303-21;
HEADER;
FILE_DESCRIPTION((''),'2;1');
FILE_NAME('430450223','2020-04-16T',('gga'),(''),
'PRO/ENGINEER BY PARAMETRIC TECHNOLOGY CORPORATION, 2016010',
'PRO/ENGINEER BY PARAMETRIC TECHNOLOGY CORPORATION, 2016010','');
FILE_SCHEMA(('CONFIG_CONTROL_DESIGN'));
ENDSEC;
DATA;
#1=DIRECTION('',(0.E0,0.E0,-1.E0));
#2=VECTOR('',#1,1.52E0);
#3=CARTESIAN_POINT('',(-3.325E0,-1.1E0,3.305E0));
#4=LINE('',#3,#2);
#5=DIRECTION('',(0.E0,1.E0,0.E0));
#6=VECTOR('',#5,1.31E0);
#7=CARTESIAN_POINT('',(-3.325E0,-2.41E0,3.305E0));
#8=LINE('',#7,#6);
#9=DIRECTION('',(0.E0,-1.E0,0.E0));
#10=VECTOR('',#9,5.2E-1);
#11=CARTESIAN_POINT('',(-3.325E0,-2.41E0,3.305E0));
#12=LINE('',#11,#10);
#13=DIRECTION('',(0.E0,0.E0,-1.E0));
#14=VECTOR('',#13,1.52E0);
#15=CARTESIAN_POINT('',(-3.325E0,-2.93E0,3.305E0));
#16=LINE('',#15,#14);
#17=DIRECTION('',(0.E0,1.E0,0.E0));
#18=VECTOR('',#17,1.83E0);
#19=CARTESIAN_POINT('',(-3.325E0,-2.93E0,1.785E0));
#20=LINE('',#19,#18);
#21=DIRECTION('',(0.E0,0.E0,-1.E0));
#22=VECTOR('',#21,1.52E0);
#23=CARTESIAN_POINT('',(-3.325E0,1.1E0,3.305E0));
#24=LINE('',#23,#22);
#25=DIRECTION('',(0.E0,1.E0,0.E0));
#26=VECTOR('',#25,2.33E0);
#27=CARTESIAN_POINT('',(-3.325E0,1.1E0,1.785E0));
#28=LINE('',#27,#26);
#29=DIRECTION('',(0.E0,0.E0,1.E0));
#30=VECTOR('',#29,1.52E0);
#31=CARTESIAN_POINT('',(-3.325E0,3.43E0,1.785E0));
#32=LINE('',#31,#30);
#33=DIRECTION('',(0.E0,-1.E0,0.E0));
#34=VECTOR('',#33,7.5E-1);
#35=CARTESIAN_POINT('',(-3.325E0,3.43E0,3.305E0));
#36=LINE('',#35,#34);
#37=DIRECTION('',(0.E0,1.E0,0.E0));
#38=VECTOR('',#37,1.58E0);
#39=CARTESIAN_POINT('',(-3.325E0,1.1E0,3.305E0));
#40=LINE('',#39,#38);
#41=DIRECTION('',(-1.E0,0.E0,0.E0));
#42=VECTOR('',#41,3.E-1);
#43=CARTESIAN_POINT('',(-3.325E0,-1.1E0,1.785E0));
#44=LINE('',#43,#42);
#45=DIRECTION('',(-8.849182223820E-1,4.657464328326E-1,0.E0));
#46=VECTOR('',#45,3.390143771619E-1);
#47=CARTESIAN_POINT('',(-3.325E0,-2.93E0,1.785E0));
#48=LINE('',#47,#46);
#49=DIRECTION('',(-1.E0,0.E0,0.E0));
#50=VECTOR('',#49,3.E-1);
#51=CARTESIAN_POINT('',(-3.325E0,1.1E0,1.785E0));
#52=LINE('',#51,#50);
#53=DIRECTION('',(0.E0,0.E0,-1.E0));
#54=VECTOR('',#53,6.4E-1);
#55=CARTESIAN_POINT('',(-2.375E0,-3.43E0,-2.585E0));
#56=LINE('',#55,#54);
#57=DIRECTION('',(-6.124445259040E-1,3.223392241600E-1,-7.218096198155E-1));
#58=VECTOR('',#57,1.551160896732E0);
#59=CARTESIAN_POINT('',(-2.375E0,-3.43E0,4.424642857143E0));
#60=LINE('',#59,#58);
#61=DIRECTION('',(0.E0,0.E0,-1.E0));
#62=VECTOR('',#61,5.E-1);
#63=CARTESIAN_POINT('',(-2.375E0,-3.43E0,1.48E0));
#64=LINE('',#63,#62);
#65=DIRECTION('',(0.E0,0.E0,-1.E0));
#66=VECTOR('',#65,5.E-1);
#67=CARTESIAN_POINT('',(-2.375E0,-3.43E0,-2.7E-1));
#68=LINE('',#67,#66);
#69=DIRECTION('',(1.E0,0.E0,0.E0));
#70=VECTOR('',#69,8.6E-1);
#71=CARTESIAN_POINT('',(2.375E0,-3.43E0,-3.225E0));
#72=LINE('',#71,#70);
#73=DIRECTION('',(0.E0,0.E0,1.E0));
#74=VECTOR('',#73,6.4E-1);
#75=CARTESIAN_POINT('',(3.235E0,-3.43E0,-3.225E0));
#76=LINE('',#75,#74);
#77=DIRECTION('',(-1.E0,0.E0,0.E0));
#78=VECTOR('',#77,8.6E-1);
#79=CARTESIAN_POINT('',(3.235E0,-3.43E0,-2.585E0));
#80=LINE('',#79,#78);
#81=DIRECTION('',(-1.E0,0.E0,0.E0));
#82=VECTOR('',#81,8.6E-1);
#83=CARTESIAN_POINT('',(-2.375E0,-3.43E0,-2.585E0));
#84=LINE('',#83,#82);
#85=DIRECTION('',(0.E0,0.E0,-1.E0));
#86=VECTOR('',#85,6.4E-1);
#87=CARTESIAN_POINT('',(-3.235E0,-3.43E0,-2.585E0));
#88=LINE('',#87,#86);
#89=DIRECTION('',(1.E0,0.E0,0.E0));
#90=VECTOR('',#89,8.6E-1);
#91=CARTESIAN_POINT('',(-3.235E0,-3.43E0,-3.225E0));
#92=LINE('',#91,#90);
#93=DIRECTION('',(0.E0,0.E0,-1.E0));
#94=VECTOR('',#93,6.4E-1);
#95=CARTESIAN_POINT('',(2.375E0,-3.43E0,-2.585E0));
#96=LINE('',#95,#94);
#97=DIRECTION('',(0.E0,0.E0,-1.E0));
#98=VECTOR('',#97,5.E-1);
#99=CARTESIAN_POINT('',(2.375E0,-3.43E0,-2.7E-1));
#100=LINE('',#99,#98);
#101=DIRECTION('',(0.E0,0.E0,-1.E0));
#102=VECTOR('',#101,5.E-1);
#103=CARTESIAN_POINT('',(2.375E0,-3.43E0,1.48E0));
#104=LINE('',#103,#102);
#105=DIRECTION('',(-6.124445259040E-1,-3.223392241600E-1,7.218096198155E-1));
#106=VECTOR('',#105,1.551160896732E0);
#107=CARTESIAN_POINT('',(3.325E0,-2.93E0,3.305E0));
#108=LINE('',#107,#106);
#109=DIRECTION('',(1.E0,0.E0,0.E0));
#110=VECTOR('',#109,1.E0);
#111=CARTESIAN_POINT('',(4.75E-1,-3.43E0,3.305E0));
#112=LINE('',#111,#110);
#113=DIRECTION('',(0.E0,0.E0,1.E0));
#114=VECTOR('',#113,6.66E0);
#115=CARTESIAN_POINT('',(4.75E-1,-3.43E0,-3.355E0));
#116=LINE('',#115,#114);
#117=DIRECTION('',(1.E0,0.E0,0.E0));
#118=VECTOR('',#117,1.E0);
#119=CARTESIAN_POINT('',(4.75E-1,-3.43E0,-3.355E0));
#120=LINE('',#119,#118);
#121=DIRECTION('',(0.E0,0.E0,1.E0));
#122=VECTOR('',#121,6.66E0);
#123=CARTESIAN_POINT('',(1.475E0,-3.43E0,-3.355E0));
#124=LINE('',#123,#122);
#125=DIRECTION('',(1.E0,0.E0,0.E0));
#126=VECTOR('',#125,1.E0);
#127=CARTESIAN_POINT('',(-1.475E0,-3.43E0,3.305E0));
#128=LINE('',#127,#126);
#129=DIRECTION('',(0.E0,0.E0,1.E0));
#130=VECTOR('',#129,6.66E0);
#131=CARTESIAN_POINT('',(-1.475E0,-3.43E0,-3.355E0));
#132=LINE('',#131,#130);
#133=DIRECTION('',(1.E0,0.E0,0.E0));
#134=VECTOR('',#133,1.E0);
#135=CARTESIAN_POINT('',(-1.475E0,-3.43E0,-3.355E0));
#136=LINE('',#135,#134);
#137=DIRECTION('',(0.E0,0.E0,1.E0));
#138=VECTOR('',#137,6.66E0);
#139=CARTESIAN_POINT('',(-4.75E-1,-3.43E0,-3.355E0));
#140=LINE('',#139,#138);
#141=DIRECTION('',(1.E0,0.E0,0.E0));
#142=VECTOR('',#141,5.1E-1);
#143=CARTESIAN_POINT('',(-2.375E0,-3.43E0,-2.585E0));
#144=LINE('',#143,#142);
#145=DIRECTION('',(0.E0,0.E0,-1.E0));
#146=VECTOR('',#145,1.815E0);
#147=CARTESIAN_POINT('',(-2.375E0,-3.43E0,-7.7E-1));
#148=LINE('',#147,#146);
#149=DIRECTION('',(1.E0,0.E0,0.E0));
#150=VECTOR('',#149,4.5E-1);
#151=CARTESIAN_POINT('',(-2.375E0,-3.43E0,-7.7E-1));
#152=LINE('',#151,#150);
#153=DIRECTION('',(0.E0,0.E0,-1.E0));
#154=VECTOR('',#153,5.E-1);
#155=CARTESIAN_POINT('',(-1.925E0,-3.43E0,-2.7E-1));
#156=LINE('',#155,#154);
#157=DIRECTION('',(1.E0,0.E0,0.E0));
#158=VECTOR('',#157,4.5E-1);
#159=CARTESIAN_POINT('',(-2.375E0,-3.43E0,-2.7E-1));
#160=LINE('',#159,#158);
#161=DIRECTION('',(0.E0,0.E0,-1.E0));
#162=VECTOR('',#161,1.25E0);
#163=CARTESIAN_POINT('',(-2.375E0,-3.43E0,9.8E-1));
#164=LINE('',#163,#162);
#165=DIRECTION('',(1.E0,0.E0,0.E0));
#166=VECTOR('',#165,4.5E-1);
#167=CARTESIAN_POINT('',(-2.375E0,-3.43E0,9.8E-1));
#168=LINE('',#167,#166);
#169=DIRECTION('',(0.E0,0.E0,-1.E0));
#170=VECTOR('',#169,5.E-1);
#171=CARTESIAN_POINT('',(-1.925E0,-3.43E0,1.48E0));
#172=LINE('',#171,#170);
#173=DIRECTION('',(1.E0,0.E0,0.E0));
#174=VECTOR('',#173,4.5E-1);
#175=CARTESIAN_POINT('',(-2.375E0,-3.43E0,1.48E0));
#176=LINE('',#175,#174);
#177=DIRECTION('',(0.E0,0.E0,-1.E0));
#178=VECTOR('',#177,2.944642857143E0);
#179=CARTESIAN_POINT('',(-2.375E0,-3.43E0,4.424642857143E0));
#180=LINE('',#179,#178);
#181=DIRECTION('',(-6.469774481951E-1,0.E0,-7.625091353728E-1));
#182=VECTOR('',#181,6.955420181266E-1);
#183=CARTESIAN_POINT('',(-1.925E0,-3.43E0,4.955E0));
#184=LINE('',#183,#182);
#185=DIRECTION('',(1.E0,0.E0,0.E0));
#186=VECTOR('',#185,3.85E0);
#187=CARTESIAN_POINT('',(-1.925E0,-3.43E0,4.955E0));
#188=LINE('',#187,#186);
#189=DIRECTION('',(-6.469774481951E-1,0.E0,7.625091353728E-1));
#190=VECTOR('',#189,6.955420181266E-1);
#191=CARTESIAN_POINT('',(2.375E0,-3.43E0,4.424642857143E0));
#192=LINE('',#191,#190);
#193=DIRECTION('',(0.E0,0.E0,-1.E0));
#194=VECTOR('',#193,2.944642857143E0);
#195=CARTESIAN_POINT('',(2.375E0,-3.43E0,4.424642857143E0));
#196=LINE('',#195,#194);
#197=DIRECTION('',(-1.E0,0.E0,0.E0));
#198=VECTOR('',#197,4.5E-1);
#199=CARTESIAN_POINT('',(2.375E0,-3.43E0,1.48E0));
#200=LINE('',#199,#198);
#201=DIRECTION('',(0.E0,0.E0,-1.E0));
#202=VECTOR('',#201,5.E-1);
#203=CARTESIAN_POINT('',(1.925E0,-3.43E0,1.48E0));
#204=LINE('',#203,#202);
#205=DIRECTION('',(-1.E0,0.E0,0.E0));
#206=VECTOR('',#205,4.5E-1);
#207=CARTESIAN_POINT('',(2.375E0,-3.43E0,9.8E-1));
#208=LINE('',#207,#206);
#209=DIRECTION('',(0.E0,0.E0,-1.E0));
#210=VECTOR('',#209,1.25E0);
#211=CARTESIAN_POINT('',(2.375E0,-3.43E0,9.8E-1));
#212=LINE('',#211,#210);
#213=DIRECTION('',(-1.E0,0.E0,0.E0));
#214=VECTOR('',#213,4.5E-1);
#215=CARTESIAN_POINT('',(2.375E0,-3.43E0,-2.7E-1));
#216=LINE('',#215,#214);
#217=DIRECTION('',(0.E0,0.E0,-1.E0));
#218=VECTOR('',#217,5.E-1);
#219=CARTESIAN_POINT('',(1.925E0,-3.43E0,-2.7E-1));
#220=LINE('',#219,#218);
#221=DIRECTION('',(-1.E0,0.E0,0.E0));
#222=VECTOR('',#221,4.5E-1);
#223=CARTESIAN_POINT('',(2.375E0,-3.43E0,-7.7E-1));
#224=LINE('',#223,#222);
#225=DIRECTION('',(0.E0,0.E0,-1.E0));
#226=VECTOR('',#225,1.815E0);
#227=CARTESIAN_POINT('',(2.375E0,-3.43E0,-7.7E-1));
#228=LINE('',#227,#226);
#229=DIRECTION('',(-1.E0,0.E0,0.E0));
#230=VECTOR('',#229,5.1E-1);
#231=CARTESIAN_POINT('',(2.375E0,-3.43E0,-2.585E0));
#232=LINE('',#231,#230);
#233=DIRECTION('',(0.E0,0.E0,-1.E0));
#234=VECTOR('',#233,6.4E-1);
#235=CARTESIAN_POINT('',(1.865E0,-3.43E0,-2.585E0));
#236=LINE('',#235,#234);
#237=DIRECTION('',(-1.E0,0.E0,0.E0));
#238=VECTOR('',#237,5.1E-1);
#239=CARTESIAN_POINT('',(2.375E0,-3.43E0,-3.225E0));
#240=LINE('',#239,#238);
#241=DIRECTION('',(1.024821253500E-14,1.366428338E-14,-1.E0));
#242=VECTOR('',#241,1.3E-1);
#243=CARTESIAN_POINT('',(2.375E0,-3.43E0,-3.225E0));
#244=LINE('',#243,#242);
#245=DIRECTION('',(0.E0,0.E0,-1.E0));
#246=VECTOR('',#245,1.6E0);
#247=CARTESIAN_POINT('',(2.375E0,-3.43E0,-3.355E0));
#248=LINE('',#247,#246);
#249=DIRECTION('',(0.E0,0.E0,1.E0));
#250=VECTOR('',#249,6.7E-1);
#251=CARTESIAN_POINT('',(3.2E-1,-3.43E0,-4.955E0));
#252=LINE('',#251,#250);
#253=DIRECTION('',(0.E0,0.E0,1.E0));
#254=VECTOR('',#253,6.4E-1);
#255=CARTESIAN_POINT('',(3.2E-1,-3.43E0,-4.285E0));
#256=LINE('',#255,#254);
#257=DIRECTION('',(-1.E0,0.E0,0.E0));
#258=VECTOR('',#257,6.4E-1);
#259=CARTESIAN_POINT('',(3.2E-1,-3.43E0,-3.645E0));
#260=LINE('',#259,#258);
#261=DIRECTION('',(0.E0,0.E0,1.E0));
#262=VECTOR('',#261,6.4E-1);
#263=CARTESIAN_POINT('',(-3.2E-1,-3.43E0,-4.285E0));
#264=LINE('',#263,#262);
#265=DIRECTION('',(0.E0,0.E0,1.E0));
#266=VECTOR('',#265,6.7E-1);
#267=CARTESIAN_POINT('',(-3.2E-1,-3.43E0,-4.955E0));
#268=LINE('',#267,#266);
#269=DIRECTION('',(-1.024821253500E-14,0.E0,-1.E0));
#270=VECTOR('',#269,1.3E-1);
#271=CARTESIAN_POINT('',(-2.375E0,-3.43E0,-3.225E0));
#272=LINE('',#271,#270);
#273=DIRECTION('',(1.E0,0.E0,0.E0));
#274=VECTOR('',#273,5.1E-1);
#275=CARTESIAN_POINT('',(-2.375E0,-3.43E0,-3.225E0));
#276=LINE('',#275,#274);
#277=DIRECTION('',(0.E0,0.E0,1.E0));
#278=VECTOR('',#277,6.4E-1);
#279=CARTESIAN_POINT('',(-1.865E0,-3.43E0,-3.225E0));
#280=LINE('',#279,#278);
#281=DIRECTION('',(0.E0,1.E0,0.E0));
#282=VECTOR('',#281,5.1E-1);
#283=CARTESIAN_POINT('',(1.475E0,-3.94E0,3.305E0));
#284=LINE('',#283,#282);
#285=DIRECTION('',(1.E0,0.E0,0.E0));
#286=VECTOR('',#285,1.E0);
#287=CARTESIAN_POINT('',(4.75E-1,-3.94E0,3.305E0));
#288=LINE('',#287,#286);
#289=DIRECTION('',(0.E0,-1.E0,0.E0));
#290=VECTOR('',#289,5.1E-1);
#291=CARTESIAN_POINT('',(4.75E-1,-3.43E0,3.305E0));
#292=LINE('',#291,#290);
#293=DIRECTION('',(0.E0,0.E0,-1.E0));
#294=VECTOR('',#293,6.66E0);
#295=CARTESIAN_POINT('',(1.475E0,-3.94E0,3.305E0));
#296=LINE('',#295,#294);
#297=DIRECTION('',(0.E0,-1.E0,0.E0));
#298=VECTOR('',#297,5.1E-1);
#299=CARTESIAN_POINT('',(4.75E-1,-3.43E0,-3.355E0));
#300=LINE('',#299,#298);
#301=DIRECTION('',(1.E0,0.E0,0.E0));
#302=VECTOR('',#301,1.E0);
#303=CARTESIAN_POINT('',(4.75E-1,-3.94E0,-3.355E0));
#304=LINE('',#303,#302);
#305=DIRECTION('',(0.E0,1.E0,0.E0));
#306=VECTOR('',#305,5.1E-1);
#307=CARTESIAN_POINT('',(1.475E0,-3.94E0,-3.355E0));
#308=LINE('',#307,#306);
#309=DIRECTION('',(0.E0,0.E0,-1.E0));
#310=VECTOR('',#309,6.66E0);
#311=CARTESIAN_POINT('',(4.75E-1,-3.94E0,3.305E0));
#312=LINE('',#311,#310);
#313=DIRECTION('',(0.E0,1.E0,0.E0));
#314=VECTOR('',#313,5.1E-1);
#315=CARTESIAN_POINT('',(-4.75E-1,-3.94E0,3.305E0));
#316=LINE('',#315,#314);
#317=DIRECTION('',(1.E0,0.E0,0.E0));
#318=VECTOR('',#317,1.E0);
#319=CARTESIAN_POINT('',(-1.475E0,-3.94E0,3.305E0));
#320=LINE('',#319,#318);
#321=DIRECTION('',(0.E0,-1.E0,0.E0));
#322=VECTOR('',#321,5.1E-1);
#323=CARTESIAN_POINT('',(-1.475E0,-3.43E0,3.305E0));
#324=LINE('',#323,#322);
#325=DIRECTION('',(0.E0,0.E0,-1.E0));
#326=VECTOR('',#325,6.66E0);
#327=CARTESIAN_POINT('',(-4.75E-1,-3.94E0,3.305E0));
#328=LINE('',#327,#326);
#329=DIRECTION('',(0.E0,-1.E0,0.E0));
#330=VECTOR('',#329,5.1E-1);
#331=CARTESIAN_POINT('',(-1.475E0,-3.43E0,-3.355E0));
#332=LINE('',#331,#330);
#333=DIRECTION('',(1.E0,0.E0,0.E0));
#334=VECTOR('',#333,1.E0);
#335=CARTESIAN_POINT('',(-1.475E0,-3.94E0,-3.355E0));
#336=LINE('',#335,#334);
#337=DIRECTION('',(0.E0,1.E0,0.E0));
#338=VECTOR('',#337,5.1E-1);
#339=CARTESIAN_POINT('',(-4.75E-1,-3.94E0,-3.355E0));
#340=LINE('',#339,#338);
#341=DIRECTION('',(0.E0,0.E0,-1.E0));
#342=VECTOR('',#341,6.66E0);
#343=CARTESIAN_POINT('',(-1.475E0,-3.94E0,3.305E0));
#344=LINE('',#343,#342);
#345=CARTESIAN_POINT('',(-2.486369455316E0,-3.01E0,-2.585E0));
#346=DIRECTION('',(0.E0,0.E0,1.E0));
#347=DIRECTION('',(0.E0,-1.E0,0.E0));
#348=AXIS2_PLACEMENT_3D('',#345,#346,#347);
#350=DIRECTION('',(-1.E0,0.E0,0.E0));
#351=VECTOR('',#350,7.486305446838E-1);
#352=CARTESIAN_POINT('',(-2.486369455316E0,-3.76E0,-2.585E0));
#353=LINE('',#352,#351);
#354=DIRECTION('',(0.E0,0.E0,1.E0));
#355=VECTOR('',#354,6.4E-1);
#356=CARTESIAN_POINT('',(-2.486369455316E0,-3.76E0,-3.225E0));
#357=LINE('',#356,#355);
#358=DIRECTION('',(1.E0,0.E0,0.E0));
#359=VECTOR('',#358,7.486305446838E-1);
#360=CARTESIAN_POINT('',(-3.235E0,-3.76E0,-3.225E0));
#361=LINE('',#360,#359);
#362=DIRECTION('',(0.E0,0.E0,-1.E0));
#363=VECTOR('',#362,6.4E-1);
#364=CARTESIAN_POINT('',(-3.235E0,-3.76E0,-2.585E0));
#365=LINE('',#364,#363);
#366=DIRECTION('',(1.E0,0.E0,0.E0));
#367=VECTOR('',#366,7.486305446838E-1);
#368=CARTESIAN_POINT('',(2.486369455316E0,-3.76E0,-3.225E0));
#369=LINE('',#368,#367);
#370=DIRECTION('',(0.E0,0.E0,-1.E0));
#371=VECTOR('',#370,6.4E-1);
#372=CARTESIAN_POINT('',(2.486369455316E0,-3.76E0,-2.585E0));
#373=LINE('',#372,#371);
#374=DIRECTION('',(-1.E0,0.E0,0.E0));
#375=VECTOR('',#374,7.486305446838E-1);
#376=CARTESIAN_POINT('',(3.235E0,-3.76E0,-2.585E0));
#377=LINE('',#376,#375);
#378=DIRECTION('',(0.E0,0.E0,1.E0));
#379=VECTOR('',#378,6.4E-1);
#380=CARTESIAN_POINT('',(3.235E0,-3.76E0,-3.225E0));
#381=LINE('',#380,#379);
#382=CARTESIAN_POINT('',(-2.486369455316E0,-3.01E0,-3.225E0));
#383=DIRECTION('',(0.E0,0.E0,-1.E0));
#384=DIRECTION('',(8.284926070883E-1,-5.6E-1,0.E0));
#385=AXIS2_PLACEMENT_3D('',#382,#383,#384);
#387=DIRECTION('',(0.E0,-1.E0,0.E0));
#388=VECTOR('',#387,3.3E-1);
#389=CARTESIAN_POINT('',(-3.235E0,-3.43E0,-3.225E0));
#390=LINE('',#389,#388);
#391=DIRECTION('',(0.E0,-1.E0,0.E0));
#392=VECTOR('',#391,3.3E-1);
#393=CARTESIAN_POINT('',(-3.235E0,-3.43E0,-2.585E0));
#394=LINE('',#393,#392);
#395=CARTESIAN_POINT('',(2.486369455316E0,-3.01E0,-3.225E0));
#396=DIRECTION('',(0.E0,0.E0,-1.E0));
#397=DIRECTION('',(0.E0,-1.E0,0.E0));
#398=AXIS2_PLACEMENT_3D('',#395,#396,#397);
#400=DIRECTION('',(0.E0,-1.E0,0.E0));
#401=VECTOR('',#400,3.3E-1);
#402=CARTESIAN_POINT('',(3.235E0,-3.43E0,-3.225E0));
#403=LINE('',#402,#401);
#404=CARTESIAN_POINT('',(2.486369455316E0,-3.01E0,-2.585E0));
#405=DIRECTION('',(0.E0,0.E0,1.E0));
#406=DIRECTION('',(-8.284926070883E-1,-5.6E-1,0.E0));
#407=AXIS2_PLACEMENT_3D('',#404,#405,#406);
#409=DIRECTION('',(0.E0,-1.E0,0.E0));
#410=VECTOR('',#409,3.3E-1);
#411=CARTESIAN_POINT('',(3.235E0,-3.43E0,-2.585E0));
#412=LINE('',#411,#410);
#413=DIRECTION('',(-1.E0,0.E0,0.E0));
#414=VECTOR('',#413,4.5E-1);
#415=CARTESIAN_POINT('',(-1.925E0,-4.99E0,-7.7E-1));
#416=LINE('',#415,#414);
#417=DIRECTION('',(0.E0,1.E0,0.E0));
#418=VECTOR('',#417,1.56E0);
#419=CARTESIAN_POINT('',(-2.375E0,-4.99E0,-7.7E-1));
#420=LINE('',#419,#418);
#421=DIRECTION('',(0.E0,-1.E0,0.E0));
#422=VECTOR('',#421,1.7E0);
#423=CARTESIAN_POINT('',(-2.375E0,-3.43E0,-2.7E-1));
#424=LINE('',#423,#422);
#425=DIRECTION('',(0.E0,-8.855103594040E-1,4.646196330206E-1));
#426=VECTOR('',#425,9.147267351510E-1);
#427=CARTESIAN_POINT('',(-2.375E0,-5.13E0,-2.7E-1));
#428=LINE('',#427,#426);
#429=DIRECTION('',(0.E0,0.E0,-1.E0));
#430=VECTOR('',#429,4.E-1);
#431=CARTESIAN_POINT('',(-2.375E0,-5.94E0,1.55E-1));
#432=LINE('',#431,#430);
#433=DIRECTION('',(0.E0,7.666479665407E-1,-6.420676719778E-1));
#434=VECTOR('',#433,1.043503713458E0);
#435=CARTESIAN_POINT('',(-2.375E0,-5.94E0,-2.45E-1));
#436=LINE('',#435,#434);
#437=DIRECTION('',(0.E0,7.189883760491E-1,6.950220968475E-1));
#438=VECTOR('',#437,2.086264604502E-1);
#439=CARTESIAN_POINT('',(-2.375E0,-5.14E0,-9.15E-1));
#440=LINE('',#439,#438);
#441=DIRECTION('',(0.E0,1.E0,0.E0));
#442=VECTOR('',#441,1.7E0);
#443=CARTESIAN_POINT('',(-2.375E0,-5.13E0,9.8E-1));
#444=LINE('',#443,#442);
#445=DIRECTION('',(0.E0,-1.E0,0.E0));
#446=VECTOR('',#445,1.56E0);
#447=CARTESIAN_POINT('',(-2.375E0,-3.43E0,1.48E0));
#448=LINE('',#447,#446);
#449=DIRECTION('',(0.E0,-7.189883760491E-1,6.950220968475E-1));
#450=VECTOR('',#449,2.086264604502E-1);
#451=CARTESIAN_POINT('',(-2.375E0,-4.99E0,1.48E0));
#452=LINE('',#451,#450);
#453=DIRECTION('',(0.E0,-7.666479665407E-1,-6.420676719778E-1));
#454=VECTOR('',#453,1.043503713458E0);
#455=CARTESIAN_POINT('',(-2.375E0,-5.14E0,1.625E0));
#456=LINE('',#455,#454);
#457=DIRECTION('',(0.E0,0.E0,-1.E0));
#458=VECTOR('',#457,4.E-1);
#459=CARTESIAN_POINT('',(-2.375E0,-5.94E0,9.55E-1));
#460=LINE('',#459,#458);
#461=DIRECTION('',(0.E0,8.855103594040E-1,4.646196330206E-1));
#462=VECTOR('',#461,9.147267351510E-1);
#463=CARTESIAN_POINT('',(-2.375E0,-5.94E0,5.55E-1));
#464=LINE('',#463,#462);
#465=DIRECTION('',(0.E0,1.E0,0.E0));
#466=VECTOR('',#465,1.56E0);
#467=CARTESIAN_POINT('',(-1.925E0,-4.99E0,-7.7E-1));
#468=LINE('',#467,#466);
#469=DIRECTION('',(0.E0,7.189883760491E-1,6.950220968475E-1));
#470=VECTOR('',#469,2.086264604502E-1);
#471=CARTESIAN_POINT('',(-1.925E0,-5.14E0,-9.15E-1));
#472=LINE('',#471,#470);
#473=DIRECTION('',(0.E0,7.666479665407E-1,-6.420676719778E-1));
#474=VECTOR('',#473,1.043503713458E0);
#475=CARTESIAN_POINT('',(-1.925E0,-5.94E0,-2.45E-1));
#476=LINE('',#475,#474);
#477=DIRECTION('',(0.E0,0.E0,-1.E0));
#478=VECTOR('',#477,4.E-1);
#479=CARTESIAN_POINT('',(-1.925E0,-5.94E0,1.55E-1));
#480=LINE('',#479,#478);
#481=DIRECTION('',(0.E0,-8.855103594040E-1,4.646196330206E-1));
#482=VECTOR('',#481,9.147267351510E-1);
#483=CARTESIAN_POINT('',(-1.925E0,-5.13E0,-2.7E-1));
#484=LINE('',#483,#482);
#485=DIRECTION('',(0.E0,-1.E0,0.E0));
#486=VECTOR('',#485,1.7E0);
#487=CARTESIAN_POINT('',(-1.925E0,-3.43E0,-2.7E-1));
#488=LINE('',#487,#486);
#489=DIRECTION('',(0.E0,1.E0,0.E0));
#490=VECTOR('',#489,1.7E0);
#491=CARTESIAN_POINT('',(-1.925E0,-5.13E0,9.8E-1));
#492=LINE('',#491,#490);
#493=DIRECTION('',(0.E0,8.855103594040E-1,4.646196330206E-1));
#494=VECTOR('',#493,9.147267351510E-1);
#495=CARTESIAN_POINT('',(-1.925E0,-5.94E0,5.55E-1));
#496=LINE('',#495,#494);
#497=DIRECTION('',(0.E0,0.E0,-1.E0));
#498=VECTOR('',#497,4.E-1);
#499=CARTESIAN_POINT('',(-1.925E0,-5.94E0,9.55E-1));
#500=LINE('',#499,#498);
#501=DIRECTION('',(0.E0,-7.666479665407E-1,-6.420676719778E-1));
#502=VECTOR('',#501,1.043503713458E0);
#503=CARTESIAN_POINT('',(-1.925E0,-5.14E0,1.625E0));
#504=LINE('',#503,#502);
#505=DIRECTION('',(0.E0,-7.189883760491E-1,6.950220968475E-1));
#506=VECTOR('',#505,2.086264604502E-1);
#507=CARTESIAN_POINT('',(-1.925E0,-4.99E0,1.48E0));
#508=LINE('',#507,#506);
#509=DIRECTION('',(0.E0,-1.E0,0.E0));
#510=VECTOR('',#509,1.56E0);
#511=CARTESIAN_POINT('',(-1.925E0,-3.43E0,1.48E0));
#512=LINE('',#511,#510);
#513=DIRECTION('',(-1.E0,0.E0,0.E0));
#514=VECTOR('',#513,4.5E-1);
#515=CARTESIAN_POINT('',(-1.925E0,-5.14E0,-9.15E-1));
#516=LINE('',#515,#514);
#517=DIRECTION('',(-1.E0,0.E0,0.E0));
#518=VECTOR('',#517,4.5E-1);
#519=CARTESIAN_POINT('',(-1.925E0,-5.94E0,-2.45E-1));
#520=LINE('',#519,#518);
#521=DIRECTION('',(-1.E0,0.E0,0.E0));
#522=VECTOR('',#521,4.5E-1);
#523=CARTESIAN_POINT('',(-1.925E0,-5.94E0,1.55E-1));
#524=LINE('',#523,#522);
#525=DIRECTION('',(-1.E0,0.E0,0.E0));
#526=VECTOR('',#525,4.5E-1);
#527=CARTESIAN_POINT('',(-1.925E0,-5.13E0,-2.7E-1));
#528=LINE('',#527,#526);
#529=DIRECTION('',(-1.E0,0.E0,0.E0));
#530=VECTOR('',#529,4.5E-1);
#531=CARTESIAN_POINT('',(-1.925E0,-5.13E0,9.8E-1));
#532=LINE('',#531,#530);
#533=DIRECTION('',(-1.E0,0.E0,0.E0));
#534=VECTOR('',#533,4.5E-1);
#535=CARTESIAN_POINT('',(-1.925E0,-5.94E0,5.55E-1));
#536=LINE('',#535,#534);
#537=DIRECTION('',(-1.E0,0.E0,0.E0));
#538=VECTOR('',#537,4.5E-1);
#539=CARTESIAN_POINT('',(-1.925E0,-5.94E0,9.55E-1));
#540=LINE('',#539,#538);
#541=DIRECTION('',(-1.E0,0.E0,0.E0));
#542=VECTOR('',#541,4.5E-1);
#543=CARTESIAN_POINT('',(-1.925E0,-5.14E0,1.625E0));
#544=LINE('',#543,#542);
#545=DIRECTION('',(-1.E0,0.E0,0.E0));
#546=VECTOR('',#545,4.5E-1);
#547=CARTESIAN_POINT('',(-1.925E0,-4.99E0,1.48E0));
#548=LINE('',#547,#546);
#549=DIRECTION('',(-6.469774481951E-1,0.E0,-7.625091353728E-1));
#550=VECTOR('',#549,2.163908500838E0);
#551=CARTESIAN_POINT('',(-1.925E0,2.68E0,4.955E0));
#552=LINE('',#551,#550);
#553=DIRECTION('',(-6.469774481951E-1,0.E0,-7.625091353728E-1));
#554=VECTOR('',#553,2.163908500838E0);
#555=CARTESIAN_POINT('',(-1.925E0,-2.41E0,4.955E0));
#556=LINE('',#555,#554);
#557=DIRECTION('',(-1.E0,0.E0,0.E0));
#558=VECTOR('',#557,1.4E0);
#559=CARTESIAN_POINT('',(3.325E0,2.68E0,3.305E0));
#560=LINE('',#559,#558);
#561=DIRECTION('',(0.E0,0.E0,1.E0));
#562=VECTOR('',#561,1.65E0);
#563=CARTESIAN_POINT('',(1.925E0,2.68E0,3.305E0));
#564=LINE('',#563,#562);
#565=DIRECTION('',(0.E0,0.E0,-1.E0));
#566=VECTOR('',#565,1.65E0);
#567=CARTESIAN_POINT('',(-1.925E0,2.68E0,4.955E0));
#568=LINE('',#567,#566);
#569=DIRECTION('',(-1.E0,0.E0,0.E0));
#570=VECTOR('',#569,1.4E0);
#571=CARTESIAN_POINT('',(-1.925E0,2.68E0,3.305E0));
#572=LINE('',#571,#570);
#573=DIRECTION('',(-6.469774481951E-1,0.E0,7.625091353728E-1));
#574=VECTOR('',#573,2.163908500838E0);
#575=CARTESIAN_POINT('',(3.325E0,2.68E0,3.305E0));
#576=LINE('',#575,#574);
#577=DIRECTION('',(-6.469774481951E-1,0.E0,7.625091353728E-1));
#578=VECTOR('',#577,2.163908500838E0);
#579=CARTESIAN_POINT('',(3.325E0,-2.41E0,3.305E0));
#580=LINE('',#579,#578);
#581=DIRECTION('',(0.E0,1.E0,0.E0));
#582=VECTOR('',#581,5.09E0);
#583=CARTESIAN_POINT('',(1.925E0,-2.41E0,4.955E0));
#584=LINE('',#583,#582);
#585=DIRECTION('',(0.E0,-1.E0,0.E0));
#586=VECTOR('',#585,1.02E0);
#587=CARTESIAN_POINT('',(1.925E0,-2.41E0,4.955E0));
#588=LINE('',#587,#586);
#589=DIRECTION('',(0.E0,-1.E0,0.E0));
#590=VECTOR('',#589,1.02E0);
#591=CARTESIAN_POINT('',(-1.925E0,-2.41E0,4.955E0));
#592=LINE('',#591,#590);
#593=DIRECTION('',(0.E0,1.E0,0.E0));
#594=VECTOR('',#593,5.09E0);
#595=CARTESIAN_POINT('',(-1.925E0,-2.41E0,4.955E0));
#596=LINE('',#595,#594);
#597=DIRECTION('',(0.E0,-1.E0,0.E0));
#598=VECTOR('',#597,7.5E-1);
#599=CARTESIAN_POINT('',(-1.925E0,3.43E0,4.955E0));
#600=LINE('',#599,#598);
#601=DIRECTION('',(1.E0,0.E0,0.E0));
#602=VECTOR('',#601,3.85E0);
#603=CARTESIAN_POINT('',(-1.925E0,3.43E0,4.955E0));
#604=LINE('',#603,#602);
#605=DIRECTION('',(0.E0,-1.E0,0.E0));
#606=VECTOR('',#605,7.5E-1);
#607=CARTESIAN_POINT('',(1.925E0,3.43E0,4.955E0));
#608=LINE('',#607,#606);
#609=DIRECTION('',(0.E0,-1.E0,0.E0));
#610=VECTOR('',#609,2.54E0);
#611=CARTESIAN_POINT('',(-1.27E0,2.77E0,4.955E0));
#612=LINE('',#611,#610);
#613=DIRECTION('',(1.E0,0.E0,0.E0));
#614=VECTOR('',#613,2.54E0);
#615=CARTESIAN_POINT('',(-1.27E0,2.3E-1,4.955E0));
#616=LINE('',#615,#614);
#617=DIRECTION('',(0.E0,1.E0,0.E0));
#618=VECTOR('',#617,2.54E0);
#619=CARTESIAN_POINT('',(1.27E0,2.3E-1,4.955E0));
#620=LINE('',#619,#618);
#621=DIRECTION('',(-1.E0,0.E0,0.E0));
#622=VECTOR('',#621,2.54E0);
#623=CARTESIAN_POINT('',(1.27E0,2.77E0,4.955E0));
#624=LINE('',#623,#622);
#625=DIRECTION('',(-1.E0,0.E0,0.E0));
#626=VECTOR('',#625,2.54E0);
#627=CARTESIAN_POINT('',(1.27E0,-2.3E-1,4.955E0));
#628=LINE('',#627,#626);
#629=DIRECTION('',(0.E0,-1.E0,0.E0));
#630=VECTOR('',#629,1.84E0);
#631=CARTESIAN_POINT('',(-1.27E0,-2.3E-1,4.955E0));
#632=LINE('',#631,#630);
#633=DIRECTION('',(7.071067811865E-1,-7.071067811865E-1,0.E0));
#634=VECTOR('',#633,9.899494936612E-1);
#635=CARTESIAN_POINT('',(-1.27E0,-2.07E0,4.955E0));
#636=LINE('',#635,#634);
#637=DIRECTION('',(1.E0,0.E0,0.E0));
#638=VECTOR('',#637,1.84E0);
#639=CARTESIAN_POINT('',(-5.7E-1,-2.77E0,4.955E0));
#640=LINE('',#639,#638);
#641=DIRECTION('',(0.E0,1.E0,0.E0));
#642=VECTOR('',#641,2.54E0);
#643=CARTESIAN_POINT('',(1.27E0,-2.77E0,4.955E0));
#644=LINE('',#643,#642);
#645=DIRECTION('',(0.E0,0.E0,-1.E0));
#646=VECTOR('',#645,2.75E0);
#647=CARTESIAN_POINT('',(1.925E0,5.75E-1,-1.95E-1));
#648=LINE('',#647,#646);
#649=DIRECTION('',(0.E0,1.E0,0.E0));
#650=VECTOR('',#649,5.25E-1);
#651=CARTESIAN_POINT('',(1.925E0,-1.1E0,-1.95E-1));
#652=LINE('',#651,#650);
#653=DIRECTION('',(0.E0,0.E0,-1.E0));
#654=VECTOR('',#653,3.5E0);
#655=CARTESIAN_POINT('',(1.925E0,-1.1E0,3.305E0));
#656=LINE('',#655,#654);
#657=DIRECTION('',(0.E0,-1.E0,0.E0));
#658=VECTOR('',#657,1.31E0);
#659=CARTESIAN_POINT('',(1.925E0,-1.1E0,3.305E0));
#660=LINE('',#659,#658);
#661=DIRECTION('',(0.E0,-1.E0,0.E0));
#662=VECTOR('',#661,1.58E0);
#663=CARTESIAN_POINT('',(1.925E0,2.68E0,3.305E0));
#664=LINE('',#663,#662);
#665=DIRECTION('',(0.E0,0.E0,1.E0));
#666=VECTOR('',#665,3.5E0);
#667=CARTESIAN_POINT('',(1.925E0,1.1E0,-1.95E-1));
#668=LINE('',#667,#666);
#669=DIRECTION('',(0.E0,1.E0,0.E0));
#670=VECTOR('',#669,5.25E-1);
#671=CARTESIAN_POINT('',(1.925E0,5.75E-1,-1.95E-1));
#672=LINE('',#671,#670);
#673=DIRECTION('',(-1.E0,0.E0,0.E0));
#674=VECTOR('',#673,1.25E0);
#675=CARTESIAN_POINT('',(3.575E0,5.75E-1,-2.695E0));
#676=LINE('',#675,#674);
#677=DIRECTION('',(0.E0,0.E0,-1.E0));
#678=VECTOR('',#677,2.5E-1);
#679=CARTESIAN_POINT('',(2.325E0,5.75E-1,-2.695E0));
#680=LINE('',#679,#678);
#681=DIRECTION('',(0.E0,1.E0,0.E0));
#682=VECTOR('',#681,1.75E-1);
#683=CARTESIAN_POINT('',(2.325E0,-5.75E-1,-2.695E0));
#684=LINE('',#683,#682);
#685=DIRECTION('',(1.E0,0.E0,0.E0));
#686=VECTOR('',#685,3.E-1);
#687=CARTESIAN_POINT('',(2.325E0,-4.E-1,-2.695E0));
#688=LINE('',#687,#686);
#689=DIRECTION('',(0.E0,1.E0,0.E0));
#690=VECTOR('',#689,8.E-1);
#691=CARTESIAN_POINT('',(2.625E0,-4.E-1,-2.695E0));
#692=LINE('',#691,#690);
#693=DIRECTION('',(-1.E0,0.E0,0.E0));
#694=VECTOR('',#693,3.E-1);
#695=CARTESIAN_POINT('',(2.625E0,4.E-1,-2.695E0));
#696=LINE('',#695,#694);
#697=DIRECTION('',(0.E0,-1.E0,0.E0));
#698=VECTOR('',#697,1.75E-1);
#699=CARTESIAN_POINT('',(2.325E0,5.75E-1,-2.695E0));
#700=LINE('',#699,#698);
#701=DIRECTION('',(-1.E0,0.E0,0.E0));
#702=VECTOR('',#701,1.25E0);
#703=CARTESIAN_POINT('',(3.575E0,-5.75E-1,-2.695E0));
#704=LINE('',#703,#702);
#705=DIRECTION('',(0.E0,0.E0,-1.E0));
#706=VECTOR('',#705,2.5E-1);
#707=CARTESIAN_POINT('',(2.325E0,-5.75E-1,-2.695E0));
#708=LINE('',#707,#706);
#709=DIRECTION('',(0.E0,0.E0,-1.E0));
#710=VECTOR('',#709,2.75E0);
#711=CARTESIAN_POINT('',(1.925E0,-5.75E-1,-1.95E-1));
#712=LINE('',#711,#710);
#713=DIRECTION('',(-1.E0,0.E0,0.E0));
#714=VECTOR('',#713,1.65E0);
#715=CARTESIAN_POINT('',(3.575E0,-5.75E-1,-1.95E-1));
#716=LINE('',#715,#714);
#717=DIRECTION('',(-1.E0,0.E0,0.E0));
#718=VECTOR('',#717,4.E-1);
#719=CARTESIAN_POINT('',(2.325E0,5.75E-1,-2.945E0));
#720=LINE('',#719,#718);
#721=DIRECTION('',(0.E0,1.E0,0.E0));
#722=VECTOR('',#721,1.75E-1);
#723=CARTESIAN_POINT('',(2.325E0,4.E-1,-2.945E0));
#724=LINE('',#723,#722);
#725=DIRECTION('',(-1.E0,0.E0,0.E0));
#726=VECTOR('',#725,3.E-1);
#727=CARTESIAN_POINT('',(2.625E0,4.E-1,-2.945E0));
#728=LINE('',#727,#726);
#729=DIRECTION('',(0.E0,1.E0,0.E0));
#730=VECTOR('',#729,8.E-1);
#731=CARTESIAN_POINT('',(2.625E0,-4.E-1,-2.945E0));
#732=LINE('',#731,#730);
#733=DIRECTION('',(1.E0,0.E0,0.E0));
#734=VECTOR('',#733,3.E-1);
#735=CARTESIAN_POINT('',(2.325E0,-4.E-1,-2.945E0));
#736=LINE('',#735,#734);
#737=DIRECTION('',(0.E0,1.E0,0.E0));
#738=VECTOR('',#737,1.75E-1);
#739=CARTESIAN_POINT('',(2.325E0,-5.75E-1,-2.945E0));
#740=LINE('',#739,#738);
#741=DIRECTION('',(1.E0,0.E0,0.E0));
#742=VECTOR('',#741,4.E-1);
#743=CARTESIAN_POINT('',(1.925E0,-5.75E-1,-2.945E0));
#744=LINE('',#743,#742);
#745=DIRECTION('',(0.E0,-1.E0,0.E0));
#746=VECTOR('',#745,1.15E0);
#747=CARTESIAN_POINT('',(1.925E0,5.75E-1,-2.945E0));
#748=LINE('',#747,#746);
#749=DIRECTION('',(0.E0,-1.E0,0.E0));
#750=VECTOR('',#749,1.75E-1);
#751=CARTESIAN_POINT('',(-2.325E0,5.75E-1,-2.945E0));
#752=LINE('',#751,#750);
#753=DIRECTION('',(-1.E0,0.E0,0.E0));
#754=VECTOR('',#753,4.E-1);
#755=CARTESIAN_POINT('',(-1.925E0,5.75E-1,-2.945E0));
#756=LINE('',#755,#754);
#757=DIRECTION('',(0.E0,1.E0,0.E0));
#758=VECTOR('',#757,1.15E0);
#759=CARTESIAN_POINT('',(-1.925E0,-5.75E-1,-2.945E0));
#760=LINE('',#759,#758);
#761=DIRECTION('',(1.E0,0.E0,0.E0));
#762=VECTOR('',#761,4.E-1);
#763=CARTESIAN_POINT('',(-2.325E0,-5.75E-1,-2.945E0));
#764=LINE('',#763,#762);
#765=DIRECTION('',(0.E0,-1.E0,0.E0));
#766=VECTOR('',#765,1.75E-1);
#767=CARTESIAN_POINT('',(-2.325E0,-4.E-1,-2.945E0));
#768=LINE('',#767,#766);
#769=DIRECTION('',(1.E0,0.E0,0.E0));
#770=VECTOR('',#769,3.E-1);
#771=CARTESIAN_POINT('',(-2.625E0,-4.E-1,-2.945E0));
#772=LINE('',#771,#770);
#773=DIRECTION('',(0.E0,-1.E0,0.E0));
#774=VECTOR('',#773,8.E-1);
#775=CARTESIAN_POINT('',(-2.625E0,4.E-1,-2.945E0));
#776=LINE('',#775,#774);
#777=DIRECTION('',(-1.E0,0.E0,0.E0));
#778=VECTOR('',#777,3.E-1);
#779=CARTESIAN_POINT('',(-2.325E0,4.E-1,-2.945E0));
#780=LINE('',#779,#778);
#781=DIRECTION('',(0.E0,0.E0,-1.E0));
#782=VECTOR('',#781,2.5E-1);
#783=CARTESIAN_POINT('',(2.325E0,4.E-1,-2.695E0));
#784=LINE('',#783,#782);
#785=DIRECTION('',(0.E0,0.E0,-1.E0));
#786=VECTOR('',#785,2.5E-1);
#787=CARTESIAN_POINT('',(2.625E0,4.E-1,-2.695E0));
#788=LINE('',#787,#786);
#789=DIRECTION('',(0.E0,0.E0,-1.E0));
#790=VECTOR('',#789,2.5E-1);
#791=CARTESIAN_POINT('',(2.625E0,-4.E-1,-2.695E0));
#792=LINE('',#791,#790);
#793=DIRECTION('',(0.E0,0.E0,-1.E0));
#794=VECTOR('',#793,2.5E-1);
#795=CARTESIAN_POINT('',(2.325E0,-4.E-1,-2.695E0));
#796=LINE('',#795,#794);
#797=DIRECTION('',(0.E0,0.E0,-1.E0));
#798=VECTOR('',#797,2.5E-1);
#799=CARTESIAN_POINT('',(-2.325E0,5.75E-1,-2.695E0));
#800=LINE('',#799,#798);
#801=DIRECTION('',(0.E0,-1.E0,0.E0));
#802=VECTOR('',#801,1.75E-1);
#803=CARTESIAN_POINT('',(-2.325E0,5.75E-1,-2.695E0));
#804=LINE('',#803,#802);
#805=DIRECTION('',(-1.E0,0.E0,0.E0));
#806=VECTOR('',#805,3.E-1);
#807=CARTESIAN_POINT('',(-2.325E0,4.E-1,-2.695E0));
#808=LINE('',#807,#806);
#809=DIRECTION('',(0.E0,-1.E0,0.E0));
#810=VECTOR('',#809,8.E-1);
#811=CARTESIAN_POINT('',(-2.625E0,4.E-1,-2.695E0));
#812=LINE('',#811,#810);
#813=DIRECTION('',(1.E0,0.E0,0.E0));
#814=VECTOR('',#813,3.E-1);
#815=CARTESIAN_POINT('',(-2.625E0,-4.E-1,-2.695E0));
#816=LINE('',#815,#814);
#817=DIRECTION('',(0.E0,1.E0,0.E0));
#818=VECTOR('',#817,1.75E-1);
#819=CARTESIAN_POINT('',(-2.325E0,-5.75E-1,-2.695E0));
#820=LINE('',#819,#818);
#821=DIRECTION('',(1.E0,0.E0,0.E0));
#822=VECTOR('',#821,1.3E0);
#823=CARTESIAN_POINT('',(-3.625E0,-5.75E-1,-2.695E0));
#824=LINE('',#823,#822);
#825=DIRECTION('',(0.E0,0.E0,-1.E0));
#826=VECTOR('',#825,2.5E-1);
#827=CARTESIAN_POINT('',(-2.325E0,4.E-1,-2.695E0));
#828=LINE('',#827,#826);
#829=DIRECTION('',(0.E0,0.E0,-1.E0));
#830=VECTOR('',#829,2.5E-1);
#831=CARTESIAN_POINT('',(-2.625E0,4.E-1,-2.695E0));
#832=LINE('',#831,#830);
#833=DIRECTION('',(0.E0,0.E0,-1.E0));
#834=VECTOR('',#833,2.5E-1);
#835=CARTESIAN_POINT('',(-2.625E0,-4.E-1,-2.695E0));
#836=LINE('',#835,#834);
#837=DIRECTION('',(0.E0,0.E0,-1.E0));
#838=VECTOR('',#837,2.5E-1);
#839=CARTESIAN_POINT('',(-2.325E0,-4.E-1,-2.695E0));
#840=LINE('',#839,#838);
#841=DIRECTION('',(0.E0,0.E0,-1.E0));
#842=VECTOR('',#841,2.5E-1);
#843=CARTESIAN_POINT('',(-2.325E0,-5.75E-1,-2.695E0));
#844=LINE('',#843,#842);
#845=DIRECTION('',(1.E0,0.E0,0.E0));
#846=VECTOR('',#845,1.7E0);
#847=CARTESIAN_POINT('',(-3.625E0,-5.75E-1,-1.95E-1));
#848=LINE('',#847,#846);
#849=DIRECTION('',(0.E0,0.E0,-1.E0));
#850=VECTOR('',#849,2.75E0);
#851=CARTESIAN_POINT('',(-1.925E0,-5.75E-1,-1.95E-1));
#852=LINE('',#851,#850);
#853=DIRECTION('',(0.E0,1.E0,0.E0));
#854=VECTOR('',#853,5.25E-1);
#855=CARTESIAN_POINT('',(-1.925E0,5.75E-1,-1.95E-1));
#856=LINE('',#855,#854);
#857=DIRECTION('',(0.E0,0.E0,1.E0));
#858=VECTOR('',#857,3.5E0);
#859=CARTESIAN_POINT('',(-1.925E0,1.1E0,-1.95E-1));
#860=LINE('',#859,#858);
#861=DIRECTION('',(0.E0,0.E0,-1.E0));
#862=VECTOR('',#861,3.5E0);
#863=CARTESIAN_POINT('',(-1.925E0,-1.1E0,3.305E0));
#864=LINE('',#863,#862);
#865=DIRECTION('',(0.E0,1.E0,0.E0));
#866=VECTOR('',#865,5.25E-1);
#867=CARTESIAN_POINT('',(-1.925E0,-1.1E0,-1.95E-1));
#868=LINE('',#867,#866);
#869=DIRECTION('',(0.E0,0.E0,-1.E0));
#870=VECTOR('',#869,2.75E0);
#871=CARTESIAN_POINT('',(-1.925E0,5.75E-1,-1.95E-1));
#872=LINE('',#871,#870);
#873=DIRECTION('',(1.E0,0.E0,0.E0));
#874=VECTOR('',#873,1.3E0);
#875=CARTESIAN_POINT('',(-3.625E0,5.75E-1,-2.695E0));
#876=LINE('',#875,#874);
#877=DIRECTION('',(0.E0,0.E0,-1.E0));
#878=VECTOR('',#877,1.98E0);
#879=CARTESIAN_POINT('',(-3.625E0,-1.1E0,1.785E0));
#880=LINE('',#879,#878);
#881=DIRECTION('',(0.E0,1.E0,0.E0));
#882=VECTOR('',#881,1.672105263158E0);
#883=CARTESIAN_POINT('',(-3.625E0,-2.772105263158E0,1.785E0));
#884=LINE('',#883,#882);
#885=DIRECTION('',(0.E0,0.E0,-1.E0));
#886=VECTOR('',#885,5.14E0);
#887=CARTESIAN_POINT('',(-3.625E0,-2.772105263158E0,1.785E0));
#888=LINE('',#887,#886);
#889=DIRECTION('',(0.E0,1.E0,0.E0));
#890=VECTOR('',#889,1.167894736842E0);
#891=CARTESIAN_POINT('',(-3.625E0,-3.94E0,-3.355E0));
#892=LINE('',#891,#890);
#893=DIRECTION('',(0.E0,0.E0,1.E0));
#894=VECTOR('',#893,1.6E0);
#895=CARTESIAN_POINT('',(-3.625E0,-3.94E0,-4.955E0));
#896=LINE('',#895,#894);
#897=DIRECTION('',(0.E0,-1.E0,0.E0));
#898=VECTOR('',#897,1.16E0);
#899=CARTESIAN_POINT('',(-3.625E0,-2.78E0,-4.955E0));
#900=LINE('',#899,#898);
#901=DIRECTION('',(0.E0,0.E0,-1.E0));
#902=VECTOR('',#901,6.7E-1);
#903=CARTESIAN_POINT('',(-3.625E0,-2.78E0,-4.285E0));
#904=LINE('',#903,#902);
#905=DIRECTION('',(0.E0,-1.E0,0.E0));
#906=VECTOR('',#905,4.38E0);
#907=CARTESIAN_POINT('',(-3.625E0,1.6E0,-4.285E0));
#908=LINE('',#907,#906);
#909=DIRECTION('',(0.E0,0.E0,1.E0));
#910=VECTOR('',#909,6.7E-1);
#911=CARTESIAN_POINT('',(-3.625E0,1.6E0,-4.955E0));
#912=LINE('',#911,#910);
#913=DIRECTION('',(0.E0,-1.E0,0.E0));
#914=VECTOR('',#913,1.83E0);
#915=CARTESIAN_POINT('',(-3.625E0,3.43E0,-4.955E0));
#916=LINE('',#915,#914);
#917=DIRECTION('',(0.E0,0.E0,-1.E0));
#918=VECTOR('',#917,6.74E0);
#919=CARTESIAN_POINT('',(-3.625E0,3.43E0,1.785E0));
#920=LINE('',#919,#918);
#921=DIRECTION('',(0.E0,1.E0,0.E0));
#922=VECTOR('',#921,2.33E0);
#923=CARTESIAN_POINT('',(-3.625E0,1.1E0,1.785E0));
#924=LINE('',#923,#922);
#925=DIRECTION('',(0.E0,0.E0,-1.E0));
#926=VECTOR('',#925,1.98E0);
#927=CARTESIAN_POINT('',(-3.625E0,1.1E0,1.785E0));
#928=LINE('',#927,#926);
#929=DIRECTION('',(0.E0,1.E0,0.E0));
#930=VECTOR('',#929,5.25E-1);
#931=CARTESIAN_POINT('',(-3.625E0,5.75E-1,-1.95E-1));
#932=LINE('',#931,#930);
#933=DIRECTION('',(0.E0,0.E0,1.E0));
#934=VECTOR('',#933,2.5E0);
#935=CARTESIAN_POINT('',(-3.625E0,5.75E-1,-2.695E0));
#936=LINE('',#935,#934);
#937=DIRECTION('',(0.E0,1.E0,0.E0));
#938=VECTOR('',#937,1.15E0);
#939=CARTESIAN_POINT('',(-3.625E0,-5.75E-1,-2.695E0));
#940=LINE('',#939,#938);
#941=DIRECTION('',(0.E0,0.E0,-1.E0));
#942=VECTOR('',#941,2.5E0);
#943=CARTESIAN_POINT('',(-3.625E0,-5.75E-1,-1.95E-1));
#944=LINE('',#943,#942);
#945=DIRECTION('',(0.E0,1.E0,0.E0));
#946=VECTOR('',#945,5.25E-1);
#947=CARTESIAN_POINT('',(-3.625E0,-1.1E0,-1.95E-1));
#948=LINE('',#947,#946);
#949=DIRECTION('',(0.E0,1.E0,0.E0));
#950=VECTOR('',#949,5.1E-1);
#951=CARTESIAN_POINT('',(2.375E0,-3.94E0,-3.355E0));
#952=LINE('',#951,#950);
#953=DIRECTION('',(-8.849182223820E-1,-4.657464328326E-1,0.E0));
#954=VECTOR('',#953,1.356057508647E0);
#955=CARTESIAN_POINT('',(3.575E0,-2.798421052632E0,-3.355E0));
#956=LINE('',#955,#954);
#957=DIRECTION('',(-1.E0,0.E0,0.E0));
#958=VECTOR('',#957,1.2E0);
#959=CARTESIAN_POINT('',(3.575E0,-3.94E0,-3.355E0));
#960=LINE('',#959,#958);
#961=DIRECTION('',(0.E0,1.E0,0.E0));
#962=VECTOR('',#961,5.1E-1);
#963=CARTESIAN_POINT('',(-2.375E0,-3.94E0,-3.355E0));
#964=LINE('',#963,#962);
#965=DIRECTION('',(-1.E0,0.E0,0.E0));
#966=VECTOR('',#965,1.25E0);
#967=CARTESIAN_POINT('',(-2.375E0,-3.94E0,-3.355E0));
#968=LINE('',#967,#966);
#969=DIRECTION('',(-8.849182223820E-1,4.657464328326E-1,0.E0));
#970=VECTOR('',#969,1.412559904841E0);
#971=CARTESIAN_POINT('',(-2.375E0,-3.43E0,-3.355E0));
#972=LINE('',#971,#970);
#973=DIRECTION('',(0.E0,0.E0,-1.E0));
#974=VECTOR('',#973,1.6E0);
#975=CARTESIAN_POINT('',(2.375E0,-3.94E0,-3.355E0));
#976=LINE('',#975,#974);
#977=DIRECTION('',(0.E0,0.E0,-1.E0));
#978=VECTOR('',#977,1.6E0);
#979=CARTESIAN_POINT('',(-2.375E0,-3.94E0,-3.355E0));
#980=LINE('',#979,#978);
#981=DIRECTION('',(0.E0,0.E0,-1.E0));
#982=VECTOR('',#981,1.98E0);
#983=CARTESIAN_POINT('',(3.575E0,-1.1E0,1.785E0));
#984=LINE('',#983,#982);
#985=DIRECTION('',(0.E0,1.E0,0.E0));
#986=VECTOR('',#985,5.25E-1);
#987=CARTESIAN_POINT('',(3.575E0,-1.1E0,-1.95E-1));
#988=LINE('',#987,#986);
#989=DIRECTION('',(0.E0,0.E0,-1.E0));
#990=VECTOR('',#989,2.5E0);
#991=CARTESIAN_POINT('',(3.575E0,-5.75E-1,-1.95E-1));
#992=LINE('',#991,#990);
#993=DIRECTION('',(0.E0,1.E0,0.E0));
#994=VECTOR('',#993,1.15E0);
#995=CARTESIAN_POINT('',(3.575E0,-5.75E-1,-2.695E0));
#996=LINE('',#995,#994);
#997=DIRECTION('',(0.E0,0.E0,1.E0));
#998=VECTOR('',#997,2.5E0);
#999=CARTESIAN_POINT('',(3.575E0,5.75E-1,-2.695E0));
#1000=LINE('',#999,#998);
#1001=DIRECTION('',(0.E0,1.E0,0.E0));
#1002=VECTOR('',#1001,5.25E-1);
#1003=CARTESIAN_POINT('',(3.575E0,5.75E-1,-1.95E-1));
#1004=LINE('',#1003,#1002);
#1005=DIRECTION('',(0.E0,0.E0,-1.E0));
#1006=VECTOR('',#1005,1.98E0);
#1007=CARTESIAN_POINT('',(3.575E0,1.1E0,1.785E0));
#1008=LINE('',#1007,#1006);
#1009=DIRECTION('',(0.E0,-1.E0,0.E0));
#1010=VECTOR('',#1009,2.33E0);
#1011=CARTESIAN_POINT('',(3.575E0,3.43E0,1.785E0));
#1012=LINE('',#1011,#1010);
#1013=DIRECTION('',(0.E0,0.E0,1.E0));
#1014=VECTOR('',#1013,6.74E0);
#1015=CARTESIAN_POINT('',(3.575E0,3.43E0,-4.955E0));
#1016=LINE('',#1015,#1014);
#1017=DIRECTION('',(0.E0,1.E0,0.E0));
#1018=VECTOR('',#1017,1.83E0);
#1019=CARTESIAN_POINT('',(3.575E0,1.6E0,-4.955E0));
#1020=LINE('',#1019,#1018);
#1021=DIRECTION('',(0.E0,0.E0,-1.E0));
#1022=VECTOR('',#1021,6.7E-1);
#1023=CARTESIAN_POINT('',(3.575E0,1.6E0,-4.285E0));
#1024=LINE('',#1023,#1022);
#1025=DIRECTION('',(0.E0,1.E0,0.E0));
#1026=VECTOR('',#1025,6.E-1);
#1027=CARTESIAN_POINT('',(3.575E0,1.E0,-4.285E0));
#1028=LINE('',#1027,#1026);
#1029=DIRECTION('',(0.E0,0.E0,1.E0));
#1030=VECTOR('',#1029,6.E-1);
#1031=CARTESIAN_POINT('',(3.575E0,1.E0,-4.285E0));
#1032=LINE('',#1031,#1030);
#1033=DIRECTION('',(0.E0,-1.E0,0.E0));
#1034=VECTOR('',#1033,2.E0);
#1035=CARTESIAN_POINT('',(3.575E0,1.E0,-3.685E0));
#1036=LINE('',#1035,#1034);
#1037=DIRECTION('',(0.E0,0.E0,-1.E0));
#1038=VECTOR('',#1037,6.E-1);
#1039=CARTESIAN_POINT('',(3.575E0,-1.E0,-3.685E0));
#1040=LINE('',#1039,#1038);
#1041=DIRECTION('',(0.E0,1.E0,0.E0));
#1042=VECTOR('',#1041,1.78E0);
#1043=CARTESIAN_POINT('',(3.575E0,-2.78E0,-4.285E0));
#1044=LINE('',#1043,#1042);
#1045=DIRECTION('',(0.E0,0.E0,1.E0));
#1046=VECTOR('',#1045,6.7E-1);
#1047=CARTESIAN_POINT('',(3.575E0,-2.78E0,-4.955E0));
#1048=LINE('',#1047,#1046);
#1049=DIRECTION('',(0.E0,1.E0,0.E0));
#1050=VECTOR('',#1049,1.16E0);
#1051=CARTESIAN_POINT('',(3.575E0,-3.94E0,-4.955E0));
#1052=LINE('',#1051,#1050);
#1053=DIRECTION('',(0.E0,0.E0,-1.E0));
#1054=VECTOR('',#1053,1.6E0);
#1055=CARTESIAN_POINT('',(3.575E0,-3.94E0,-3.355E0));
#1056=LINE('',#1055,#1054);
#1057=DIRECTION('',(0.E0,1.E0,0.E0));
#1058=VECTOR('',#1057,1.141578947368E0);
#1059=CARTESIAN_POINT('',(3.575E0,-3.94E0,-3.355E0));
#1060=LINE('',#1059,#1058);
#1061=DIRECTION('',(0.E0,0.E0,-1.E0));
#1062=VECTOR('',#1061,5.14E0);
#1063=CARTESIAN_POINT('',(3.575E0,-2.798421052632E0,1.785E0));
#1064=LINE('',#1063,#1062);
#1065=DIRECTION('',(0.E0,-1.E0,0.E0));
#1066=VECTOR('',#1065,1.698421052632E0);
#1067=CARTESIAN_POINT('',(3.575E0,-1.1E0,1.785E0));
#1068=LINE('',#1067,#1066);
#1069=DIRECTION('',(0.E0,0.E0,-1.E0));
#1070=VECTOR('',#1069,1.52E0);
#1071=CARTESIAN_POINT('',(3.325E0,-1.1E0,3.305E0));
#1072=LINE('',#1071,#1070);
#1073=DIRECTION('',(0.E0,1.E0,0.E0));
#1074=VECTOR('',#1073,1.83E0);
#1075=CARTESIAN_POINT('',(3.325E0,-2.93E0,1.785E0));
#1076=LINE('',#1075,#1074);
#1077=DIRECTION('',(0.E0,0.E0,-1.E0));
#1078=VECTOR('',#1077,1.52E0);
#1079=CARTESIAN_POINT('',(3.325E0,-2.93E0,3.305E0));
#1080=LINE('',#1079,#1078);
#1081=DIRECTION('',(0.E0,-1.E0,0.E0));
#1082=VECTOR('',#1081,5.2E-1);
#1083=CARTESIAN_POINT('',(3.325E0,-2.41E0,3.305E0));
#1084=LINE('',#1083,#1082);
#1085=DIRECTION('',(0.E0,1.E0,0.E0));
#1086=VECTOR('',#1085,1.31E0);
#1087=CARTESIAN_POINT('',(3.325E0,-2.41E0,3.305E0));
#1088=LINE('',#1087,#1086);
#1089=DIRECTION('',(0.E0,0.E0,-1.E0));
#1090=VECTOR('',#1089,1.52E0);
#1091=CARTESIAN_POINT('',(3.325E0,1.1E0,3.305E0));
#1092=LINE('',#1091,#1090);
#1093=DIRECTION('',(0.E0,1.E0,0.E0));
#1094=VECTOR('',#1093,1.58E0);
#1095=CARTESIAN_POINT('',(3.325E0,1.1E0,3.305E0));
#1096=LINE('',#1095,#1094);
#1097=DIRECTION('',(0.E0,-1.E0,0.E0));
#1098=VECTOR('',#1097,7.5E-1);
#1099=CARTESIAN_POINT('',(3.325E0,3.43E0,3.305E0));
#1100=LINE('',#1099,#1098);
#1101=DIRECTION('',(0.E0,0.E0,1.E0));
#1102=VECTOR('',#1101,1.52E0);
#1103=CARTESIAN_POINT('',(3.325E0,3.43E0,1.785E0));
#1104=LINE('',#1103,#1102);
#1105=DIRECTION('',(0.E0,1.E0,0.E0));
#1106=VECTOR('',#1105,2.33E0);
#1107=CARTESIAN_POINT('',(3.325E0,1.1E0,1.785E0));
#1108=LINE('',#1107,#1106);
#1109=DIRECTION('',(1.E0,0.E0,0.E0));
#1110=VECTOR('',#1109,2.5E-1);
#1111=CARTESIAN_POINT('',(3.325E0,-1.1E0,1.785E0));
#1112=LINE('',#1111,#1110);
#1113=DIRECTION('',(8.849182223820E-1,4.657464328326E-1,0.E0));
#1114=VECTOR('',#1113,2.825119809682E-1);
#1115=CARTESIAN_POINT('',(3.325E0,-2.93E0,1.785E0));
#1116=LINE('',#1115,#1114);
#1117=DIRECTION('',(1.E0,0.E0,0.E0));
#1118=VECTOR('',#1117,2.5E-1);
#1119=CARTESIAN_POINT('',(3.325E0,1.1E0,1.785E0));
#1120=LINE('',#1119,#1118);
#1121=DIRECTION('',(1.E0,0.E0,0.E0));
#1122=VECTOR('',#1121,2.5E-1);
#1123=CARTESIAN_POINT('',(3.325E0,3.43E0,1.785E0));
#1124=LINE('',#1123,#1122);
#1125=DIRECTION('',(-1.E0,0.E0,0.E0));
#1126=VECTOR('',#1125,1.65E0);
#1127=CARTESIAN_POINT('',(3.575E0,1.1E0,-1.95E-1));
#1128=LINE('',#1127,#1126);
#1129=DIRECTION('',(-1.E0,0.E0,0.E0));
#1130=VECTOR('',#1129,1.65E0);
#1131=CARTESIAN_POINT('',(3.575E0,5.75E-1,-1.95E-1));
#1132=LINE('',#1131,#1130);
#1133=DIRECTION('',(-1.E0,0.E0,0.E0));
#1134=VECTOR('',#1133,1.4E0);
#1135=CARTESIAN_POINT('',(3.325E0,-1.1E0,3.305E0));
#1136=LINE('',#1135,#1134);
#1137=DIRECTION('',(-1.E0,0.E0,0.E0));
#1138=VECTOR('',#1137,1.4E0);
#1139=CARTESIAN_POINT('',(3.325E0,1.1E0,3.305E0));
#1140=LINE('',#1139,#1138);
#1141=DIRECTION('',(0.E0,0.E0,1.E0));
#1142=VECTOR('',#1141,1.65E0);
#1143=CARTESIAN_POINT('',(1.925E0,-2.41E0,3.305E0));
#1144=LINE('',#1143,#1142);
#1145=DIRECTION('',(-1.E0,0.E0,0.E0));
#1146=VECTOR('',#1145,1.4E0);
#1147=CARTESIAN_POINT('',(3.325E0,-2.41E0,3.305E0));
#1148=LINE('',#1147,#1146);
#1149=DIRECTION('',(-1.E0,0.E0,0.E0));
#1150=VECTOR('',#1149,1.4E0);
#1151=CARTESIAN_POINT('',(-1.925E0,-2.41E0,3.305E0));
#1152=LINE('',#1151,#1150);
#1153=DIRECTION('',(0.E0,0.E0,-1.E0));
#1154=VECTOR('',#1153,1.65E0);
#1155=CARTESIAN_POINT('',(-1.925E0,-2.41E0,4.955E0));
#1156=LINE('',#1155,#1154);
#1157=DIRECTION('',(-1.E0,0.E0,0.E0));
#1158=VECTOR('',#1157,1.4E0);
#1159=CARTESIAN_POINT('',(-1.925E0,-1.1E0,3.305E0));
#1160=LINE('',#1159,#1158);
#1161=DIRECTION('',(0.E0,-1.E0,0.E0));
#1162=VECTOR('',#1161,1.31E0);
#1163=CARTESIAN_POINT('',(-1.925E0,-1.1E0,3.305E0));
#1164=LINE('',#1163,#1162);
#1165=DIRECTION('',(-1.E0,0.E0,0.E0));
#1166=VECTOR('',#1165,1.4E0);
#1167=CARTESIAN_POINT('',(-1.925E0,1.1E0,3.305E0));
#1168=LINE('',#1167,#1166);
#1169=DIRECTION('',(0.E0,-1.E0,0.E0));
#1170=VECTOR('',#1169,1.58E0);
#1171=CARTESIAN_POINT('',(-1.925E0,2.68E0,3.305E0));
#1172=LINE('',#1171,#1170);
#1173=DIRECTION('',(1.E0,0.E0,0.E0));
#1174=VECTOR('',#1173,1.7E0);
#1175=CARTESIAN_POINT('',(-3.625E0,1.1E0,-1.95E-1));
#1176=LINE('',#1175,#1174);
#1177=DIRECTION('',(1.E0,0.E0,0.E0));
#1178=VECTOR('',#1177,1.7E0);
#1179=CARTESIAN_POINT('',(-3.625E0,5.75E-1,-1.95E-1));
#1180=LINE('',#1179,#1178);
#1181=DIRECTION('',(0.E0,0.E0,-1.E0));
#1182=VECTOR('',#1181,3.148768453830E0);
#1183=CARTESIAN_POINT('',(-7.E-1,3.43E0,4.415E0));
#1184=LINE('',#1183,#1182);
#1185=DIRECTION('',(1.E0,0.E0,0.E0));
#1186=VECTOR('',#1185,1.4E0);
#1187=CARTESIAN_POINT('',(-7.E-1,3.43E0,4.415E0));
#1188=LINE('',#1187,#1186);
#1189=DIRECTION('',(0.E0,0.E0,-1.E0));
#1190=VECTOR('',#1189,3.148768453830E0);
#1191=CARTESIAN_POINT('',(7.E-1,3.43E0,4.415E0));
#1192=LINE('',#1191,#1190);
#1193=DIRECTION('',(1.E0,0.E0,0.E0));
#1194=VECTOR('',#1193,1.4E0);
#1195=CARTESIAN_POINT('',(-7.E-1,3.43E0,1.266231546170E0));
#1196=LINE('',#1195,#1194);
#1197=DIRECTION('',(0.E0,0.E0,1.E0));
#1198=VECTOR('',#1197,1.75E0);
#1199=CARTESIAN_POINT('',(-1.825E0,3.43E0,-4.955E0));
#1200=LINE('',#1199,#1198);
#1201=DIRECTION('',(1.E0,0.E0,0.E0));
#1202=VECTOR('',#1201,3.65E0);
#1203=CARTESIAN_POINT('',(-1.825E0,3.43E0,-3.205E0));
#1204=LINE('',#1203,#1202);
#1205=DIRECTION('',(0.E0,0.E0,1.E0));
#1206=VECTOR('',#1205,1.75E0);
#1207=CARTESIAN_POINT('',(1.825E0,3.43E0,-4.955E0));
#1208=LINE('',#1207,#1206);
#1209=DIRECTION('',(-6.469774481951E-1,0.E0,7.625091353728E-1));
#1210=VECTOR('',#1209,2.163908500838E0);
#1211=CARTESIAN_POINT('',(3.325E0,3.43E0,3.305E0));
#1212=LINE('',#1211,#1210);
#1213=DIRECTION('',(-6.469774481951E-1,0.E0,-7.625091353728E-1));
#1214=VECTOR('',#1213,2.163908500838E0);
#1215=CARTESIAN_POINT('',(-1.925E0,3.43E0,4.955E0));
#1216=LINE('',#1215,#1214);
#1217=DIRECTION('',(-1.E0,0.E0,0.E0));
#1218=VECTOR('',#1217,3.E-1);
#1219=CARTESIAN_POINT('',(-3.325E0,3.43E0,1.785E0));
#1220=LINE('',#1219,#1218);
#1221=CARTESIAN_POINT('',(-7.E-1,4.18E0,1.266231546170E0));
#1222=DIRECTION('',(-1.E0,0.E0,0.E0));
#1223=DIRECTION('',(0.E0,-1.E0,1.213843840257E-14));
#1224=AXIS2_PLACEMENT_3D('',#1221,#1222,#1223);
#1226=DIRECTION('',(0.E0,9.998476951564E-1,-1.745240643728E-2));
#1227=VECTOR('',#1226,6.370077145324E-1);
#1228=CARTESIAN_POINT('',(-7.E-1,4.193089304828E0,2.016117317538E0));
#1229=LINE('',#1228,#1227);
#1230=DIRECTION('',(0.E0,0.E0,1.E0));
#1231=VECTOR('',#1230,7.5E-1);
#1232=CARTESIAN_POINT('',(-7.E-1,4.83E0,2.005E0));
#1233=LINE('',#1232,#1231);
#1234=DIRECTION('',(0.E0,-6.447027996602E-1,7.644333195971E-1));
#1235=VECTOR('',#1234,2.171543230056E0);
#1236=CARTESIAN_POINT('',(-7.E-1,4.83E0,2.755E0));
#1237=LINE('',#1236,#1235);
#1238=DIRECTION('',(0.E0,-6.447027996602E-1,7.644333195971E-1));
#1239=VECTOR('',#1238,2.171543230056E0);
#1240=CARTESIAN_POINT('',(7.E-1,4.83E0,2.755E0));
#1241=LINE('',#1240,#1239);
#1242=DIRECTION('',(0.E0,0.E0,1.E0));
#1243=VECTOR('',#1242,7.5E-1);
#1244=CARTESIAN_POINT('',(7.E-1,4.83E0,2.005E0));
#1245=LINE('',#1244,#1243);
#1246=DIRECTION('',(0.E0,9.998476951564E-1,-1.745240643728E-2));
#1247=VECTOR('',#1246,6.370077145324E-1);
#1248=CARTESIAN_POINT('',(7.E-1,4.193089304828E0,2.016117317538E0));
#1249=LINE('',#1248,#1247);
#1250=CARTESIAN_POINT('',(7.E-1,4.18E0,1.266231546170E0));
#1251=DIRECTION('',(-1.E0,0.E0,0.E0));
#1252=DIRECTION('',(0.E0,-1.E0,1.213843840257E-14));
#1253=AXIS2_PLACEMENT_3D('',#1250,#1251,#1252);
#1255=DIRECTION('',(1.E0,0.E0,0.E0));
#1256=VECTOR('',#1255,1.4E0);
#1257=CARTESIAN_POINT('',(-7.E-1,4.83E0,2.755E0));
#1258=LINE('',#1257,#1256);
#1259=DIRECTION('',(1.E0,0.E0,0.E0));
#1260=VECTOR('',#1259,1.4E0);
#1261=CARTESIAN_POINT('',(-7.E-1,4.83E0,2.005E0));
#1262=LINE('',#1261,#1260);
#1263=DIRECTION('',(1.E0,0.E0,0.E0));
#1264=VECTOR('',#1263,1.4E0);
#1265=CARTESIAN_POINT('',(-7.E-1,4.193089304828E0,2.016117317538E0));
#1266=LINE('',#1265,#1264);
#1267=DIRECTION('',(0.E0,1.E0,0.E0));
#1268=VECTOR('',#1267,1.355E0);
#1269=CARTESIAN_POINT('',(-3.2E-1,1.82E0,-4.955E0));
#1270=LINE('',#1269,#1268);
#1271=DIRECTION('',(1.E0,0.E0,0.E0));
#1272=VECTOR('',#1271,1.505E0);
#1273=CARTESIAN_POINT('',(-1.825E0,3.175E0,-4.955E0));
#1274=LINE('',#1273,#1272);
#1275=DIRECTION('',(0.E0,1.E0,0.E0));
#1276=VECTOR('',#1275,2.55E-1);
#1277=CARTESIAN_POINT('',(-1.825E0,3.175E0,-4.955E0));
#1278=LINE('',#1277,#1276);
#1279=DIRECTION('',(-1.E0,0.E0,0.E0));
#1280=VECTOR('',#1279,1.8E0);
#1281=CARTESIAN_POINT('',(-1.825E0,3.43E0,-4.955E0));
#1282=LINE('',#1281,#1280);
#1283=DIRECTION('',(0.E0,1.E0,0.E0));
#1284=VECTOR('',#1283,2.2E-1);
#1285=CARTESIAN_POINT('',(-3.2E-1,1.6E0,-4.955E0));
#1286=LINE('',#1285,#1284);
#1287=DIRECTION('',(0.E0,1.E0,0.E0));
#1288=VECTOR('',#1287,2.2E-1);
#1289=CARTESIAN_POINT('',(3.2E-1,1.6E0,-4.955E0));
#1290=LINE('',#1289,#1288);
#1291=DIRECTION('',(-1.E0,0.E0,0.E0));
#1292=VECTOR('',#1291,1.75E0);
#1293=CARTESIAN_POINT('',(3.575E0,3.43E0,-4.955E0));
#1294=LINE('',#1293,#1292);
#1295=DIRECTION('',(0.E0,1.E0,0.E0));
#1296=VECTOR('',#1295,2.55E-1);
#1297=CARTESIAN_POINT('',(1.825E0,3.175E0,-4.955E0));
#1298=LINE('',#1297,#1296);
#1299=DIRECTION('',(1.E0,0.E0,0.E0));
#1300=VECTOR('',#1299,1.505E0);
#1301=CARTESIAN_POINT('',(3.2E-1,3.175E0,-4.955E0));
#1302=LINE('',#1301,#1300);
#1303=DIRECTION('',(0.E0,1.E0,0.E0));
#1304=VECTOR('',#1303,1.355E0);
#1305=CARTESIAN_POINT('',(3.2E-1,1.82E0,-4.955E0));
#1306=LINE('',#1305,#1304);
#1307=DIRECTION('',(0.E0,1.E0,0.E0));
#1308=VECTOR('',#1307,6.5E-1);
#1309=CARTESIAN_POINT('',(-3.2E-1,-3.43E0,-4.285E0));
#1310=LINE('',#1309,#1308);
#1311=DIRECTION('',(0.E0,0.E0,1.E0));
#1312=VECTOR('',#1311,1.3E0);
#1313=CARTESIAN_POINT('',(-3.2E-1,1.82E0,-4.955E0));
#1314=LINE('',#1313,#1312);
#1315=DIRECTION('',(0.E0,0.E0,1.E0));
#1316=VECTOR('',#1315,6.3E-1);
#1317=CARTESIAN_POINT('',(-3.2E-1,1.18E0,-4.285E0));
#1318=LINE('',#1317,#1316);
#1319=DIRECTION('',(0.E0,0.E0,1.E0));
#1320=VECTOR('',#1319,6.3E-1);
#1321=CARTESIAN_POINT('',(-3.2E-1,3.2E-1,-4.285E0));
#1322=LINE('',#1321,#1320);
#1323=DIRECTION('',(0.E0,0.E0,-1.E0));
#1324=VECTOR('',#1323,6.3E-1);
#1325=CARTESIAN_POINT('',(-3.2E-1,-1.18E0,-3.655E0));
#1326=LINE('',#1325,#1324);
#1327=DIRECTION('',(0.E0,0.E0,1.E0));
#1328=VECTOR('',#1327,6.3E-1);
#1329=CARTESIAN_POINT('',(-3.2E-1,-3.2E-1,-4.285E0));
#1330=LINE('',#1329,#1328);
#1331=DIRECTION('',(0.E0,0.E0,1.E0));
#1332=VECTOR('',#1331,6.7E-1);
#1333=CARTESIAN_POINT('',(-3.2E-1,-2.78E0,-4.955E0));
#1334=LINE('',#1333,#1332);
#1335=DIRECTION('',(-1.E0,0.E0,0.E0));
#1336=VECTOR('',#1335,3.305E0);
#1337=CARTESIAN_POINT('',(-3.2E-1,-2.78E0,-4.285E0));
#1338=LINE('',#1337,#1336);
#1339=DIRECTION('',(0.E0,0.E0,1.E0));
#1340=VECTOR('',#1339,6.7E-1);
#1341=CARTESIAN_POINT('',(3.2E-1,-2.78E0,-4.955E0));
#1342=LINE('',#1341,#1340);
#1343=DIRECTION('',(-1.E0,0.E0,0.E0));
#1344=VECTOR('',#1343,3.255E0);
#1345=CARTESIAN_POINT('',(3.575E0,-2.78E0,-4.285E0));
#1346=LINE('',#1345,#1344);
#1347=DIRECTION('',(0.E0,1.E0,0.E0));
#1348=VECTOR('',#1347,2.E0);
#1349=CARTESIAN_POINT('',(-1.875E0,-1.E0,-4.285E0));
#1350=LINE('',#1349,#1348);
#1351=DIRECTION('',(1.E0,0.E0,0.E0));
#1352=VECTOR('',#1351,1.7E0);
#1353=CARTESIAN_POINT('',(-3.575E0,-1.E0,-4.285E0));
#1354=LINE('',#1353,#1352);
#1355=DIRECTION('',(0.E0,1.E0,0.E0));
#1356=VECTOR('',#1355,2.E0);
#1357=CARTESIAN_POINT('',(-3.575E0,-1.E0,-4.285E0));
#1358=LINE('',#1357,#1356);
#1359=DIRECTION('',(1.E0,0.E0,0.E0));
#1360=VECTOR('',#1359,1.7E0);
#1361=CARTESIAN_POINT('',(-3.575E0,1.E0,-4.285E0));
#1362=LINE('',#1361,#1360);
#1363=DIRECTION('',(-1.E0,0.E0,0.E0));
#1364=VECTOR('',#1363,6.4E-1);
#1365=CARTESIAN_POINT('',(3.2E-1,-6.12E0,-4.285E0));
#1366=LINE('',#1365,#1364);
#1367=DIRECTION('',(-1.E0,0.E0,0.E0));
#1368=VECTOR('',#1367,1.7E0);
#1369=CARTESIAN_POINT('',(3.575E0,-1.E0,-4.285E0));
#1370=LINE('',#1369,#1368);
#1371=DIRECTION('',(0.E0,1.E0,0.E0));
#1372=VECTOR('',#1371,2.E0);
#1373=CARTESIAN_POINT('',(1.875E0,-1.E0,-4.285E0));
#1374=LINE('',#1373,#1372);
#1375=DIRECTION('',(-1.E0,0.E0,0.E0));
#1376=VECTOR('',#1375,1.7E0);
#1377=CARTESIAN_POINT('',(3.575E0,1.E0,-4.285E0));
#1378=LINE('',#1377,#1376);
#1379=DIRECTION('',(-1.E0,0.E0,0.E0));
#1380=VECTOR('',#1379,3.255E0);
#1381=CARTESIAN_POINT('',(3.575E0,1.6E0,-4.285E0));
#1382=LINE('',#1381,#1380);
#1383=DIRECTION('',(0.E0,1.E0,0.E0));
#1384=VECTOR('',#1383,4.2E-1);
#1385=CARTESIAN_POINT('',(3.2E-1,1.18E0,-4.285E0));
#1386=LINE('',#1385,#1384);
#1387=DIRECTION('',(0.E0,1.E0,0.E0));
#1388=VECTOR('',#1387,8.6E-1);
#1389=CARTESIAN_POINT('',(3.2E-1,3.2E-1,-4.285E0));
#1390=LINE('',#1389,#1388);
#1391=DIRECTION('',(0.E0,1.E0,0.E0));
#1392=VECTOR('',#1391,6.4E-1);
#1393=CARTESIAN_POINT('',(3.2E-1,-3.2E-1,-4.285E0));
#1394=LINE('',#1393,#1392);
#1395=DIRECTION('',(0.E0,1.E0,0.E0));
#1396=VECTOR('',#1395,8.6E-1);
#1397=CARTESIAN_POINT('',(3.2E-1,-1.18E0,-4.285E0));
#1398=LINE('',#1397,#1396);
#1399=DIRECTION('',(0.E0,1.E0,0.E0));
#1400=VECTOR('',#1399,8.6E-1);
#1401=CARTESIAN_POINT('',(-3.2E-1,-1.18E0,-4.285E0));
#1402=LINE('',#1401,#1400);
#1403=DIRECTION('',(0.E0,1.E0,0.E0));
#1404=VECTOR('',#1403,6.4E-1);
#1405=CARTESIAN_POINT('',(-3.2E-1,-3.2E-1,-4.285E0));
#1406=LINE('',#1405,#1404);
#1407=DIRECTION('',(0.E0,1.E0,0.E0));
#1408=VECTOR('',#1407,8.6E-1);
#1409=CARTESIAN_POINT('',(-3.2E-1,3.2E-1,-4.285E0));
#1410=LINE('',#1409,#1408);
#1411=DIRECTION('',(0.E0,1.E0,0.E0));
#1412=VECTOR('',#1411,4.2E-1);
#1413=CARTESIAN_POINT('',(-3.2E-1,1.18E0,-4.285E0));
#1414=LINE('',#1413,#1412);
#1415=DIRECTION('',(-1.E0,0.E0,0.E0));
#1416=VECTOR('',#1415,3.305E0);
#1417=CARTESIAN_POINT('',(-3.2E-1,1.6E0,-4.285E0));
#1418=LINE('',#1417,#1416);
#1419=DIRECTION('',(0.E0,0.E0,1.E0));
#1420=VECTOR('',#1419,6.E-1);
#1421=CARTESIAN_POINT('',(-1.875E0,1.E0,-4.285E0));
#1422=LINE('',#1421,#1420);
#1423=DIRECTION('',(0.E0,-1.E0,0.E0));
#1424=VECTOR('',#1423,2.E0);
#1425=CARTESIAN_POINT('',(-1.875E0,1.E0,-3.685E0));
#1426=LINE('',#1425,#1424);
#1427=DIRECTION('',(0.E0,0.E0,-1.E0));
#1428=VECTOR('',#1427,6.E-1);
#1429=CARTESIAN_POINT('',(-1.875E0,-1.E0,-3.685E0));
#1430=LINE('',#1429,#1428);
#1431=DIRECTION('',(0.E0,0.E0,-1.E0));
#1432=VECTOR('',#1431,6.E-1);
#1433=CARTESIAN_POINT('',(-3.575E0,-1.E0,-3.685E0));
#1434=LINE('',#1433,#1432);
#1435=DIRECTION('',(0.E0,-1.E0,0.E0));
#1436=VECTOR('',#1435,2.E0);
#1437=CARTESIAN_POINT('',(-3.575E0,1.E0,-3.685E0));
#1438=LINE('',#1437,#1436);
#1439=DIRECTION('',(0.E0,0.E0,1.E0));
#1440=VECTOR('',#1439,6.E-1);
#1441=CARTESIAN_POINT('',(-3.575E0,1.E0,-4.285E0));
#1442=LINE('',#1441,#1440);
#1443=DIRECTION('',(1.E0,0.E0,0.E0));
#1444=VECTOR('',#1443,1.7E0);
#1445=CARTESIAN_POINT('',(-3.575E0,-1.E0,-3.685E0));
#1446=LINE('',#1445,#1444);
#1447=DIRECTION('',(1.E0,0.E0,0.E0));
#1448=VECTOR('',#1447,1.7E0);
#1449=CARTESIAN_POINT('',(-3.575E0,1.E0,-3.685E0));
#1450=LINE('',#1449,#1448);
#1451=DIRECTION('',(0.E0,0.E0,-1.E0));
#1452=VECTOR('',#1451,6.7E-1);
#1453=CARTESIAN_POINT('',(-3.2E-1,-3.2E-1,-4.285E0));
#1454=LINE('',#1453,#1452);
#1455=DIRECTION('',(0.E0,1.E0,0.E0));
#1456=VECTOR('',#1455,6.4E-1);
#1457=CARTESIAN_POINT('',(-3.2E-1,-3.2E-1,-4.955E0));
#1458=LINE('',#1457,#1456);
#1459=DIRECTION('',(0.E0,0.E0,1.E0));
#1460=VECTOR('',#1459,6.7E-1);
#1461=CARTESIAN_POINT('',(-3.2E-1,3.2E-1,-4.955E0));
#1462=LINE('',#1461,#1460);
#1463=DIRECTION('',(0.E0,1.E0,0.E0));
#1464=VECTOR('',#1463,6.4E-1);
#1465=CARTESIAN_POINT('',(-3.2E-1,1.18E0,1.555E0));
#1466=LINE('',#1465,#1464);
#1467=DIRECTION('',(0.E0,0.E0,-1.E0));
#1468=VECTOR('',#1467,3.2E0);
#1469=CARTESIAN_POINT('',(-3.2E-1,1.18E0,1.555E0));
#1470=LINE('',#1469,#1468);
#1471=DIRECTION('',(0.E0,0.E0,1.E0));
#1472=VECTOR('',#1471,3.2E0);
#1473=CARTESIAN_POINT('',(-3.2E-1,1.82E0,-1.645E0));
#1474=LINE('',#1473,#1472);
#1475=DIRECTION('',(0.E0,0.E0,1.E0));
#1476=VECTOR('',#1475,6.4E-1);
#1477=CARTESIAN_POINT('',(-3.2E-1,-6.12E0,-4.285E0));
#1478=LINE('',#1477,#1476);
#1479=DIRECTION('',(0.E0,1.E0,0.E0));
#1480=VECTOR('',#1479,2.69E0);
#1481=CARTESIAN_POINT('',(-3.2E-1,-6.12E0,-4.285E0));
#1482=LINE('',#1481,#1480);
#1483=DIRECTION('',(0.E0,-1.E0,0.E0));
#1484=VECTOR('',#1483,2.69E0);
#1485=CARTESIAN_POINT('',(-3.2E-1,-3.43E0,-3.645E0));
#1486=LINE('',#1485,#1484);
#1487=DIRECTION('',(0.E0,0.E0,1.E0));
#1488=VECTOR('',#1487,6.4E-1);
#1489=CARTESIAN_POINT('',(-3.2E-1,-6.12E0,-7.285E0));
#1490=LINE('',#1489,#1488);
#1491=DIRECTION('',(0.E0,1.E0,0.E0));
#1492=VECTOR('',#1491,7.94E0);
#1493=CARTESIAN_POINT('',(-3.2E-1,-6.12E0,-7.285E0));
#1494=LINE('',#1493,#1492);
#1495=DIRECTION('',(0.E0,0.E0,1.E0));
#1496=VECTOR('',#1495,2.33E0);
#1497=CARTESIAN_POINT('',(-3.2E-1,1.82E0,-7.285E0));
#1498=LINE('',#1497,#1496);
#1499=DIRECTION('',(0.E0,0.E0,-1.E0));
#1500=VECTOR('',#1499,2.36E0);
#1501=CARTESIAN_POINT('',(-3.2E-1,1.18E0,-4.285E0));
#1502=LINE('',#1501,#1500);
#1503=DIRECTION('',(0.E0,-1.E0,0.E0));
#1504=VECTOR('',#1503,7.3E0);
#1505=CARTESIAN_POINT('',(-3.2E-1,1.18E0,-6.645E0));
#1506=LINE('',#1505,#1504);
#1507=DIRECTION('',(0.E0,1.E0,0.E0));
#1508=VECTOR('',#1507,6.4E-1);
#1509=CARTESIAN_POINT('',(-3.2E-1,-1.82E0,1.555E0));
#1510=LINE('',#1509,#1508);
#1511=DIRECTION('',(0.E0,0.E0,-1.E0));
#1512=VECTOR('',#1511,3.2E0);
#1513=CARTESIAN_POINT('',(-3.2E-1,-1.82E0,1.555E0));
#1514=LINE('',#1513,#1512);
#1515=DIRECTION('',(0.E0,0.E0,1.E0));
#1516=VECTOR('',#1515,3.2E0);
#1517=CARTESIAN_POINT('',(-3.2E-1,-1.18E0,-1.645E0));
#1518=LINE('',#1517,#1516);
#1519=DIRECTION('',(0.E0,0.E0,1.E0));
#1520=VECTOR('',#1519,6.7E-1);
#1521=CARTESIAN_POINT('',(3.2E-1,3.2E-1,-4.955E0));
#1522=LINE('',#1521,#1520);
#1523=DIRECTION('',(0.E0,1.E0,0.E0));
#1524=VECTOR('',#1523,6.4E-1);
#1525=CARTESIAN_POINT('',(3.2E-1,-3.2E-1,-4.955E0));
#1526=LINE('',#1525,#1524);
#1527=DIRECTION('',(0.E0,0.E0,-1.E0));
#1528=VECTOR('',#1527,6.7E-1);
#1529=CARTESIAN_POINT('',(3.2E-1,-3.2E-1,-4.285E0));
#1530=LINE('',#1529,#1528);
#1531=DIRECTION('',(0.E0,-1.E0,0.E0));
#1532=VECTOR('',#1531,6.4E-1);
#1533=CARTESIAN_POINT('',(3.2E-1,1.82E0,1.555E0));
#1534=LINE('',#1533,#1532);
#1535=DIRECTION('',(0.E0,0.E0,1.E0));
#1536=VECTOR('',#1535,3.2E0);
#1537=CARTESIAN_POINT('',(3.2E-1,1.82E0,-1.645E0));
#1538=LINE('',#1537,#1536);
#1539=DIRECTION('',(0.E0,0.E0,-1.E0));
#1540=VECTOR('',#1539,3.2E0);
#1541=CARTESIAN_POINT('',(3.2E-1,1.18E0,1.555E0));
#1542=LINE('',#1541,#1540);
#1543=DIRECTION('',(0.E0,0.E0,-1.E0));
#1544=VECTOR('',#1543,6.4E-1);
#1545=CARTESIAN_POINT('',(3.2E-1,-6.12E0,-3.645E0));
#1546=LINE('',#1545,#1544);
#1547=DIRECTION('',(0.E0,-1.E0,0.E0));
#1548=VECTOR('',#1547,2.69E0);
#1549=CARTESIAN_POINT('',(3.2E-1,-3.43E0,-3.645E0));
#1550=LINE('',#1549,#1548);
#1551=DIRECTION('',(0.E0,1.E0,0.E0));
#1552=VECTOR('',#1551,2.69E0);
#1553=CARTESIAN_POINT('',(3.2E-1,-6.12E0,-4.285E0));
#1554=LINE('',#1553,#1552);
#1555=DIRECTION('',(0.E0,0.E0,-1.E0));
#1556=VECTOR('',#1555,6.4E-1);
#1557=CARTESIAN_POINT('',(3.2E-1,-6.12E0,-6.645E0));
#1558=LINE('',#1557,#1556);
#1559=DIRECTION('',(0.E0,-1.E0,0.E0));
#1560=VECTOR('',#1559,7.3E0);
#1561=CARTESIAN_POINT('',(3.2E-1,1.18E0,-6.645E0));
#1562=LINE('',#1561,#1560);
#1563=DIRECTION('',(0.E0,0.E0,-1.E0));
#1564=VECTOR('',#1563,2.36E0);
#1565=CARTESIAN_POINT('',(3.2E-1,1.18E0,-4.285E0));
#1566=LINE('',#1565,#1564);
#1567=DIRECTION('',(0.E0,0.E0,1.E0));
#1568=VECTOR('',#1567,2.33E0);
#1569=CARTESIAN_POINT('',(3.2E-1,1.82E0,-7.285E0));
#1570=LINE('',#1569,#1568);
#1571=DIRECTION('',(0.E0,1.E0,0.E0));
#1572=VECTOR('',#1571,7.94E0);
#1573=CARTESIAN_POINT('',(3.2E-1,-6.12E0,-7.285E0));
#1574=LINE('',#1573,#1572);
#1575=DIRECTION('',(0.E0,-1.E0,0.E0));
#1576=VECTOR('',#1575,6.4E-1);
#1577=CARTESIAN_POINT('',(3.2E-1,-1.18E0,1.555E0));
#1578=LINE('',#1577,#1576);
#1579=DIRECTION('',(0.E0,0.E0,1.E0));
#1580=VECTOR('',#1579,3.2E0);
#1581=CARTESIAN_POINT('',(3.2E-1,-1.18E0,-1.645E0));
#1582=LINE('',#1581,#1580);
#1583=DIRECTION('',(0.E0,0.E0,-1.E0));
#1584=VECTOR('',#1583,3.2E0);
#1585=CARTESIAN_POINT('',(3.2E-1,-1.82E0,1.555E0));
#1586=LINE('',#1585,#1584);
#1587=DIRECTION('',(-1.E0,0.E0,0.E0));
#1588=VECTOR('',#1587,6.4E-1);
#1589=CARTESIAN_POINT('',(3.2E-1,3.2E-1,-4.955E0));
#1590=LINE('',#1589,#1588);
#1591=DIRECTION('',(0.E0,1.E0,0.E0));
#1592=VECTOR('',#1591,6.5E-1);
#1593=CARTESIAN_POINT('',(3.2E-1,-3.43E0,-4.285E0));
#1594=LINE('',#1593,#1592);
#1595=DIRECTION('',(0.E0,-1.E0,0.E0));
#1596=VECTOR('',#1595,1.355E0);
#1597=CARTESIAN_POINT('',(3.2E-1,3.175E0,-3.655E0));
#1598=LINE('',#1597,#1596);
#1599=DIRECTION('',(0.E0,0.E0,-1.E0));
#1600=VECTOR('',#1599,1.3E0);
#1601=CARTESIAN_POINT('',(3.2E-1,1.82E0,-3.655E0));
#1602=LINE('',#1601,#1600);
#1603=DIRECTION('',(0.E0,0.E0,-1.E0));
#1604=VECTOR('',#1603,6.3E-1);
#1605=CARTESIAN_POINT('',(3.2E-1,1.18E0,-3.655E0));
#1606=LINE('',#1605,#1604);
#1607=DIRECTION('',(0.E0,-1.E0,0.E0));
#1608=VECTOR('',#1607,8.6E-1);
#1609=CARTESIAN_POINT('',(3.2E-1,1.18E0,-3.655E0));
#1610=LINE('',#1609,#1608);
#1611=DIRECTION('',(0.E0,0.E0,-1.E0));
#1612=VECTOR('',#1611,6.3E-1);
#1613=CARTESIAN_POINT('',(3.2E-1,3.2E-1,-3.655E0));
#1614=LINE('',#1613,#1612);
#1615=DIRECTION('',(0.E0,0.E0,-1.E0));
#1616=VECTOR('',#1615,6.3E-1);
#1617=CARTESIAN_POINT('',(3.2E-1,-1.18E0,-3.655E0));
#1618=LINE('',#1617,#1616);
#1619=DIRECTION('',(0.E0,0.E0,-1.E0));
#1620=VECTOR('',#1619,6.3E-1);
#1621=CARTESIAN_POINT('',(3.2E-1,-3.2E-1,-3.655E0));
#1622=LINE('',#1621,#1620);
#1623=DIRECTION('',(0.E0,-1.E0,0.E0));
#1624=VECTOR('',#1623,8.6E-1);
#1625=CARTESIAN_POINT('',(3.2E-1,-3.2E-1,-3.655E0));
#1626=LINE('',#1625,#1624);
#1627=DIRECTION('',(0.E0,-1.E0,0.E0));
#1628=VECTOR('',#1627,6.5E-1);
#1629=CARTESIAN_POINT('',(-3.2E-1,-2.78E0,-4.955E0));
#1630=LINE('',#1629,#1628);
#1631=DIRECTION('',(-1.E0,0.E0,0.E0));
#1632=VECTOR('',#1631,3.305E0);
#1633=CARTESIAN_POINT('',(-3.2E-1,-2.78E0,-4.955E0));
#1634=LINE('',#1633,#1632);
#1635=DIRECTION('',(1.E0,0.E0,0.E0));
#1636=VECTOR('',#1635,1.25E0);
#1637=CARTESIAN_POINT('',(-3.625E0,-3.94E0,-4.955E0));
#1638=LINE('',#1637,#1636);
#1639=DIRECTION('',(0.E0,1.E0,0.E0));
#1640=VECTOR('',#1639,5.1E-1);
#1641=CARTESIAN_POINT('',(-2.375E0,-3.94E0,-4.955E0));
#1642=LINE('',#1641,#1640);
#1643=DIRECTION('',(-1.E0,0.E0,0.E0));
#1644=VECTOR('',#1643,2.055E0);
#1645=CARTESIAN_POINT('',(-3.2E-1,-3.43E0,-4.955E0));
#1646=LINE('',#1645,#1644);
#1647=DIRECTION('',(0.E0,-1.E0,0.E0));
#1648=VECTOR('',#1647,6.5E-1);
#1649=CARTESIAN_POINT('',(3.2E-1,-2.78E0,-4.955E0));
#1650=LINE('',#1649,#1648);
#1651=DIRECTION('',(-1.E0,0.E0,0.E0));
#1652=VECTOR('',#1651,2.055E0);
#1653=CARTESIAN_POINT('',(2.375E0,-3.43E0,-4.955E0));
#1654=LINE('',#1653,#1652);
#1655=DIRECTION('',(0.E0,1.E0,0.E0));
#1656=VECTOR('',#1655,5.1E-1);
#1657=CARTESIAN_POINT('',(2.375E0,-3.94E0,-4.955E0));
#1658=LINE('',#1657,#1656);
#1659=DIRECTION('',(1.E0,0.E0,0.E0));
#1660=VECTOR('',#1659,1.2E0);
#1661=CARTESIAN_POINT('',(2.375E0,-3.94E0,-4.955E0));
#1662=LINE('',#1661,#1660);
#1663=DIRECTION('',(-1.E0,0.E0,0.E0));
#1664=VECTOR('',#1663,3.255E0);
#1665=CARTESIAN_POINT('',(3.575E0,-2.78E0,-4.955E0));
#1666=LINE('',#1665,#1664);
#1667=DIRECTION('',(0.E0,0.E0,-1.E0));
#1668=VECTOR('',#1667,1.6E0);
#1669=CARTESIAN_POINT('',(-2.375E0,-3.43E0,-3.355E0));
#1670=LINE('',#1669,#1668);
#1671=DIRECTION('',(0.E0,-1.E0,0.E0));
#1672=VECTOR('',#1671,1.355E0);
#1673=CARTESIAN_POINT('',(-3.2E-1,3.175E0,-3.655E0));
#1674=LINE('',#1673,#1672);
#1675=DIRECTION('',(1.E0,0.E0,0.E0));
#1676=VECTOR('',#1675,6.4E-1);
#1677=CARTESIAN_POINT('',(-3.2E-1,1.82E0,-3.655E0));
#1678=LINE('',#1677,#1676);
#1679=DIRECTION('',(1.E0,0.E0,0.E0));
#1680=VECTOR('',#1679,6.4E-1);
#1681=CARTESIAN_POINT('',(-3.2E-1,1.18E0,-3.655E0));
#1682=LINE('',#1681,#1680);
#1683=DIRECTION('',(0.E0,-1.E0,0.E0));
#1684=VECTOR('',#1683,8.6E-1);
#1685=CARTESIAN_POINT('',(-3.2E-1,1.18E0,-3.655E0));
#1686=LINE('',#1685,#1684);
#1687=DIRECTION('',(1.E0,0.E0,0.E0));
#1688=VECTOR('',#1687,6.4E-1);
#1689=CARTESIAN_POINT('',(-3.2E-1,3.2E-1,-3.655E0));
#1690=LINE('',#1689,#1688);
#1691=DIRECTION('',(1.E0,0.E0,0.E0));
#1692=VECTOR('',#1691,6.4E-1);
#1693=CARTESIAN_POINT('',(-3.2E-1,-1.18E0,-3.655E0));
#1694=LINE('',#1693,#1692);
#1695=DIRECTION('',(1.E0,0.E0,0.E0));
#1696=VECTOR('',#1695,6.4E-1);
#1697=CARTESIAN_POINT('',(-3.2E-1,-3.2E-1,-3.655E0));
#1698=LINE('',#1697,#1696);
#1699=DIRECTION('',(0.E0,-1.E0,0.E0));
#1700=VECTOR('',#1699,8.6E-1);
#1701=CARTESIAN_POINT('',(-3.2E-1,-3.2E-1,-3.655E0));
#1702=LINE('',#1701,#1700);
#1703=DIRECTION('',(-1.E0,0.E0,0.E0));
#1704=VECTOR('',#1703,6.4E-1);
#1705=CARTESIAN_POINT('',(3.2E-1,1.82E0,-7.285E0));
#1706=LINE('',#1705,#1704);
#1707=DIRECTION('',(-1.E0,0.E0,0.E0));
#1708=VECTOR('',#1707,6.4E-1);
#1709=CARTESIAN_POINT('',(3.2E-1,1.82E0,1.555E0));
#1710=LINE('',#1709,#1708);
#1711=DIRECTION('',(-1.E0,0.E0,0.E0));
#1712=VECTOR('',#1711,6.4E-1);
#1713=CARTESIAN_POINT('',(3.2E-1,-6.12E0,-7.285E0));
#1714=LINE('',#1713,#1712);
#1715=DIRECTION('',(-1.744369497455E-1,-9.690941652528E-1,1.744369497455E-1));
#1716=VECTOR('',#1715,1.031891467161E0);
#1717=CARTESIAN_POINT('',(3.2E-1,-6.12E0,-7.285E0));
#1718=LINE('',#1717,#1716);
#1719=DIRECTION('',(-1.744369497455E-1,9.690941652528E-1,-1.744369497455E-1));
#1720=VECTOR('',#1719,1.031891467161E0);
#1721=CARTESIAN_POINT('',(-1.4E-1,-7.12E0,-7.105E0));
#1722=LINE('',#1721,#1720);
#1723=DIRECTION('',(-1.E0,0.E0,0.E0));
#1724=VECTOR('',#1723,2.8E-1);
#1725=CARTESIAN_POINT('',(1.4E-1,-7.12E0,-7.105E0));
#1726=LINE('',#1725,#1724);
#1727=DIRECTION('',(0.E0,0.E0,1.E0));
#1728=VECTOR('',#1727,2.8E-1);
#1729=CARTESIAN_POINT('',(-1.4E-1,-7.12E0,-7.105E0));
#1730=LINE('',#1729,#1728);
#1731=DIRECTION('',(-1.E0,0.E0,0.E0));
#1732=VECTOR('',#1731,2.8E-1);
#1733=CARTESIAN_POINT('',(1.4E-1,-7.12E0,-6.825E0));
#1734=LINE('',#1733,#1732);
#1735=DIRECTION('',(0.E0,0.E0,-1.E0));
#1736=VECTOR('',#1735,2.8E-1);
#1737=CARTESIAN_POINT('',(1.4E-1,-7.12E0,-6.825E0));
#1738=LINE('',#1737,#1736);
#1739=DIRECTION('',(-1.744369497455E-1,9.690941652528E-1,1.744369497455E-1));
#1740=VECTOR('',#1739,1.031891467161E0);
#1741=CARTESIAN_POINT('',(-1.4E-1,-7.12E0,-6.825E0));
#1742=LINE('',#1741,#1740);
#1743=DIRECTION('',(1.744369497455E-1,9.690941652528E-1,1.744369497455E-1));
#1744=VECTOR('',#1743,1.031891467161E0);
#1745=CARTESIAN_POINT('',(1.4E-1,-7.12E0,-6.825E0));
#1746=LINE('',#1745,#1744);
#1747=DIRECTION('',(-1.E0,0.E0,0.E0));
#1748=VECTOR('',#1747,6.4E-1);
#1749=CARTESIAN_POINT('',(3.2E-1,-6.12E0,-6.645E0));
#1750=LINE('',#1749,#1748);
#1751=DIRECTION('',(-1.E0,0.E0,0.E0));
#1752=VECTOR('',#1751,6.4E-1);
#1753=CARTESIAN_POINT('',(3.2E-1,1.18E0,-6.645E0));
#1754=LINE('',#1753,#1752);
#1755=DIRECTION('',(-1.E0,0.E0,0.E0));
#1756=VECTOR('',#1755,6.4E-1);
#1757=CARTESIAN_POINT('',(3.2E-1,1.18E0,1.555E0));
#1758=LINE('',#1757,#1756);
#1759=DIRECTION('',(-1.744369497455E-1,1.744369497455E-1,9.690941652528E-1));
#1760=VECTOR('',#1759,1.031891467161E0);
#1761=CARTESIAN_POINT('',(3.2E-1,1.18E0,1.555E0));
#1762=LINE('',#1761,#1760);
#1763=DIRECTION('',(-1.744369497455E-1,-1.744369497455E-1,-9.690941652528E-1));
#1764=VECTOR('',#1763,1.031891467161E0);
#1765=CARTESIAN_POINT('',(-1.4E-1,1.36E0,2.555E0));
#1766=LINE('',#1765,#1764);
#1767=DIRECTION('',(-1.E0,0.E0,0.E0));
#1768=VECTOR('',#1767,2.8E-1);
#1769=CARTESIAN_POINT('',(1.4E-1,1.36E0,2.555E0));
#1770=LINE('',#1769,#1768);
#1771=DIRECTION('',(0.E0,1.E0,0.E0));
#1772=VECTOR('',#1771,2.8E-1);
#1773=CARTESIAN_POINT('',(-1.4E-1,1.36E0,2.555E0));
#1774=LINE('',#1773,#1772);
#1775=DIRECTION('',(-1.E0,0.E0,0.E0));
#1776=VECTOR('',#1775,2.8E-1);
#1777=CARTESIAN_POINT('',(1.4E-1,1.64E0,2.555E0));
#1778=LINE('',#1777,#1776);
#1779=DIRECTION('',(0.E0,-1.E0,0.E0));
#1780=VECTOR('',#1779,2.8E-1);
#1781=CARTESIAN_POINT('',(1.4E-1,1.64E0,2.555E0));
#1782=LINE('',#1781,#1780);
#1783=DIRECTION('',(-1.744369497455E-1,1.744369497455E-1,-9.690941652528E-1));
#1784=VECTOR('',#1783,1.031891467161E0);
#1785=CARTESIAN_POINT('',(-1.4E-1,1.64E0,2.555E0));
#1786=LINE('',#1785,#1784);
#1787=DIRECTION('',(1.744369497455E-1,1.744369497455E-1,-9.690941652528E-1));
#1788=VECTOR('',#1787,1.031891467161E0);
#1789=CARTESIAN_POINT('',(1.4E-1,1.64E0,2.555E0));
#1790=LINE('',#1789,#1788);
#1791=DIRECTION('',(0.E0,-1.E0,0.E0));
#1792=VECTOR('',#1791,2.54E0);
#1793=CARTESIAN_POINT('',(-1.27E0,2.77E0,-1.645E0));
#1794=LINE('',#1793,#1792);
#1795=DIRECTION('',(-1.E0,0.E0,0.E0));
#1796=VECTOR('',#1795,2.54E0);
#1797=CARTESIAN_POINT('',(1.27E0,2.77E0,-1.645E0));
#1798=LINE('',#1797,#1796);
#1799=DIRECTION('',(0.E0,1.E0,0.E0));
#1800=VECTOR('',#1799,2.54E0);
#1801=CARTESIAN_POINT('',(1.27E0,2.3E-1,-1.645E0));
#1802=LINE('',#1801,#1800);
#1803=DIRECTION('',(1.E0,0.E0,0.E0));
#1804=VECTOR('',#1803,2.54E0);
#1805=CARTESIAN_POINT('',(-1.27E0,2.3E-1,-1.645E0));
#1806=LINE('',#1805,#1804);
#1807=DIRECTION('',(-1.E0,0.E0,0.E0));
#1808=VECTOR('',#1807,2.54E0);
#1809=CARTESIAN_POINT('',(1.27E0,-2.3E-1,-1.645E0));
#1810=LINE('',#1809,#1808);
#1811=DIRECTION('',(0.E0,1.E0,0.E0));
#1812=VECTOR('',#1811,2.54E0);
#1813=CARTESIAN_POINT('',(1.27E0,-2.77E0,-1.645E0));
#1814=LINE('',#1813,#1812);
#1815=DIRECTION('',(1.E0,0.E0,0.E0));
#1816=VECTOR('',#1815,1.84E0);
#1817=CARTESIAN_POINT('',(-5.7E-1,-2.77E0,-1.645E0));
#1818=LINE('',#1817,#1816);
#1819=DIRECTION('',(7.071067811865E-1,-7.071067811865E-1,0.E0));
#1820=VECTOR('',#1819,9.899494936612E-1);
#1821=CARTESIAN_POINT('',(-1.27E0,-2.07E0,-1.645E0));
#1822=LINE('',#1821,#1820);
#1823=DIRECTION('',(0.E0,-1.E0,0.E0));
#1824=VECTOR('',#1823,1.84E0);
#1825=CARTESIAN_POINT('',(-1.27E0,-2.3E-1,-1.645E0));
#1826=LINE('',#1825,#1824);
#1827=DIRECTION('',(0.E0,1.E0,0.E0));
#1828=VECTOR('',#1827,6.4E-1);
#1829=CARTESIAN_POINT('',(3.2E-1,-1.82E0,-1.645E0));
#1830=LINE('',#1829,#1828);
#1831=DIRECTION('',(1.E0,0.E0,0.E0));
#1832=VECTOR('',#1831,6.4E-1);
#1833=CARTESIAN_POINT('',(-3.2E-1,-1.18E0,-1.645E0));
#1834=LINE('',#1833,#1832);
#1835=DIRECTION('',(0.E0,1.E0,0.E0));
#1836=VECTOR('',#1835,6.4E-1);
#1837=CARTESIAN_POINT('',(-3.2E-1,-1.82E0,-1.645E0));
#1838=LINE('',#1837,#1836);
#1839=DIRECTION('',(1.E0,0.E0,0.E0));
#1840=VECTOR('',#1839,6.4E-1);
#1841=CARTESIAN_POINT('',(-3.2E-1,-1.82E0,-1.645E0));
#1842=LINE('',#1841,#1840);
#1843=DIRECTION('',(0.E0,1.E0,0.E0));
#1844=VECTOR('',#1843,6.4E-1);
#1845=CARTESIAN_POINT('',(3.2E-1,1.18E0,-1.645E0));
#1846=LINE('',#1845,#1844);
#1847=DIRECTION('',(1.E0,0.E0,0.E0));
#1848=VECTOR('',#1847,6.4E-1);
#1849=CARTESIAN_POINT('',(-3.2E-1,1.82E0,-1.645E0));
#1850=LINE('',#1849,#1848);
#1851=DIRECTION('',(0.E0,1.E0,0.E0));
#1852=VECTOR('',#1851,6.4E-1);
#1853=CARTESIAN_POINT('',(-3.2E-1,1.18E0,-1.645E0));
#1854=LINE('',#1853,#1852);
#1855=DIRECTION('',(1.E0,0.E0,0.E0));
#1856=VECTOR('',#1855,6.4E-1);
#1857=CARTESIAN_POINT('',(-3.2E-1,1.18E0,-1.645E0));
#1858=LINE('',#1857,#1856);
#1859=DIRECTION('',(0.E0,0.E0,-1.E0));
#1860=VECTOR('',#1859,6.6E0);
#1861=CARTESIAN_POINT('',(-1.27E0,2.77E0,4.955E0));
#1862=LINE('',#1861,#1860);
#1863=DIRECTION('',(0.E0,0.E0,-1.E0));
#1864=VECTOR('',#1863,6.6E0);
#1865=CARTESIAN_POINT('',(1.27E0,2.77E0,4.955E0));
#1866=LINE('',#1865,#1864);
#1867=DIRECTION('',(0.E0,0.E0,-1.E0));
#1868=VECTOR('',#1867,6.6E0);
#1869=CARTESIAN_POINT('',(1.27E0,2.3E-1,4.955E0));
#1870=LINE('',#1869,#1868);
#1871=DIRECTION('',(0.E0,0.E0,-1.E0));
#1872=VECTOR('',#1871,6.6E0);
#1873=CARTESIAN_POINT('',(-1.27E0,2.3E-1,4.955E0));
#1874=LINE('',#1873,#1872);
#1875=DIRECTION('',(0.E0,0.E0,-1.E0));
#1876=VECTOR('',#1875,6.6E0);
#1877=CARTESIAN_POINT('',(1.27E0,-2.3E-1,4.955E0));
#1878=LINE('',#1877,#1876);
#1879=DIRECTION('',(0.E0,0.E0,-1.E0));
#1880=VECTOR('',#1879,6.6E0);
#1881=CARTESIAN_POINT('',(1.27E0,-2.77E0,4.955E0));
#1882=LINE('',#1881,#1880);
#1883=DIRECTION('',(0.E0,0.E0,-1.E0));
#1884=VECTOR('',#1883,6.6E0);
#1885=CARTESIAN_POINT('',(-5.7E-1,-2.77E0,4.955E0));
#1886=LINE('',#1885,#1884);
#1887=DIRECTION('',(0.E0,0.E0,-1.E0));
#1888=VECTOR('',#1887,6.6E0);
#1889=CARTESIAN_POINT('',(-1.27E0,-2.07E0,4.955E0));
#1890=LINE('',#1889,#1888);
#1891=DIRECTION('',(0.E0,0.E0,-1.E0));
#1892=VECTOR('',#1891,6.6E0);
#1893=CARTESIAN_POINT('',(-1.27E0,-2.3E-1,4.955E0));
#1894=LINE('',#1893,#1892);
#1895=DIRECTION('',(-1.E0,0.E0,0.E0));
#1896=VECTOR('',#1895,6.4E-1);
#1897=CARTESIAN_POINT('',(3.2E-1,-1.18E0,-4.285E0));
#1898=LINE('',#1897,#1896);
#1899=DIRECTION('',(-1.E0,0.E0,0.E0));
#1900=VECTOR('',#1899,6.4E-1);
#1901=CARTESIAN_POINT('',(3.2E-1,-1.18E0,1.555E0));
#1902=LINE('',#1901,#1900);
#1903=DIRECTION('',(1.744369497455E-1,1.744369497455E-1,-9.690941652528E-1));
#1904=VECTOR('',#1903,1.031891467161E0);
#1905=CARTESIAN_POINT('',(1.4E-1,-1.36E0,2.555E0));
#1906=LINE('',#1905,#1904);
#1907=DIRECTION('',(-1.E0,0.E0,0.E0));
#1908=VECTOR('',#1907,2.8E-1);
#1909=CARTESIAN_POINT('',(1.4E-1,-1.64E0,2.555E0));
#1910=LINE('',#1909,#1908);
#1911=DIRECTION('',(0.E0,1.E0,0.E0));
#1912=VECTOR('',#1911,2.8E-1);
#1913=CARTESIAN_POINT('',(-1.4E-1,-1.64E0,2.555E0));
#1914=LINE('',#1913,#1912);
#1915=DIRECTION('',(-1.E0,0.E0,0.E0));
#1916=VECTOR('',#1915,2.8E-1);
#1917=CARTESIAN_POINT('',(1.4E-1,-1.36E0,2.555E0));
#1918=LINE('',#1917,#1916);
#1919=DIRECTION('',(0.E0,-1.E0,0.E0));
#1920=VECTOR('',#1919,2.8E-1);
#1921=CARTESIAN_POINT('',(1.4E-1,-1.36E0,2.555E0));
#1922=LINE('',#1921,#1920);
#1923=DIRECTION('',(-1.744369497455E-1,1.744369497455E-1,9.690941652528E-1));
#1924=VECTOR('',#1923,1.031891467161E0);
#1925=CARTESIAN_POINT('',(3.2E-1,-1.82E0,1.555E0));
#1926=LINE('',#1925,#1924);
#1927=DIRECTION('',(-1.744369497455E-1,-1.744369497455E-1,-9.690941652528E-1));
#1928=VECTOR('',#1927,1.031891467161E0);
#1929=CARTESIAN_POINT('',(-1.4E-1,-1.64E0,2.555E0));
#1930=LINE('',#1929,#1928);
#1931=DIRECTION('',(-1.E0,0.E0,0.E0));
#1932=VECTOR('',#1931,6.4E-1);
#1933=CARTESIAN_POINT('',(3.2E-1,-1.82E0,1.555E0));
#1934=LINE('',#1933,#1932);
#1935=DIRECTION('',(-1.744369497455E-1,1.744369497455E-1,-9.690941652528E-1));
#1936=VECTOR('',#1935,1.031891467161E0);
#1937=CARTESIAN_POINT('',(-1.4E-1,-1.36E0,2.555E0));
#1938=LINE('',#1937,#1936);
#1939=DIRECTION('',(0.E0,0.E0,1.E0));
#1940=VECTOR('',#1939,1.3E0);
#1941=CARTESIAN_POINT('',(-3.2E-1,3.175E0,-4.955E0));
#1942=LINE('',#1941,#1940);
#1943=DIRECTION('',(1.E0,0.E0,0.E0));
#1944=VECTOR('',#1943,6.4E-1);
#1945=CARTESIAN_POINT('',(-3.2E-1,3.175E0,-3.655E0));
#1946=LINE('',#1945,#1944);
#1947=DIRECTION('',(0.E0,0.E0,1.E0));
#1948=VECTOR('',#1947,1.3E0);
#1949=CARTESIAN_POINT('',(3.2E-1,3.175E0,-4.955E0));
#1950=LINE('',#1949,#1948);
#1951=DIRECTION('',(0.E0,0.E0,-1.E0));
#1952=VECTOR('',#1951,1.75E0);
#1953=CARTESIAN_POINT('',(1.825E0,3.175E0,-3.205E0));
#1954=LINE('',#1953,#1952);
#1955=DIRECTION('',(1.E0,0.E0,0.E0));
#1956=VECTOR('',#1955,3.65E0);
#1957=CARTESIAN_POINT('',(-1.825E0,3.175E0,-3.205E0));
#1958=LINE('',#1957,#1956);
#1959=DIRECTION('',(0.E0,0.E0,1.E0));
#1960=VECTOR('',#1959,1.75E0);
#1961=CARTESIAN_POINT('',(-1.825E0,3.175E0,-4.955E0));
#1962=LINE('',#1961,#1960);
#1963=DIRECTION('',(0.E0,-1.E0,0.E0));
#1964=VECTOR('',#1963,2.55E-1);
#1965=CARTESIAN_POINT('',(1.825E0,3.43E0,-3.205E0));
#1966=LINE('',#1965,#1964);
#1967=DIRECTION('',(0.E0,-1.E0,0.E0));
#1968=VECTOR('',#1967,2.55E-1);
#1969=CARTESIAN_POINT('',(-1.825E0,3.43E0,-3.205E0));
#1970=LINE('',#1969,#1968);
#1971=DIRECTION('',(-1.E0,0.E0,0.E0));
#1972=VECTOR('',#1971,6.4E-1);
#1973=CARTESIAN_POINT('',(3.2E-1,-3.2E-1,-4.955E0));
#1974=LINE('',#1973,#1972);
#1975=DIRECTION('',(-1.744369497455E-1,-9.690941652528E-1,1.744369497455E-1));
#1976=VECTOR('',#1975,1.031891467161E0);
#1977=CARTESIAN_POINT('',(3.2E-1,-6.12E0,-4.285E0));
#1978=LINE('',#1977,#1976);
#1979=DIRECTION('',(0.E0,0.E0,1.E0));
#1980=VECTOR('',#1979,2.8E-1);
#1981=CARTESIAN_POINT('',(-1.4E-1,-7.12E0,-4.105E0));
#1982=LINE('',#1981,#1980);
#1983=DIRECTION('',(-1.E0,0.E0,0.E0));
#1984=VECTOR('',#1983,2.8E-1);
#1985=CARTESIAN_POINT('',(1.4E-1,-7.12E0,-3.825E0));
#1986=LINE('',#1985,#1984);
#1987=DIRECTION('',(0.E0,0.E0,-1.E0));
#1988=VECTOR('',#1987,2.8E-1);
#1989=CARTESIAN_POINT('',(1.4E-1,-7.12E0,-3.825E0));
#1990=LINE('',#1989,#1988);
#1991=DIRECTION('',(-1.E0,0.E0,0.E0));
#1992=VECTOR('',#1991,2.8E-1);
#1993=CARTESIAN_POINT('',(1.4E-1,-7.12E0,-4.105E0));
#1994=LINE('',#1993,#1992);
#1995=DIRECTION('',(-1.744369497455E-1,9.690941652528E-1,1.744369497455E-1));
#1996=VECTOR('',#1995,1.031891467161E0);
#1997=CARTESIAN_POINT('',(-1.4E-1,-7.12E0,-3.825E0));
#1998=LINE('',#1997,#1996);
#1999=DIRECTION('',(1.744369497455E-1,9.690941652528E-1,1.744369497455E-1));
#2000=VECTOR('',#1999,1.031891467161E0);
#2001=CARTESIAN_POINT('',(1.4E-1,-7.12E0,-3.825E0));
#2002=LINE('',#2001,#2000);
#2003=DIRECTION('',(-1.E0,0.E0,0.E0));
#2004=VECTOR('',#2003,6.4E-1);
#2005=CARTESIAN_POINT('',(3.2E-1,-6.12E0,-3.645E0));
#2006=LINE('',#2005,#2004);
#2007=DIRECTION('',(-1.744369497455E-1,9.690941652528E-1,-1.744369497455E-1));
#2008=VECTOR('',#2007,1.031891467161E0);
#2009=CARTESIAN_POINT('',(-1.4E-1,-7.12E0,-4.105E0));
#2010=LINE('',#2009,#2008);
#2011=DIRECTION('',(0.E0,0.E0,-1.E0));
#2012=VECTOR('',#2011,6.7E-1);
#2013=CARTESIAN_POINT('',(3.2E-1,1.6E0,-4.285E0));
#2014=LINE('',#2013,#2012);
#2015=DIRECTION('',(-1.E0,0.E0,0.E0));
#2016=VECTOR('',#2015,3.255E0);
#2017=CARTESIAN_POINT('',(3.575E0,1.6E0,-4.955E0));
#2018=LINE('',#2017,#2016);
#2019=DIRECTION('',(0.E0,0.E0,-1.E0));
#2020=VECTOR('',#2019,6.7E-1);
#2021=CARTESIAN_POINT('',(-3.2E-1,1.6E0,-4.285E0));
#2022=LINE('',#2021,#2020);
#2023=DIRECTION('',(-1.E0,0.E0,0.E0));
#2024=VECTOR('',#2023,3.305E0);
#2025=CARTESIAN_POINT('',(-3.2E-1,1.6E0,-4.955E0));
#2026=LINE('',#2025,#2024);
#2027=DIRECTION('',(-1.E0,0.E0,0.E0));
#2028=VECTOR('',#2027,1.7E0);
#2029=CARTESIAN_POINT('',(3.575E0,-1.E0,-3.685E0));
#2030=LINE('',#2029,#2028);
#2031=DIRECTION('',(-1.E0,0.E0,0.E0));
#2032=VECTOR('',#2031,1.7E0);
#2033=CARTESIAN_POINT('',(3.575E0,1.E0,-3.685E0));
#2034=LINE('',#2033,#2032);
#2035=DIRECTION('',(0.E0,0.E0,1.E0));
#2036=VECTOR('',#2035,6.E-1);
#2037=CARTESIAN_POINT('',(1.875E0,1.E0,-4.285E0));
#2038=LINE('',#2037,#2036);
#2039=DIRECTION('',(0.E0,0.E0,-1.E0));
#2040=VECTOR('',#2039,6.E-1);
#2041=CARTESIAN_POINT('',(1.875E0,-1.E0,-3.685E0));
#2042=LINE('',#2041,#2040);
#2043=DIRECTION('',(0.E0,-1.E0,0.E0));
#2044=VECTOR('',#2043,2.E0);
#2045=CARTESIAN_POINT('',(1.875E0,1.E0,-3.685E0));
#2046=LINE('',#2045,#2044);
#2047=DIRECTION('',(-1.E0,0.E0,0.E0));
#2048=VECTOR('',#2047,1.65E0);
#2049=CARTESIAN_POINT('',(3.575E0,-1.1E0,-1.95E-1));
#2050=LINE('',#2049,#2048);
#2051=DIRECTION('',(1.E0,0.E0,0.E0));
#2052=VECTOR('',#2051,1.7E0);
#2053=CARTESIAN_POINT('',(-3.625E0,-1.1E0,-1.95E-1));
#2054=LINE('',#2053,#2052);
#2055=DIRECTION('',(0.E0,1.E0,0.E0));
#2056=VECTOR('',#2055,1.7E0);
#2057=CARTESIAN_POINT('',(2.375E0,-5.13E0,9.8E-1));
#2058=LINE('',#2057,#2056);
#2059=DIRECTION('',(0.E0,8.855103594040E-1,4.646196330206E-1));
#2060=VECTOR('',#2059,9.147267351510E-1);
#2061=CARTESIAN_POINT('',(2.375E0,-5.94E0,5.55E-1));
#2062=LINE('',#2061,#2060);
#2063=DIRECTION('',(0.E0,0.E0,-1.E0));
#2064=VECTOR('',#2063,4.E-1);
#2065=CARTESIAN_POINT('',(2.375E0,-5.94E0,9.55E-1));
#2066=LINE('',#2065,#2064);
#2067=DIRECTION('',(0.E0,-7.666479665407E-1,-6.420676719778E-1));
#2068=VECTOR('',#2067,1.043503713458E0);
#2069=CARTESIAN_POINT('',(2.375E0,-5.14E0,1.625E0));
#2070=LINE('',#2069,#2068);
#2071=DIRECTION('',(0.E0,-7.189883760491E-1,6.950220968475E-1));
#2072=VECTOR('',#2071,2.086264604502E-1);
#2073=CARTESIAN_POINT('',(2.375E0,-4.99E0,1.48E0));
#2074=LINE('',#2073,#2072);
#2075=DIRECTION('',(0.E0,-1.E0,0.E0));
#2076=VECTOR('',#2075,1.56E0);
#2077=CARTESIAN_POINT('',(2.375E0,-3.43E0,1.48E0));
#2078=LINE('',#2077,#2076);
#2079=DIRECTION('',(0.E0,1.E0,0.E0));
#2080=VECTOR('',#2079,1.56E0);
#2081=CARTESIAN_POINT('',(2.375E0,-4.99E0,-7.7E-1));
#2082=LINE('',#2081,#2080);
#2083=DIRECTION('',(0.E0,7.189883760491E-1,6.950220968475E-1));
#2084=VECTOR('',#2083,2.086264604502E-1);
#2085=CARTESIAN_POINT('',(2.375E0,-5.14E0,-9.15E-1));
#2086=LINE('',#2085,#2084);
#2087=DIRECTION('',(0.E0,7.666479665407E-1,-6.420676719778E-1));
#2088=VECTOR('',#2087,1.043503713458E0);
#2089=CARTESIAN_POINT('',(2.375E0,-5.94E0,-2.45E-1));
#2090=LINE('',#2089,#2088);
#2091=DIRECTION('',(0.E0,0.E0,-1.E0));
#2092=VECTOR('',#2091,4.E-1);
#2093=CARTESIAN_POINT('',(2.375E0,-5.94E0,1.55E-1));
#2094=LINE('',#2093,#2092);
#2095=DIRECTION('',(0.E0,-8.855103594040E-1,4.646196330206E-1));
#2096=VECTOR('',#2095,9.147267351510E-1);
#2097=CARTESIAN_POINT('',(2.375E0,-5.13E0,-2.7E-1));
#2098=LINE('',#2097,#2096);
#2099=DIRECTION('',(0.E0,-1.E0,0.E0));
#2100=VECTOR('',#2099,1.7E0);
#2101=CARTESIAN_POINT('',(2.375E0,-3.43E0,-2.7E-1));
#2102=LINE('',#2101,#2100);
#2103=DIRECTION('',(1.E0,0.E0,0.E0));
#2104=VECTOR('',#2103,4.5E-1);
#2105=CARTESIAN_POINT('',(1.925E0,-5.13E0,9.8E-1));
#2106=LINE('',#2105,#2104);
#2107=DIRECTION('',(0.E0,-1.E0,0.E0));
#2108=VECTOR('',#2107,1.56E0);
#2109=CARTESIAN_POINT('',(1.925E0,-3.43E0,1.48E0));
#2110=LINE('',#2109,#2108);
#2111=DIRECTION('',(0.E0,-7.189883760491E-1,6.950220968475E-1));
#2112=VECTOR('',#2111,2.086264604502E-1);
#2113=CARTESIAN_POINT('',(1.925E0,-4.99E0,1.48E0));
#2114=LINE('',#2113,#2112);
#2115=DIRECTION('',(0.E0,-7.666479665407E-1,-6.420676719778E-1));
#2116=VECTOR('',#2115,1.043503713458E0);
#2117=CARTESIAN_POINT('',(1.925E0,-5.14E0,1.625E0));
#2118=LINE('',#2117,#2116);
#2119=DIRECTION('',(0.E0,0.E0,-1.E0));
#2120=VECTOR('',#2119,4.E-1);
#2121=CARTESIAN_POINT('',(1.925E0,-5.94E0,9.55E-1));
#2122=LINE('',#2121,#2120);
#2123=DIRECTION('',(0.E0,8.855103594040E-1,4.646196330206E-1));
#2124=VECTOR('',#2123,9.147267351510E-1);
#2125=CARTESIAN_POINT('',(1.925E0,-5.94E0,5.55E-1));
#2126=LINE('',#2125,#2124);
#2127=DIRECTION('',(0.E0,1.E0,0.E0));
#2128=VECTOR('',#2127,1.7E0);
#2129=CARTESIAN_POINT('',(1.925E0,-5.13E0,9.8E-1));
#2130=LINE('',#2129,#2128);
#2131=DIRECTION('',(0.E0,-1.E0,0.E0));
#2132=VECTOR('',#2131,1.7E0);
#2133=CARTESIAN_POINT('',(1.925E0,-3.43E0,-2.7E-1));
#2134=LINE('',#2133,#2132);
#2135=DIRECTION('',(0.E0,-8.855103594040E-1,4.646196330206E-1));
#2136=VECTOR('',#2135,9.147267351510E-1);
#2137=CARTESIAN_POINT('',(1.925E0,-5.13E0,-2.7E-1));
#2138=LINE('',#2137,#2136);
#2139=DIRECTION('',(0.E0,0.E0,-1.E0));
#2140=VECTOR('',#2139,4.E-1);
#2141=CARTESIAN_POINT('',(1.925E0,-5.94E0,1.55E-1));
#2142=LINE('',#2141,#2140);
#2143=DIRECTION('',(0.E0,7.666479665407E-1,-6.420676719778E-1));
#2144=VECTOR('',#2143,1.043503713458E0);
#2145=CARTESIAN_POINT('',(1.925E0,-5.94E0,-2.45E-1));
#2146=LINE('',#2145,#2144);
#2147=DIRECTION('',(0.E0,7.189883760491E-1,6.950220968475E-1));
#2148=VECTOR('',#2147,2.086264604502E-1);
#2149=CARTESIAN_POINT('',(1.925E0,-5.14E0,-9.15E-1));
#2150=LINE('',#2149,#2148);
#2151=DIRECTION('',(0.E0,1.E0,0.E0));
#2152=VECTOR('',#2151,1.56E0);
#2153=CARTESIAN_POINT('',(1.925E0,-4.99E0,-7.7E-1));
#2154=LINE('',#2153,#2152);
#2155=DIRECTION('',(1.E0,0.E0,0.E0));
#2156=VECTOR('',#2155,4.5E-1);
#2157=CARTESIAN_POINT('',(1.925E0,-4.99E0,1.48E0));
#2158=LINE('',#2157,#2156);
#2159=DIRECTION('',(1.E0,0.E0,0.E0));
#2160=VECTOR('',#2159,4.5E-1);
#2161=CARTESIAN_POINT('',(1.925E0,-5.14E0,1.625E0));
#2162=LINE('',#2161,#2160);
#2163=DIRECTION('',(1.E0,0.E0,0.E0));
#2164=VECTOR('',#2163,4.5E-1);
#2165=CARTESIAN_POINT('',(1.925E0,-5.94E0,9.55E-1));
#2166=LINE('',#2165,#2164);
#2167=DIRECTION('',(1.E0,0.E0,0.E0));
#2168=VECTOR('',#2167,4.5E-1);
#2169=CARTESIAN_POINT('',(1.925E0,-5.94E0,5.55E-1));
#2170=LINE('',#2169,#2168);
#2171=DIRECTION('',(1.E0,0.E0,0.E0));
#2172=VECTOR('',#2171,4.5E-1);
#2173=CARTESIAN_POINT('',(1.925E0,-5.13E0,-2.7E-1));
#2174=LINE('',#2173,#2172);
#2175=DIRECTION('',(1.E0,0.E0,0.E0));
#2176=VECTOR('',#2175,4.5E-1);
#2177=CARTESIAN_POINT('',(1.925E0,-5.94E0,1.55E-1));
#2178=LINE('',#2177,#2176);
#2179=DIRECTION('',(1.E0,0.E0,0.E0));
#2180=VECTOR('',#2179,4.5E-1);
#2181=CARTESIAN_POINT('',(1.925E0,-5.94E0,-2.45E-1));
#2182=LINE('',#2181,#2180);
#2183=DIRECTION('',(1.E0,0.E0,0.E0));
#2184=VECTOR('',#2183,4.5E-1);
#2185=CARTESIAN_POINT('',(1.925E0,-5.14E0,-9.15E-1));
#2186=LINE('',#2185,#2184);
#2187=DIRECTION('',(1.E0,0.E0,0.E0));
#2188=VECTOR('',#2187,4.5E-1);
#2189=CARTESIAN_POINT('',(1.925E0,-4.99E0,-7.7E-1));
#2190=LINE('',#2189,#2188);
#2191=CARTESIAN_POINT('',(-1.925E0,-3.43E0,4.955E0));
#2192=CARTESIAN_POINT('',(-2.375E0,-3.43E0,4.424642857143E0));
#2193=VERTEX_POINT('',#2191);
#2194=VERTEX_POINT('',#2192);
#2195=CARTESIAN_POINT('',(2.375E0,-3.43E0,4.424642857143E0));
#2196=CARTESIAN_POINT('',(1.925E0,-3.43E0,4.955E0));
#2197=VERTEX_POINT('',#2195);
#2198=VERTEX_POINT('',#2196);
#2199=CARTESIAN_POINT('',(-1.925E0,3.43E0,4.955E0));
#2200=CARTESIAN_POINT('',(-3.325E0,3.43E0,3.305E0));
#2201=VERTEX_POINT('',#2199);
#2202=VERTEX_POINT('',#2200);
#2203=CARTESIAN_POINT('',(3.325E0,3.43E0,3.305E0));
#2204=CARTESIAN_POINT('',(1.925E0,3.43E0,4.955E0));
#2205=VERTEX_POINT('',#2203);
#2206=VERTEX_POINT('',#2204);
#2207=CARTESIAN_POINT('',(-7.E-1,4.193089304828E0,2.016117317538E0));
#2208=CARTESIAN_POINT('',(-7.E-1,4.83E0,2.005E0));
#2209=VERTEX_POINT('',#2207);
#2210=VERTEX_POINT('',#2208);
#2211=CARTESIAN_POINT('',(-7.E-1,4.83E0,2.755E0));
#2212=VERTEX_POINT('',#2211);
#2213=CARTESIAN_POINT('',(7.E-1,4.193089304828E0,2.016117317538E0));
#2214=CARTESIAN_POINT('',(7.E-1,4.83E0,2.005E0));
#2215=VERTEX_POINT('',#2213);
#2216=VERTEX_POINT('',#2214);
#2217=CARTESIAN_POINT('',(7.E-1,4.83E0,2.755E0));
#2218=VERTEX_POINT('',#2217);
#2219=CARTESIAN_POINT('',(-7.E-1,3.43E0,4.415E0));
#2220=CARTESIAN_POINT('',(-7.E-1,3.43E0,1.266231546170E0));
#2221=VERTEX_POINT('',#2219);
#2222=VERTEX_POINT('',#2220);
#2223=CARTESIAN_POINT('',(7.E-1,3.43E0,4.415E0));
#2224=CARTESIAN_POINT('',(7.E-1,3.43E0,1.266231546170E0));
#2225=VERTEX_POINT('',#2223);
#2226=VERTEX_POINT('',#2224);
#2227=CARTESIAN_POINT('',(1.925E0,-2.41E0,4.955E0));
#2228=CARTESIAN_POINT('',(1.925E0,2.68E0,4.955E0));
#2229=VERTEX_POINT('',#2227);
#2230=VERTEX_POINT('',#2228);
#2231=CARTESIAN_POINT('',(3.325E0,2.68E0,3.305E0));
#2232=VERTEX_POINT('',#2231);
#2233=CARTESIAN_POINT('',(3.325E0,-2.41E0,3.305E0));
#2234=VERTEX_POINT('',#2233);
#2235=CARTESIAN_POINT('',(3.325E0,-2.93E0,3.305E0));
#2236=VERTEX_POINT('',#2235);
#2237=CARTESIAN_POINT('',(1.925E0,2.68E0,3.305E0));
#2238=VERTEX_POINT('',#2237);
#2239=CARTESIAN_POINT('',(1.925E0,-2.41E0,3.305E0));
#2240=VERTEX_POINT('',#2239);
#2241=CARTESIAN_POINT('',(3.325E0,-2.93E0,1.785E0));
#2242=VERTEX_POINT('',#2241);
#2243=CARTESIAN_POINT('',(-1.925E0,-2.41E0,4.955E0));
#2244=CARTESIAN_POINT('',(-1.925E0,2.68E0,4.955E0));
#2245=VERTEX_POINT('',#2243);
#2246=VERTEX_POINT('',#2244);
#2247=CARTESIAN_POINT('',(-3.325E0,2.68E0,3.305E0));
#2248=VERTEX_POINT('',#2247);
#2249=CARTESIAN_POINT('',(-3.325E0,-2.41E0,3.305E0));
#2250=VERTEX_POINT('',#2249);
#2251=CARTESIAN_POINT('',(-3.325E0,-2.93E0,3.305E0));
#2252=VERTEX_POINT('',#2251);
#2253=CARTESIAN_POINT('',(-1.925E0,2.68E0,3.305E0));
#2254=VERTEX_POINT('',#2253);
#2255=CARTESIAN_POINT('',(-1.925E0,-2.41E0,3.305E0));
#2256=VERTEX_POINT('',#2255);
#2257=CARTESIAN_POINT('',(1.875E0,1.E0,-3.685E0));
#2258=CARTESIAN_POINT('',(1.875E0,-1.E0,-3.685E0));
#2259=VERTEX_POINT('',#2257);
#2260=VERTEX_POINT('',#2258);
#2261=CARTESIAN_POINT('',(3.575E0,1.E0,-4.285E0));
#2262=CARTESIAN_POINT('',(1.875E0,1.E0,-4.285E0));
#2263=VERTEX_POINT('',#2261);
#2264=VERTEX_POINT('',#2262);
#2265=CARTESIAN_POINT('',(3.575E0,-1.E0,-4.285E0));
#2266=CARTESIAN_POINT('',(1.875E0,-1.E0,-4.285E0));
#2267=VERTEX_POINT('',#2265);
#2268=VERTEX_POINT('',#2266);
#2269=CARTESIAN_POINT('',(3.575E0,1.E0,-3.685E0));
#2270=VERTEX_POINT('',#2269);
#2271=CARTESIAN_POINT('',(3.575E0,-1.E0,-3.685E0));
#2272=VERTEX_POINT('',#2271);
#2273=CARTESIAN_POINT('',(-1.825E0,3.175E0,-3.205E0));
#2274=CARTESIAN_POINT('',(1.825E0,3.175E0,-3.205E0));
#2275=VERTEX_POINT('',#2273);
#2276=VERTEX_POINT('',#2274);
#2277=CARTESIAN_POINT('',(-1.825E0,3.43E0,-4.955E0));
#2278=CARTESIAN_POINT('',(-1.825E0,3.43E0,-3.205E0));
#2279=VERTEX_POINT('',#2277);
#2280=VERTEX_POINT('',#2278);
#2281=CARTESIAN_POINT('',(1.825E0,3.43E0,-3.205E0));
#2282=VERTEX_POINT('',#2281);
#2283=CARTESIAN_POINT('',(1.825E0,3.43E0,-4.955E0));
#2284=VERTEX_POINT('',#2283);
#2285=CARTESIAN_POINT('',(-1.825E0,3.175E0,-4.955E0));
#2286=VERTEX_POINT('',#2285);
#2287=CARTESIAN_POINT('',(1.825E0,3.175E0,-4.955E0));
#2288=VERTEX_POINT('',#2287);
#2289=CARTESIAN_POINT('',(-3.2E-1,-2.78E0,-4.955E0));
#2290=CARTESIAN_POINT('',(-3.2E-1,-3.43E0,-4.955E0));
#2291=VERTEX_POINT('',#2289);
#2292=VERTEX_POINT('',#2290);
#2293=CARTESIAN_POINT('',(3.2E-1,-2.78E0,-4.955E0));
#2294=CARTESIAN_POINT('',(3.2E-1,-3.43E0,-4.955E0));
#2295=VERTEX_POINT('',#2293);
#2296=VERTEX_POINT('',#2294);
#2297=CARTESIAN_POINT('',(-3.2E-1,-2.78E0,-4.285E0));
#2298=VERTEX_POINT('',#2297);
#2299=CARTESIAN_POINT('',(3.2E-1,-2.78E0,-4.285E0));
#2300=VERTEX_POINT('',#2299);
#2301=CARTESIAN_POINT('',(2.375E0,-3.94E0,-3.355E0));
#2302=CARTESIAN_POINT('',(2.375E0,-3.43E0,-3.355E0));
#2303=VERTEX_POINT('',#2301);
#2304=VERTEX_POINT('',#2302);
#2305=CARTESIAN_POINT('',(-2.375E0,-3.94E0,-3.355E0));
#2306=CARTESIAN_POINT('',(-2.375E0,-3.43E0,-3.355E0));
#2307=VERTEX_POINT('',#2305);
#2308=VERTEX_POINT('',#2306);
#2309=CARTESIAN_POINT('',(2.375E0,-3.94E0,-4.955E0));
#2310=VERTEX_POINT('',#2309);
#2311=CARTESIAN_POINT('',(-2.375E0,-3.94E0,-4.955E0));
#2312=VERTEX_POINT('',#2311);
#2313=CARTESIAN_POINT('',(3.575E0,-2.798421052632E0,-3.355E0));
#2314=VERTEX_POINT('',#2313);
#2315=CARTESIAN_POINT('',(2.375E0,-3.43E0,-4.955E0));
#2316=VERTEX_POINT('',#2315);
#2317=CARTESIAN_POINT('',(-2.375E0,-3.43E0,-4.955E0));
#2318=VERTEX_POINT('',#2317);
#2319=CARTESIAN_POINT('',(-3.2E-1,-3.43E0,-4.285E0));
#2320=VERTEX_POINT('',#2319);
#2321=CARTESIAN_POINT('',(3.2E-1,-3.43E0,-4.285E0));
#2322=VERTEX_POINT('',#2321);
#2323=CARTESIAN_POINT('',(-3.2E-1,3.175E0,-3.655E0));
#2324=CARTESIAN_POINT('',(-3.2E-1,1.82E0,-3.655E0));
#2325=VERTEX_POINT('',#2323);
#2326=VERTEX_POINT('',#2324);
#2327=CARTESIAN_POINT('',(3.2E-1,3.175E0,-3.655E0));
#2328=CARTESIAN_POINT('',(3.2E-1,1.82E0,-3.655E0));
#2329=VERTEX_POINT('',#2327);
#2330=VERTEX_POINT('',#2328);
#2331=CARTESIAN_POINT('',(-3.575E0,1.E0,-3.685E0));
#2332=CARTESIAN_POINT('',(-3.575E0,-1.E0,-3.685E0));
#2333=VERTEX_POINT('',#2331);
#2334=VERTEX_POINT('',#2332);
#2335=CARTESIAN_POINT('',(-1.875E0,1.E0,-3.685E0));
#2336=CARTESIAN_POINT('',(-1.875E0,-1.E0,-3.685E0));
#2337=VERTEX_POINT('',#2335);
#2338=VERTEX_POINT('',#2336);
#2339=CARTESIAN_POINT('',(-1.875E0,-1.E0,-4.285E0));
#2340=CARTESIAN_POINT('',(-1.875E0,1.E0,-4.285E0));
#2341=VERTEX_POINT('',#2339);
#2342=VERTEX_POINT('',#2340);
#2343=CARTESIAN_POINT('',(-3.575E0,1.E0,-4.285E0));
#2344=VERTEX_POINT('',#2343);
#2345=CARTESIAN_POINT('',(-3.575E0,-1.E0,-4.285E0));
#2346=VERTEX_POINT('',#2345);
#2347=CARTESIAN_POINT('',(1.925E0,-1.1E0,-1.95E-1));
#2348=CARTESIAN_POINT('',(1.925E0,-5.75E-1,-1.95E-1));
#2349=VERTEX_POINT('',#2347);
#2350=VERTEX_POINT('',#2348);
#2351=CARTESIAN_POINT('',(1.925E0,5.75E-1,-1.95E-1));
#2352=CARTESIAN_POINT('',(1.925E0,1.1E0,-1.95E-1));
#2353=VERTEX_POINT('',#2351);
#2354=VERTEX_POINT('',#2352);
#2355=CARTESIAN_POINT('',(3.325E0,-1.1E0,3.305E0));
#2356=CARTESIAN_POINT('',(3.325E0,-1.1E0,1.785E0));
#2357=VERTEX_POINT('',#2355);
#2358=VERTEX_POINT('',#2356);
#2359=CARTESIAN_POINT('',(3.325E0,1.1E0,3.305E0));
#2360=CARTESIAN_POINT('',(3.325E0,1.1E0,1.785E0));
#2361=VERTEX_POINT('',#2359);
#2362=VERTEX_POINT('',#2360);
#2363=CARTESIAN_POINT('',(1.925E0,-1.1E0,3.305E0));
#2364=VERTEX_POINT('',#2363);
#2365=CARTESIAN_POINT('',(1.925E0,1.1E0,3.305E0));
#2366=VERTEX_POINT('',#2365);
#2367=CARTESIAN_POINT('',(3.575E0,-1.1E0,-1.95E-1));
#2368=VERTEX_POINT('',#2367);
#2369=CARTESIAN_POINT('',(3.575E0,-5.75E-1,-1.95E-1));
#2370=VERTEX_POINT('',#2369);
#2371=CARTESIAN_POINT('',(3.575E0,5.75E-1,-1.95E-1));
#2372=VERTEX_POINT('',#2371);
#2373=CARTESIAN_POINT('',(3.575E0,1.1E0,-1.95E-1));
#2374=VERTEX_POINT('',#2373);
#2375=CARTESIAN_POINT('',(-1.925E0,-1.1E0,-1.95E-1));
#2376=CARTESIAN_POINT('',(-1.925E0,-5.75E-1,-1.95E-1));
#2377=VERTEX_POINT('',#2375);
#2378=VERTEX_POINT('',#2376);
#2379=CARTESIAN_POINT('',(-1.925E0,5.75E-1,-1.95E-1));
#2380=CARTESIAN_POINT('',(-1.925E0,1.1E0,-1.95E-1));
#2381=VERTEX_POINT('',#2379);
#2382=VERTEX_POINT('',#2380);
#2383=CARTESIAN_POINT('',(-3.325E0,-1.1E0,3.305E0));
#2384=CARTESIAN_POINT('',(-3.325E0,-1.1E0,1.785E0));
#2385=VERTEX_POINT('',#2383);
#2386=VERTEX_POINT('',#2384);
#2387=CARTESIAN_POINT('',(-3.325E0,1.1E0,3.305E0));
#2388=CARTESIAN_POINT('',(-3.325E0,1.1E0,1.785E0));
#2389=VERTEX_POINT('',#2387);
#2390=VERTEX_POINT('',#2388);
#2391=CARTESIAN_POINT('',(-1.925E0,-1.1E0,3.305E0));
#2392=VERTEX_POINT('',#2391);
#2393=CARTESIAN_POINT('',(-1.925E0,1.1E0,3.305E0));
#2394=VERTEX_POINT('',#2393);
#2395=CARTESIAN_POINT('',(-3.625E0,-1.1E0,-1.95E-1));
#2396=VERTEX_POINT('',#2395);
#2397=CARTESIAN_POINT('',(-3.625E0,-5.75E-1,-1.95E-1));
#2398=VERTEX_POINT('',#2397);
#2399=CARTESIAN_POINT('',(-3.625E0,5.75E-1,-1.95E-1));
#2400=VERTEX_POINT('',#2399);
#2401=CARTESIAN_POINT('',(-3.625E0,1.1E0,-1.95E-1));
#2402=VERTEX_POINT('',#2401);
#2403=CARTESIAN_POINT('',(3.2E-1,1.18E0,-6.645E0));
#2404=CARTESIAN_POINT('',(-3.2E-1,1.18E0,-6.645E0));
#2405=VERTEX_POINT('',#2403);
#2406=VERTEX_POINT('',#2404);
#2407=CARTESIAN_POINT('',(3.2E-1,1.82E0,-7.285E0));
#2408=CARTESIAN_POINT('',(-3.2E-1,1.82E0,-7.285E0));
#2409=VERTEX_POINT('',#2407);
#2410=VERTEX_POINT('',#2408);
#2411=CARTESIAN_POINT('',(3.2E-1,-3.43E0,-3.645E0));
#2412=CARTESIAN_POINT('',(-3.2E-1,-3.43E0,-3.645E0));
#2413=VERTEX_POINT('',#2411);
#2414=VERTEX_POINT('',#2412);
#2415=CARTESIAN_POINT('',(-3.2E-1,1.82E0,-4.955E0));
#2416=VERTEX_POINT('',#2415);
#2417=CARTESIAN_POINT('',(-3.2E-1,1.18E0,-4.285E0));
#2418=CARTESIAN_POINT('',(-3.2E-1,1.18E0,-3.655E0));
#2419=VERTEX_POINT('',#2417);
#2420=VERTEX_POINT('',#2418);
#2421=CARTESIAN_POINT('',(-3.2E-1,-1.18E0,-3.655E0));
#2422=CARTESIAN_POINT('',(-3.2E-1,-1.18E0,-4.285E0));
#2423=VERTEX_POINT('',#2421);
#2424=VERTEX_POINT('',#2422);
#2425=CARTESIAN_POINT('',(3.2E-1,1.18E0,-3.655E0));
#2426=VERTEX_POINT('',#2425);
#2427=CARTESIAN_POINT('',(3.2E-1,-1.18E0,-3.655E0));
#2428=VERTEX_POINT('',#2427);
#2429=CARTESIAN_POINT('',(-3.2E-1,3.175E0,-4.955E0));
#2430=VERTEX_POINT('',#2429);
#2431=CARTESIAN_POINT('',(-3.2E-1,3.2E-1,-3.655E0));
#2432=VERTEX_POINT('',#2431);
#2433=CARTESIAN_POINT('',(-3.2E-1,-3.2E-1,-4.285E0));
#2434=VERTEX_POINT('',#2433);
#2435=CARTESIAN_POINT('',(3.2E-1,1.82E0,-4.955E0));
#2436=VERTEX_POINT('',#2435);
#2437=CARTESIAN_POINT('',(3.2E-1,-1.18E0,-4.285E0));
#2438=VERTEX_POINT('',#2437);
#2439=CARTESIAN_POINT('',(3.2E-1,1.6E0,-4.285E0));
#2440=CARTESIAN_POINT('',(3.2E-1,1.6E0,-4.955E0));
#2441=VERTEX_POINT('',#2439);
#2442=VERTEX_POINT('',#2440);
#2443=CARTESIAN_POINT('',(-3.2E-1,1.6E0,-4.285E0));
#2444=CARTESIAN_POINT('',(-3.2E-1,1.6E0,-4.955E0));
#2445=VERTEX_POINT('',#2443);
#2446=VERTEX_POINT('',#2444);
#2447=CARTESIAN_POINT('',(3.2E-1,1.18E0,-4.285E0));
#2448=VERTEX_POINT('',#2447);
#2449=CARTESIAN_POINT('',(3.2E-1,3.175E0,-4.955E0));
#2450=VERTEX_POINT('',#2449);
#2451=CARTESIAN_POINT('',(3.2E-1,3.2E-1,-3.655E0));
#2452=VERTEX_POINT('',#2451);
#2453=CARTESIAN_POINT('',(3.2E-1,-3.2E-1,-4.285E0));
#2454=VERTEX_POINT('',#2453);
#2455=CARTESIAN_POINT('',(-3.2E-1,3.2E-1,-4.285E0));
#2456=VERTEX_POINT('',#2455);
#2457=CARTESIAN_POINT('',(3.2E-1,3.2E-1,-4.285E0));
#2458=VERTEX_POINT('',#2457);
#2459=CARTESIAN_POINT('',(3.2E-1,-3.2E-1,-4.955E0));
#2460=CARTESIAN_POINT('',(3.2E-1,3.2E-1,-4.955E0));
#2461=VERTEX_POINT('',#2459);
#2462=VERTEX_POINT('',#2460);
#2463=CARTESIAN_POINT('',(-3.2E-1,-3.2E-1,-4.955E0));
#2464=CARTESIAN_POINT('',(-3.2E-1,3.2E-1,-4.955E0));
#2465=VERTEX_POINT('',#2463);
#2466=VERTEX_POINT('',#2464);
#2467=CARTESIAN_POINT('',(2.325E0,5.75E-1,-2.945E0));
#2468=CARTESIAN_POINT('',(1.925E0,5.75E-1,-2.945E0));
#2469=VERTEX_POINT('',#2467);
#2470=VERTEX_POINT('',#2468);
#2471=CARTESIAN_POINT('',(1.925E0,-5.75E-1,-2.945E0));
#2472=VERTEX_POINT('',#2471);
#2473=CARTESIAN_POINT('',(2.325E0,-5.75E-1,-2.945E0));
#2474=VERTEX_POINT('',#2473);
#2475=CARTESIAN_POINT('',(2.325E0,-4.E-1,-2.945E0));
#2476=VERTEX_POINT('',#2475);
#2477=CARTESIAN_POINT('',(2.625E0,-4.E-1,-2.945E0));
#2478=VERTEX_POINT('',#2477);
#2479=CARTESIAN_POINT('',(2.625E0,4.E-1,-2.945E0));
#2480=VERTEX_POINT('',#2479);
#2481=CARTESIAN_POINT('',(2.325E0,4.E-1,-2.945E0));
#2482=VERTEX_POINT('',#2481);
#2483=CARTESIAN_POINT('',(-2.325E0,5.75E-1,-2.945E0));
#2484=CARTESIAN_POINT('',(-2.325E0,4.E-1,-2.945E0));
#2485=VERTEX_POINT('',#2483);
#2486=VERTEX_POINT('',#2484);
#2487=CARTESIAN_POINT('',(-2.625E0,4.E-1,-2.945E0));
#2488=VERTEX_POINT('',#2487);
#2489=CARTESIAN_POINT('',(-2.625E0,-4.E-1,-2.945E0));
#2490=VERTEX_POINT('',#2489);
#2491=CARTESIAN_POINT('',(-2.325E0,-4.E-1,-2.945E0));
#2492=VERTEX_POINT('',#2491);
#2493=CARTESIAN_POINT('',(-2.325E0,-5.75E-1,-2.945E0));
#2494=VERTEX_POINT('',#2493);
#2495=CARTESIAN_POINT('',(-1.925E0,-5.75E-1,-2.945E0));
#2496=VERTEX_POINT('',#2495);
#2497=CARTESIAN_POINT('',(-1.925E0,5.75E-1,-2.945E0));
#2498=VERTEX_POINT('',#2497);
#2499=CARTESIAN_POINT('',(2.325E0,-5.75E-1,-2.695E0));
#2500=CARTESIAN_POINT('',(2.325E0,-4.E-1,-2.695E0));
#2501=VERTEX_POINT('',#2499);
#2502=VERTEX_POINT('',#2500);
#2503=CARTESIAN_POINT('',(2.625E0,-4.E-1,-2.695E0));
#2504=VERTEX_POINT('',#2503);
#2505=CARTESIAN_POINT('',(2.625E0,4.E-1,-2.695E0));
#2506=VERTEX_POINT('',#2505);
#2507=CARTESIAN_POINT('',(2.325E0,4.E-1,-2.695E0));
#2508=VERTEX_POINT('',#2507);
#2509=CARTESIAN_POINT('',(2.325E0,5.75E-1,-2.695E0));
#2510=VERTEX_POINT('',#2509);
#2511=CARTESIAN_POINT('',(-2.325E0,5.75E-1,-2.695E0));
#2512=CARTESIAN_POINT('',(-2.325E0,4.E-1,-2.695E0));
#2513=VERTEX_POINT('',#2511);
#2514=VERTEX_POINT('',#2512);
#2515=CARTESIAN_POINT('',(-2.625E0,4.E-1,-2.695E0));
#2516=VERTEX_POINT('',#2515);
#2517=CARTESIAN_POINT('',(-2.625E0,-4.E-1,-2.695E0));
#2518=VERTEX_POINT('',#2517);
#2519=CARTESIAN_POINT('',(-2.325E0,-4.E-1,-2.695E0));
#2520=VERTEX_POINT('',#2519);
#2521=CARTESIAN_POINT('',(-2.325E0,-5.75E-1,-2.695E0));
#2522=VERTEX_POINT('',#2521);
#2523=CARTESIAN_POINT('',(3.575E0,-5.75E-1,-2.695E0));
#2524=VERTEX_POINT('',#2523);
#2525=CARTESIAN_POINT('',(3.575E0,5.75E-1,-2.695E0));
#2526=VERTEX_POINT('',#2525);
#2527=CARTESIAN_POINT('',(-3.625E0,-5.75E-1,-2.695E0));
#2528=VERTEX_POINT('',#2527);
#2529=CARTESIAN_POINT('',(-3.625E0,5.75E-1,-2.695E0));
#2530=VERTEX_POINT('',#2529);
#2531=CARTESIAN_POINT('',(1.925E0,-5.13E0,-2.7E-1));
#2532=CARTESIAN_POINT('',(1.925E0,-5.94E0,1.55E-1));
#2533=VERTEX_POINT('',#2531);
#2534=VERTEX_POINT('',#2532);
#2535=CARTESIAN_POINT('',(1.925E0,-5.94E0,-2.45E-1));
#2536=VERTEX_POINT('',#2535);
#2537=CARTESIAN_POINT('',(1.925E0,-5.14E0,-9.15E-1));
#2538=VERTEX_POINT('',#2537);
#2539=CARTESIAN_POINT('',(1.925E0,-4.99E0,-7.7E-1));
#2540=VERTEX_POINT('',#2539);
#2541=CARTESIAN_POINT('',(1.925E0,-4.99E0,1.48E0));
#2542=CARTESIAN_POINT('',(1.925E0,-5.14E0,1.625E0));
#2543=VERTEX_POINT('',#2541);
#2544=VERTEX_POINT('',#2542);
#2545=CARTESIAN_POINT('',(1.925E0,-5.94E0,9.55E-1));
#2546=VERTEX_POINT('',#2545);
#2547=CARTESIAN_POINT('',(1.925E0,-5.94E0,5.55E-1));
#2548=VERTEX_POINT('',#2547);
#2549=CARTESIAN_POINT('',(1.925E0,-5.13E0,9.8E-1));
#2550=VERTEX_POINT('',#2549);
#2551=CARTESIAN_POINT('',(2.375E0,-5.13E0,-2.7E-1));
#2552=CARTESIAN_POINT('',(2.375E0,-5.94E0,1.55E-1));
#2553=VERTEX_POINT('',#2551);
#2554=VERTEX_POINT('',#2552);
#2555=CARTESIAN_POINT('',(2.375E0,-5.94E0,-2.45E-1));
#2556=VERTEX_POINT('',#2555);
#2557=CARTESIAN_POINT('',(2.375E0,-5.14E0,-9.15E-1));
#2558=VERTEX_POINT('',#2557);
#2559=CARTESIAN_POINT('',(2.375E0,-4.99E0,-7.7E-1));
#2560=VERTEX_POINT('',#2559);
#2561=CARTESIAN_POINT('',(2.375E0,-4.99E0,1.48E0));
#2562=CARTESIAN_POINT('',(2.375E0,-5.14E0,1.625E0));
#2563=VERTEX_POINT('',#2561);
#2564=VERTEX_POINT('',#2562);
#2565=CARTESIAN_POINT('',(2.375E0,-5.94E0,9.55E-1));
#2566=VERTEX_POINT('',#2565);
#2567=CARTESIAN_POINT('',(2.375E0,-5.94E0,5.55E-1));
#2568=VERTEX_POINT('',#2567);
#2569=CARTESIAN_POINT('',(2.375E0,-5.13E0,9.8E-1));
#2570=VERTEX_POINT('',#2569);
#2571=CARTESIAN_POINT('',(1.925E0,-3.43E0,1.48E0));
#2572=CARTESIAN_POINT('',(1.925E0,-3.43E0,9.8E-1));
#2573=VERTEX_POINT('',#2571);
#2574=VERTEX_POINT('',#2572);
#2575=CARTESIAN_POINT('',(1.925E0,-3.43E0,-2.7E-1));
#2576=CARTESIAN_POINT('',(1.925E0,-3.43E0,-7.7E-1));
#2577=VERTEX_POINT('',#2575);
#2578=VERTEX_POINT('',#2576);
#2579=CARTESIAN_POINT('',(2.375E0,-3.43E0,-7.7E-1));
#2580=VERTEX_POINT('',#2579);
#2581=CARTESIAN_POINT('',(2.375E0,-3.43E0,-2.7E-1));
#2582=VERTEX_POINT('',#2581);
#2583=CARTESIAN_POINT('',(2.375E0,-3.43E0,9.8E-1));
#2584=VERTEX_POINT('',#2583);
#2585=CARTESIAN_POINT('',(2.375E0,-3.43E0,1.48E0));
#2586=VERTEX_POINT('',#2585);
#2587=CARTESIAN_POINT('',(-1.925E0,-5.13E0,-2.7E-1));
#2588=CARTESIAN_POINT('',(-1.925E0,-5.94E0,1.55E-1));
#2589=VERTEX_POINT('',#2587);
#2590=VERTEX_POINT('',#2588);
#2591=CARTESIAN_POINT('',(-1.925E0,-5.94E0,-2.45E-1));
#2592=VERTEX_POINT('',#2591);
#2593=CARTESIAN_POINT('',(-1.925E0,-5.14E0,-9.15E-1));
#2594=VERTEX_POINT('',#2593);
#2595=CARTESIAN_POINT('',(-1.925E0,-4.99E0,-7.7E-1));
#2596=VERTEX_POINT('',#2595);
#2597=CARTESIAN_POINT('',(-1.925E0,-4.99E0,1.48E0));
#2598=CARTESIAN_POINT('',(-1.925E0,-5.14E0,1.625E0));
#2599=VERTEX_POINT('',#2597);
#2600=VERTEX_POINT('',#2598);
#2601=CARTESIAN_POINT('',(-1.925E0,-5.94E0,9.55E-1));
#2602=VERTEX_POINT('',#2601);
#2603=CARTESIAN_POINT('',(-1.925E0,-5.94E0,5.55E-1));
#2604=VERTEX_POINT('',#2603);
#2605=CARTESIAN_POINT('',(-1.925E0,-5.13E0,9.8E-1));
#2606=VERTEX_POINT('',#2605);
#2607=CARTESIAN_POINT('',(-2.375E0,-5.13E0,-2.7E-1));
#2608=CARTESIAN_POINT('',(-2.375E0,-5.94E0,1.55E-1));
#2609=VERTEX_POINT('',#2607);
#2610=VERTEX_POINT('',#2608);
#2611=CARTESIAN_POINT('',(-2.375E0,-5.94E0,-2.45E-1));
#2612=VERTEX_POINT('',#2611);
#2613=CARTESIAN_POINT('',(-2.375E0,-5.14E0,-9.15E-1));
#2614=VERTEX_POINT('',#2613);
#2615=CARTESIAN_POINT('',(-2.375E0,-4.99E0,-7.7E-1));
#2616=VERTEX_POINT('',#2615);
#2617=CARTESIAN_POINT('',(-2.375E0,-4.99E0,1.48E0));
#2618=CARTESIAN_POINT('',(-2.375E0,-5.14E0,1.625E0));
#2619=VERTEX_POINT('',#2617);
#2620=VERTEX_POINT('',#2618);
#2621=CARTESIAN_POINT('',(-2.375E0,-5.94E0,9.55E-1));
#2622=VERTEX_POINT('',#2621);
#2623=CARTESIAN_POINT('',(-2.375E0,-5.94E0,5.55E-1));
#2624=VERTEX_POINT('',#2623);
#2625=CARTESIAN_POINT('',(-2.375E0,-5.13E0,9.8E-1));
#2626=VERTEX_POINT('',#2625);
#2627=CARTESIAN_POINT('',(-2.375E0,-3.43E0,-7.7E-1));
#2628=CARTESIAN_POINT('',(-1.925E0,-3.43E0,-7.7E-1));
#2629=VERTEX_POINT('',#2627);
#2630=VERTEX_POINT('',#2628);
#2631=CARTESIAN_POINT('',(-2.375E0,-3.43E0,-2.7E-1));
#2632=CARTESIAN_POINT('',(-1.925E0,-3.43E0,-2.7E-1));
#2633=VERTEX_POINT('',#2631);
#2634=VERTEX_POINT('',#2632);
#2635=CARTESIAN_POINT('',(-2.375E0,-3.43E0,9.8E-1));
#2636=CARTESIAN_POINT('',(-1.925E0,-3.43E0,9.8E-1));
#2637=VERTEX_POINT('',#2635);
#2638=VERTEX_POINT('',#2636);
#2639=CARTESIAN_POINT('',(-2.375E0,-3.43E0,1.48E0));
#2640=CARTESIAN_POINT('',(-1.925E0,-3.43E0,1.48E0));
#2641=VERTEX_POINT('',#2639);
#2642=VERTEX_POINT('',#2640);
#2643=CARTESIAN_POINT('',(4.75E-1,-3.94E0,3.305E0));
#2644=CARTESIAN_POINT('',(1.475E0,-3.94E0,3.305E0));
#2645=VERTEX_POINT('',#2643);
#2646=VERTEX_POINT('',#2644);
#2647=CARTESIAN_POINT('',(4.75E-1,-3.94E0,-3.355E0));
#2648=CARTESIAN_POINT('',(1.475E0,-3.94E0,-3.355E0));
#2649=VERTEX_POINT('',#2647);
#2650=VERTEX_POINT('',#2648);
#2651=CARTESIAN_POINT('',(4.75E-1,-3.43E0,3.305E0));
#2652=CARTESIAN_POINT('',(1.475E0,-3.43E0,3.305E0));
#2653=VERTEX_POINT('',#2651);
#2654=VERTEX_POINT('',#2652);
#2655=CARTESIAN_POINT('',(4.75E-1,-3.43E0,-3.355E0));
#2656=CARTESIAN_POINT('',(1.475E0,-3.43E0,-3.355E0));
#2657=VERTEX_POINT('',#2655);
#2658=VERTEX_POINT('',#2656);
#2659=CARTESIAN_POINT('',(-1.475E0,-3.94E0,3.305E0));
#2660=CARTESIAN_POINT('',(-4.75E-1,-3.94E0,3.305E0));
#2661=VERTEX_POINT('',#2659);
#2662=VERTEX_POINT('',#2660);
#2663=CARTESIAN_POINT('',(-1.475E0,-3.94E0,-3.355E0));
#2664=CARTESIAN_POINT('',(-4.75E-1,-3.94E0,-3.355E0));
#2665=VERTEX_POINT('',#2663);
#2666=VERTEX_POINT('',#2664);
#2667=CARTESIAN_POINT('',(-1.475E0,-3.43E0,3.305E0));
#2668=CARTESIAN_POINT('',(-4.75E-1,-3.43E0,3.305E0));
#2669=VERTEX_POINT('',#2667);
#2670=VERTEX_POINT('',#2668);
#2671=CARTESIAN_POINT('',(-1.475E0,-3.43E0,-3.355E0));
#2672=CARTESIAN_POINT('',(-4.75E-1,-3.43E0,-3.355E0));
#2673=VERTEX_POINT('',#2671);
#2674=VERTEX_POINT('',#2672);
#2675=CARTESIAN_POINT('',(-1.27E0,2.77E0,-1.645E0));
#2676=CARTESIAN_POINT('',(-1.27E0,2.3E-1,-1.645E0));
#2677=VERTEX_POINT('',#2675);
#2678=VERTEX_POINT('',#2676);
#2679=CARTESIAN_POINT('',(1.27E0,2.3E-1,-1.645E0));
#2680=VERTEX_POINT('',#2679);
#2681=CARTESIAN_POINT('',(1.27E0,2.77E0,-1.645E0));
#2682=VERTEX_POINT('',#2681);
#2683=CARTESIAN_POINT('',(1.27E0,-2.3E-1,-1.645E0));
#2684=CARTESIAN_POINT('',(-1.27E0,-2.3E-1,-1.645E0));
#2685=VERTEX_POINT('',#2683);
#2686=VERTEX_POINT('',#2684);
#2687=CARTESIAN_POINT('',(-1.27E0,-2.07E0,-1.645E0));
#2688=VERTEX_POINT('',#2687);
#2689=CARTESIAN_POINT('',(-5.7E-1,-2.77E0,-1.645E0));
#2690=VERTEX_POINT('',#2689);
#2691=CARTESIAN_POINT('',(1.27E0,-2.77E0,-1.645E0));
#2692=VERTEX_POINT('',#2691);
#2693=CARTESIAN_POINT('',(-1.27E0,2.77E0,4.955E0));
#2694=CARTESIAN_POINT('',(-1.27E0,2.3E-1,4.955E0));
#2695=VERTEX_POINT('',#2693);
#2696=VERTEX_POINT('',#2694);
#2697=CARTESIAN_POINT('',(1.27E0,2.3E-1,4.955E0));
#2698=VERTEX_POINT('',#2697);
#2699=CARTESIAN_POINT('',(1.27E0,2.77E0,4.955E0));
#2700=VERTEX_POINT('',#2699);
#2701=CARTESIAN_POINT('',(1.27E0,-2.3E-1,4.955E0));
#2702=CARTESIAN_POINT('',(-1.27E0,-2.3E-1,4.955E0));
#2703=VERTEX_POINT('',#2701);
#2704=VERTEX_POINT('',#2702);
#2705=CARTESIAN_POINT('',(-1.27E0,-2.07E0,4.955E0));
#2706=VERTEX_POINT('',#2705);
#2707=CARTESIAN_POINT('',(-5.7E-1,-2.77E0,4.955E0));
#2708=VERTEX_POINT('',#2707);
#2709=CARTESIAN_POINT('',(1.27E0,-2.77E0,4.955E0));
#2710=VERTEX_POINT('',#2709);
#2711=CARTESIAN_POINT('',(-3.2E-1,-3.2E-1,-3.655E0));
#2712=VERTEX_POINT('',#2711);
#2713=CARTESIAN_POINT('',(3.2E-1,-3.2E-1,-3.655E0));
#2714=VERTEX_POINT('',#2713);
#2715=CARTESIAN_POINT('',(3.575E0,-3.94E0,-4.955E0));
#2716=CARTESIAN_POINT('',(3.575E0,-2.78E0,-4.955E0));
#2717=VERTEX_POINT('',#2715);
#2718=VERTEX_POINT('',#2716);
#2719=CARTESIAN_POINT('',(3.575E0,-2.78E0,-4.285E0));
#2720=VERTEX_POINT('',#2719);
#2721=CARTESIAN_POINT('',(3.575E0,1.6E0,-4.285E0));
#2722=CARTESIAN_POINT('',(3.575E0,1.6E0,-4.955E0));
#2723=VERTEX_POINT('',#2721);
#2724=VERTEX_POINT('',#2722);
#2725=CARTESIAN_POINT('',(3.575E0,3.43E0,-4.955E0));
#2726=VERTEX_POINT('',#2725);
#2727=CARTESIAN_POINT('',(3.575E0,3.43E0,1.785E0));
#2728=VERTEX_POINT('',#2727);
#2729=CARTESIAN_POINT('',(3.325E0,3.43E0,1.785E0));
#2730=VERTEX_POINT('',#2729);
#2731=CARTESIAN_POINT('',(-3.625E0,3.43E0,1.785E0));
#2732=CARTESIAN_POINT('',(-3.625E0,3.43E0,-4.955E0));
#2733=VERTEX_POINT('',#2731);
#2734=VERTEX_POINT('',#2732);
#2735=CARTESIAN_POINT('',(-3.625E0,1.6E0,-4.955E0));
#2736=VERTEX_POINT('',#2735);
#2737=CARTESIAN_POINT('',(-3.625E0,1.6E0,-4.285E0));
#2738=VERTEX_POINT('',#2737);
#2739=CARTESIAN_POINT('',(-3.625E0,-2.78E0,-4.285E0));
#2740=VERTEX_POINT('',#2739);
#2741=CARTESIAN_POINT('',(-3.625E0,-2.78E0,-4.955E0));
#2742=VERTEX_POINT('',#2741);
#2743=CARTESIAN_POINT('',(-3.625E0,-3.94E0,-4.955E0));
#2744=VERTEX_POINT('',#2743);
#2745=CARTESIAN_POINT('',(-3.325E0,3.43E0,1.785E0));
#2746=VERTEX_POINT('',#2745);
#2747=CARTESIAN_POINT('',(3.575E0,-1.1E0,1.785E0));
#2748=VERTEX_POINT('',#2747);
#2749=CARTESIAN_POINT('',(3.575E0,1.1E0,1.785E0));
#2750=VERTEX_POINT('',#2749);
#2751=CARTESIAN_POINT('',(-3.625E0,-1.1E0,1.785E0));
#2752=VERTEX_POINT('',#2751);
#2753=CARTESIAN_POINT('',(-3.625E0,1.1E0,1.785E0));
#2754=VERTEX_POINT('',#2753);
#2755=CARTESIAN_POINT('',(-3.325E0,-2.93E0,1.785E0));
#2756=VERTEX_POINT('',#2755);
#2757=CARTESIAN_POINT('',(-3.625E0,-2.772105263158E0,-3.355E0));
#2758=VERTEX_POINT('',#2757);
#2759=CARTESIAN_POINT('',(3.575E0,-3.94E0,-3.355E0));
#2760=VERTEX_POINT('',#2759);
#2761=CARTESIAN_POINT('',(3.575E0,-2.798421052632E0,1.785E0));
#2762=VERTEX_POINT('',#2761);
#2763=CARTESIAN_POINT('',(-3.625E0,-3.94E0,-3.355E0));
#2764=VERTEX_POINT('',#2763);
#2765=CARTESIAN_POINT('',(-3.625E0,-2.772105263158E0,1.785E0));
#2766=VERTEX_POINT('',#2765);
#2767=CARTESIAN_POINT('',(3.2E-1,-1.82E0,-1.645E0));
#2768=CARTESIAN_POINT('',(3.2E-1,-1.18E0,-1.645E0));
#2769=VERTEX_POINT('',#2767);
#2770=VERTEX_POINT('',#2768);
#2771=CARTESIAN_POINT('',(3.2E-1,1.18E0,-1.645E0));
#2772=CARTESIAN_POINT('',(3.2E-1,1.82E0,-1.645E0));
#2773=VERTEX_POINT('',#2771);
#2774=VERTEX_POINT('',#2772);
#2775=CARTESIAN_POINT('',(-3.2E-1,-1.82E0,-1.645E0));
#2776=CARTESIAN_POINT('',(-3.2E-1,-1.18E0,-1.645E0));
#2777=VERTEX_POINT('',#2775);
#2778=VERTEX_POINT('',#2776);
#2779=CARTESIAN_POINT('',(-3.2E-1,1.18E0,-1.645E0));
#2780=CARTESIAN_POINT('',(-3.2E-1,1.82E0,-1.645E0));
#2781=VERTEX_POINT('',#2779);
#2782=VERTEX_POINT('',#2780);
#2783=CARTESIAN_POINT('',(1.4E-1,1.36E0,2.555E0));
#2784=CARTESIAN_POINT('',(-1.4E-1,1.36E0,2.555E0));
#2785=VERTEX_POINT('',#2783);
#2786=VERTEX_POINT('',#2784);
#2787=CARTESIAN_POINT('',(3.2E-1,1.18E0,1.555E0));
#2788=CARTESIAN_POINT('',(-3.2E-1,1.18E0,1.555E0));
#2789=VERTEX_POINT('',#2787);
#2790=VERTEX_POINT('',#2788);
#2791=CARTESIAN_POINT('',(-3.2E-1,1.82E0,1.555E0));
#2792=VERTEX_POINT('',#2791);
#2793=CARTESIAN_POINT('',(-1.4E-1,1.64E0,2.555E0));
#2794=VERTEX_POINT('',#2793);
#2795=CARTESIAN_POINT('',(3.2E-1,1.82E0,1.555E0));
#2796=VERTEX_POINT('',#2795);
#2797=CARTESIAN_POINT('',(1.4E-1,1.64E0,2.555E0));
#2798=VERTEX_POINT('',#2797);
#2799=CARTESIAN_POINT('',(-3.2E-1,-6.12E0,-4.285E0));
#2800=CARTESIAN_POINT('',(-3.2E-1,-6.12E0,-3.645E0));
#2801=VERTEX_POINT('',#2799);
#2802=VERTEX_POINT('',#2800);
#2803=CARTESIAN_POINT('',(-1.4E-1,-7.12E0,-4.105E0));
#2804=CARTESIAN_POINT('',(-1.4E-1,-7.12E0,-3.825E0));
#2805=VERTEX_POINT('',#2803);
#2806=VERTEX_POINT('',#2804);
#2807=CARTESIAN_POINT('',(3.2E-1,-6.12E0,-3.645E0));
#2808=VERTEX_POINT('',#2807);
#2809=CARTESIAN_POINT('',(1.4E-1,-7.12E0,-3.825E0));
#2810=VERTEX_POINT('',#2809);
#2811=CARTESIAN_POINT('',(1.4E-1,-7.12E0,-4.105E0));
#2812=VERTEX_POINT('',#2811);
#2813=CARTESIAN_POINT('',(3.2E-1,-6.12E0,-4.285E0));
#2814=VERTEX_POINT('',#2813);
#2815=CARTESIAN_POINT('',(1.4E-1,-7.12E0,-7.105E0));
#2816=CARTESIAN_POINT('',(-1.4E-1,-7.12E0,-7.105E0));
#2817=VERTEX_POINT('',#2815);
#2818=VERTEX_POINT('',#2816);
#2819=CARTESIAN_POINT('',(3.2E-1,-6.12E0,-7.285E0));
#2820=CARTESIAN_POINT('',(-3.2E-1,-6.12E0,-7.285E0));
#2821=VERTEX_POINT('',#2819);
#2822=VERTEX_POINT('',#2820);
#2823=CARTESIAN_POINT('',(-3.2E-1,-6.12E0,-6.645E0));
#2824=VERTEX_POINT('',#2823);
#2825=CARTESIAN_POINT('',(-1.4E-1,-7.12E0,-6.825E0));
#2826=VERTEX_POINT('',#2825);
#2827=CARTESIAN_POINT('',(3.2E-1,-6.12E0,-6.645E0));
#2828=VERTEX_POINT('',#2827);
#2829=CARTESIAN_POINT('',(1.4E-1,-7.12E0,-6.825E0));
#2830=VERTEX_POINT('',#2829);
#2831=CARTESIAN_POINT('',(1.4E-1,-1.64E0,2.555E0));
#2832=CARTESIAN_POINT('',(-1.4E-1,-1.64E0,2.555E0));
#2833=VERTEX_POINT('',#2831);
#2834=VERTEX_POINT('',#2832);
#2835=CARTESIAN_POINT('',(3.2E-1,-1.82E0,1.555E0));
#2836=CARTESIAN_POINT('',(-3.2E-1,-1.82E0,1.555E0));
#2837=VERTEX_POINT('',#2835);
#2838=VERTEX_POINT('',#2836);
#2839=CARTESIAN_POINT('',(-3.2E-1,-1.18E0,1.555E0));
#2840=VERTEX_POINT('',#2839);
#2841=CARTESIAN_POINT('',(-1.4E-1,-1.36E0,2.555E0));
#2842=VERTEX_POINT('',#2841);
#2843=CARTESIAN_POINT('',(3.2E-1,-1.18E0,1.555E0));
#2844=VERTEX_POINT('',#2843);
#2845=CARTESIAN_POINT('',(1.4E-1,-1.36E0,2.555E0));
#2846=VERTEX_POINT('',#2845);
#2847=CARTESIAN_POINT('',(-3.235E0,-3.43E0,-2.585E0));
#2848=CARTESIAN_POINT('',(-3.235E0,-3.43E0,-3.225E0));
#2849=VERTEX_POINT('',#2847);
#2850=VERTEX_POINT('',#2848);
#2851=CARTESIAN_POINT('',(3.235E0,-3.43E0,-3.225E0));
#2852=CARTESIAN_POINT('',(3.235E0,-3.43E0,-2.585E0));
#2853=VERTEX_POINT('',#2851);
#2854=VERTEX_POINT('',#2852);
#2855=CARTESIAN_POINT('',(-3.235E0,-3.76E0,-2.585E0));
#2856=CARTESIAN_POINT('',(-3.235E0,-3.76E0,-3.225E0));
#2857=VERTEX_POINT('',#2855);
#2858=VERTEX_POINT('',#2856);
#2859=CARTESIAN_POINT('',(3.235E0,-3.76E0,-3.225E0));
#2860=CARTESIAN_POINT('',(3.235E0,-3.76E0,-2.585E0));
#2861=VERTEX_POINT('',#2859);
#2862=VERTEX_POINT('',#2860);
#2863=CARTESIAN_POINT('',(2.375E0,-3.43E0,-2.585E0));
#2864=CARTESIAN_POINT('',(2.375E0,-3.43E0,-3.225E0));
#2865=VERTEX_POINT('',#2863);
#2866=VERTEX_POINT('',#2864);
#2867=CARTESIAN_POINT('',(-2.375E0,-3.43E0,-2.585E0));
#2868=CARTESIAN_POINT('',(-2.375E0,-3.43E0,-3.225E0));
#2869=VERTEX_POINT('',#2867);
#2870=VERTEX_POINT('',#2868);
#2871=CARTESIAN_POINT('',(-2.486369455316E0,-3.76E0,-2.585E0));
#2872=VERTEX_POINT('',#2871);
#2873=CARTESIAN_POINT('',(-2.486369455316E0,-3.76E0,-3.225E0));
#2874=VERTEX_POINT('',#2873);
#2875=CARTESIAN_POINT('',(2.486369455316E0,-3.76E0,-3.225E0));
#2876=VERTEX_POINT('',#2875);
#2877=CARTESIAN_POINT('',(2.486369455316E0,-3.76E0,-2.585E0));
#2878=VERTEX_POINT('',#2877);
#2879=CARTESIAN_POINT('',(-1.865E0,-3.43E0,-2.585E0));
#2880=VERTEX_POINT('',#2879);
#2881=CARTESIAN_POINT('',(-1.865E0,-3.43E0,-3.225E0));
#2882=VERTEX_POINT('',#2881);
#2883=CARTESIAN_POINT('',(1.865E0,-3.43E0,-3.225E0));
#2884=VERTEX_POINT('',#2883);
#2885=CARTESIAN_POINT('',(1.865E0,-3.43E0,-2.585E0));
#2886=VERTEX_POINT('',#2885);
#2887=CARTESIAN_POINT('',(-3.325E0,0.E0,0.E0));
#2888=DIRECTION('',(1.E0,0.E0,0.E0));
#2889=DIRECTION('',(0.E0,0.E0,-1.E0));
#2890=AXIS2_PLACEMENT_3D('',#2887,#2888,#2889);
#2891=PLANE('',#2890);
#2893=ORIENTED_EDGE('',*,*,#2892,.F.);
#2895=ORIENTED_EDGE('',*,*,#2894,.F.);
#2897=ORIENTED_EDGE('',*,*,#2896,.T.);
#2899=ORIENTED_EDGE('',*,*,#2898,.T.);
#2901=ORIENTED_EDGE('',*,*,#2900,.T.);
#2902=EDGE_LOOP('',(#2893,#2895,#2897,#2899,#2901));
#2903=FACE_OUTER_BOUND('',#2902,.F.);
#2904=ADVANCED_FACE('',(#2903),#2891,.F.);
#2905=CARTESIAN_POINT('',(-3.325E0,0.E0,0.E0));
#2906=DIRECTION('',(1.E0,0.E0,0.E0));
#2907=DIRECTION('',(0.E0,0.E0,-1.E0));
#2908=AXIS2_PLACEMENT_3D('',#2905,#2906,#2907);
#2909=PLANE('',#2908);
#2911=ORIENTED_EDGE('',*,*,#2910,.T.);
#2913=ORIENTED_EDGE('',*,*,#2912,.T.);
#2915=ORIENTED_EDGE('',*,*,#2914,.T.);
#2917=ORIENTED_EDGE('',*,*,#2916,.T.);
#2919=ORIENTED_EDGE('',*,*,#2918,.F.);
#2920=EDGE_LOOP('',(#2911,#2913,#2915,#2917,#2919));
#2921=FACE_OUTER_BOUND('',#2920,.F.);
#2922=ADVANCED_FACE('',(#2921),#2909,.F.);
#2923=CARTESIAN_POINT('',(-3.825E0,-1.1E0,3.305E0));
#2924=DIRECTION('',(0.E0,1.E0,0.E0));
#2925=DIRECTION('',(0.E0,0.E0,-1.E0));
#2926=AXIS2_PLACEMENT_3D('',#2923,#2924,#2925);
#2927=PLANE('',#2926);
#2928=ORIENTED_EDGE('',*,*,#2892,.T.);
#2930=ORIENTED_EDGE('',*,*,#2929,.T.);
#2932=ORIENTED_EDGE('',*,*,#2931,.T.);
#2934=ORIENTED_EDGE('',*,*,#2933,.T.);
#2936=ORIENTED_EDGE('',*,*,#2935,.F.);
#2938=ORIENTED_EDGE('',*,*,#2937,.T.);
#2939=EDGE_LOOP('',(#2928,#2930,#2932,#2934,#2936,#2938));
#2940=FACE_OUTER_BOUND('',#2939,.F.);
#2941=ADVANCED_FACE('',(#2940),#2927,.T.);
#2942=CARTESIAN_POINT('',(-3.325E0,-3.94E0,1.785E0));
#2943=DIRECTION('',(0.E0,0.E0,1.E0));
#2944=DIRECTION('',(0.E0,1.E0,0.E0));
#2945=AXIS2_PLACEMENT_3D('',#2942,#2943,#2944);
#2946=PLANE('',#2945);
#2947=ORIENTED_EDGE('',*,*,#2929,.F.);
#2948=ORIENTED_EDGE('',*,*,#2900,.F.);
#2950=ORIENTED_EDGE('',*,*,#2949,.T.);
#2952=ORIENTED_EDGE('',*,*,#2951,.T.);
#2953=EDGE_LOOP('',(#2947,#2948,#2950,#2952));
#2954=FACE_OUTER_BOUND('',#2953,.F.);
#2955=ADVANCED_FACE('',(#2954),#2946,.T.);
#2956=CARTESIAN_POINT('',(-3.325E0,-3.94E0,1.785E0));
#2957=DIRECTION('',(0.E0,0.E0,1.E0));
#2958=DIRECTION('',(0.E0,1.E0,0.E0));
#2959=AXIS2_PLACEMENT_3D('',#2956,#2957,#2958);
#2960=PLANE('',#2959);
#2962=ORIENTED_EDGE('',*,*,#2961,.T.);
#2964=ORIENTED_EDGE('',*,*,#2963,.T.);
#2966=ORIENTED_EDGE('',*,*,#2965,.F.);
#2967=ORIENTED_EDGE('',*,*,#2912,.F.);
#2968=EDGE_LOOP('',(#2962,#2964,#2966,#2967));
#2969=FACE_OUTER_BOUND('',#2968,.F.);
#2970=ADVANCED_FACE('',(#2969),#2960,.T.);
#2971=CARTESIAN_POINT('',(-2.375E0,-3.43E0,4.955E0));
#2972=DIRECTION('',(4.657464328326E-1,8.849182223820E-1,0.E0));
#2973=DIRECTION('',(-8.849182223820E-1,4.657464328326E-1,0.E0));
#2974=AXIS2_PLACEMENT_3D('',#2971,#2972,#2973);
#2975=PLANE('',#2974);
#2977=ORIENTED_EDGE('',*,*,#2976,.T.);
#2979=ORIENTED_EDGE('',*,*,#2978,.T.);
#2981=ORIENTED_EDGE('',*,*,#2980,.T.);
#2983=ORIENTED_EDGE('',*,*,#2982,.F.);
#2984=ORIENTED_EDGE('',*,*,#2949,.F.);
#2985=ORIENTED_EDGE('',*,*,#2898,.F.);
#2987=ORIENTED_EDGE('',*,*,#2986,.F.);
#2989=ORIENTED_EDGE('',*,*,#2988,.T.);
#2991=ORIENTED_EDGE('',*,*,#2990,.T.);
#2993=ORIENTED_EDGE('',*,*,#2992,.T.);
#2995=ORIENTED_EDGE('',*,*,#2994,.T.);
#2997=ORIENTED_EDGE('',*,*,#2996,.T.);
#2998=EDGE_LOOP('',(#2977,#2979,#2981,#2983,#2984,#2985,#2987,#2989,#2991,#2993,
#2995,#2997));
#2999=FACE_OUTER_BOUND('',#2998,.F.);
#3000=ADVANCED_FACE('',(#2999),#2975,.F.);
#3001=CARTESIAN_POINT('',(-3.325E0,-3.43E0,0.E0));
#3002=DIRECTION('',(0.E0,-1.E0,0.E0));
#3003=DIRECTION('',(-1.E0,0.E0,0.E0));
#3004=AXIS2_PLACEMENT_3D('',#3001,#3002,#3003);
#3005=PLANE('',#3004);
#3007=ORIENTED_EDGE('',*,*,#3006,.T.);
#3009=ORIENTED_EDGE('',*,*,#3008,.T.);
#3011=ORIENTED_EDGE('',*,*,#3010,.T.);
#3013=ORIENTED_EDGE('',*,*,#3012,.T.);
#3014=EDGE_LOOP('',(#3007,#3009,#3011,#3013));
#3015=FACE_OUTER_BOUND('',#3014,.F.);
#3016=ADVANCED_FACE('',(#3015),#3005,.F.);
#3017=CARTESIAN_POINT('',(-3.325E0,-3.43E0,0.E0));
#3018=DIRECTION('',(0.E0,-1.E0,0.E0));
#3019=DIRECTION('',(-1.E0,0.E0,0.E0));
#3020=AXIS2_PLACEMENT_3D('',#3017,#3018,#3019);
#3021=PLANE('',#3020);
#3022=ORIENTED_EDGE('',*,*,#2976,.F.);
#3024=ORIENTED_EDGE('',*,*,#3023,.T.);
#3026=ORIENTED_EDGE('',*,*,#3025,.T.);
#3028=ORIENTED_EDGE('',*,*,#3027,.T.);
#3029=EDGE_LOOP('',(#3022,#3024,#3026,#3028));
#3030=FACE_OUTER_BOUND('',#3029,.F.);
#3031=ADVANCED_FACE('',(#3030),#3021,.F.);
#3032=CARTESIAN_POINT('',(3.705E0,-2.73E0,4.955E0));
#3033=DIRECTION('',(-4.657464328326E-1,8.849182223820E-1,0.E0));
#3034=DIRECTION('',(-8.849182223820E-1,-4.657464328326E-1,0.E0));
#3035=AXIS2_PLACEMENT_3D('',#3032,#3033,#3034);
#3036=PLANE('',#3035);
#3037=ORIENTED_EDGE('',*,*,#3006,.F.);
#3039=ORIENTED_EDGE('',*,*,#3038,.F.);
#3041=ORIENTED_EDGE('',*,*,#3040,.F.);
#3043=ORIENTED_EDGE('',*,*,#3042,.F.);
#3045=ORIENTED_EDGE('',*,*,#3044,.F.);
#3047=ORIENTED_EDGE('',*,*,#3046,.F.);
#3049=ORIENTED_EDGE('',*,*,#3048,.F.);
#3051=ORIENTED_EDGE('',*,*,#3050,.T.);
#3053=ORIENTED_EDGE('',*,*,#3052,.T.);
#3055=ORIENTED_EDGE('',*,*,#3054,.T.);
#3057=ORIENTED_EDGE('',*,*,#3056,.T.);
#3059=ORIENTED_EDGE('',*,*,#3058,.F.);
#3060=EDGE_LOOP('',(#3037,#3039,#3041,#3043,#3045,#3047,#3049,#3051,#3053,#3055,
#3057,#3059));
#3061=FACE_OUTER_BOUND('',#3060,.F.);
#3062=ADVANCED_FACE('',(#3061),#3036,.F.);
#3063=CARTESIAN_POINT('',(-3.325E0,-3.43E0,4.955E0));
#3064=DIRECTION('',(0.E0,-1.E0,0.E0));
#3065=DIRECTION('',(0.E0,0.E0,-1.E0));
#3066=AXIS2_PLACEMENT_3D('',#3063,#3064,#3065);
#3067=PLANE('',#3066);
#3069=ORIENTED_EDGE('',*,*,#3068,.F.);
#3070=ORIENTED_EDGE('',*,*,#2996,.F.);
#3072=ORIENTED_EDGE('',*,*,#3071,.T.);
#3074=ORIENTED_EDGE('',*,*,#3073,.F.);
#3076=ORIENTED_EDGE('',*,*,#3075,.F.);
#3077=ORIENTED_EDGE('',*,*,#2992,.F.);
#3079=ORIENTED_EDGE('',*,*,#3078,.T.);
#3081=ORIENTED_EDGE('',*,*,#3080,.F.);
#3083=ORIENTED_EDGE('',*,*,#3082,.F.);
#3084=ORIENTED_EDGE('',*,*,#2988,.F.);
#3086=ORIENTED_EDGE('',*,*,#3085,.F.);
#3088=ORIENTED_EDGE('',*,*,#3087,.T.);
#3090=ORIENTED_EDGE('',*,*,#3089,.F.);
#3091=ORIENTED_EDGE('',*,*,#3046,.T.);
#3093=ORIENTED_EDGE('',*,*,#3092,.T.);
#3095=ORIENTED_EDGE('',*,*,#3094,.T.);
#3097=ORIENTED_EDGE('',*,*,#3096,.F.);
#3098=ORIENTED_EDGE('',*,*,#3042,.T.);
#3100=ORIENTED_EDGE('',*,*,#3099,.T.);
#3102=ORIENTED_EDGE('',*,*,#3101,.T.);
#3104=ORIENTED_EDGE('',*,*,#3103,.F.);
#3105=ORIENTED_EDGE('',*,*,#3038,.T.);
#3107=ORIENTED_EDGE('',*,*,#3106,.T.);
#3109=ORIENTED_EDGE('',*,*,#3108,.T.);
#3111=ORIENTED_EDGE('',*,*,#3110,.F.);
#3112=ORIENTED_EDGE('',*,*,#3058,.T.);
#3114=ORIENTED_EDGE('',*,*,#3113,.T.);
#3116=ORIENTED_EDGE('',*,*,#3115,.T.);
#3118=ORIENTED_EDGE('',*,*,#3117,.T.);
#3120=ORIENTED_EDGE('',*,*,#3119,.T.);
#3122=ORIENTED_EDGE('',*,*,#3121,.T.);
#3124=ORIENTED_EDGE('',*,*,#3123,.F.);
#3126=ORIENTED_EDGE('',*,*,#3125,.F.);
#3128=ORIENTED_EDGE('',*,*,#3127,.T.);
#3130=ORIENTED_EDGE('',*,*,#3129,.F.);
#3131=ORIENTED_EDGE('',*,*,#2978,.F.);
#3133=ORIENTED_EDGE('',*,*,#3132,.T.);
#3135=ORIENTED_EDGE('',*,*,#3134,.T.);
#3136=EDGE_LOOP('',(#3069,#3070,#3072,#3074,#3076,#3077,#3079,#3081,#3083,#3084,
#3086,#3088,#3090,#3091,#3093,#3095,#3097,#3098,#3100,#3102,#3104,#3105,#3107,
#3109,#3111,#3112,#3114,#3116,#3118,#3120,#3122,#3124,#3126,#3128,#3130,#3131,
#3133,#3135));
#3137=FACE_OUTER_BOUND('',#3136,.F.);
#3139=ORIENTED_EDGE('',*,*,#3138,.F.);
#3141=ORIENTED_EDGE('',*,*,#3140,.F.);
#3143=ORIENTED_EDGE('',*,*,#3142,.T.);
#3145=ORIENTED_EDGE('',*,*,#3144,.T.);
#3146=EDGE_LOOP('',(#3139,#3141,#3143,#3145));
#3147=FACE_BOUND('',#3146,.F.);
#3149=ORIENTED_EDGE('',*,*,#3148,.F.);
#3151=ORIENTED_EDGE('',*,*,#3150,.F.);
#3153=ORIENTED_EDGE('',*,*,#3152,.T.);
#3155=ORIENTED_EDGE('',*,*,#3154,.T.);
#3156=EDGE_LOOP('',(#3149,#3151,#3153,#3155));
#3157=FACE_BOUND('',#3156,.F.);
#3158=ADVANCED_FACE('',(#3137,#3147,#3157),#3067,.T.);
#3159=CARTESIAN_POINT('',(3.325E0,2.68E0,3.305E0));
#3160=DIRECTION('',(0.E0,0.E0,1.E0));
#3161=DIRECTION('',(1.E0,0.E0,0.E0));
#3162=AXIS2_PLACEMENT_3D('',#3159,#3160,#3161);
#3163=PLANE('',#3162);
#3164=ORIENTED_EDGE('',*,*,#3148,.T.);
#3166=ORIENTED_EDGE('',*,*,#3165,.F.);
#3168=ORIENTED_EDGE('',*,*,#3167,.F.);
#3170=ORIENTED_EDGE('',*,*,#3169,.F.);
#3171=EDGE_LOOP('',(#3164,#3166,#3168,#3170));
#3172=FACE_OUTER_BOUND('',#3171,.F.);
#3173=ADVANCED_FACE('',(#3172),#3163,.T.);
#3174=CARTESIAN_POINT('',(1.475E0,-3.94E0,3.305E0));
#3175=DIRECTION('',(1.E0,0.E0,0.E0));
#3176=DIRECTION('',(0.E0,1.E0,0.E0));
#3177=AXIS2_PLACEMENT_3D('',#3174,#3175,#3176);
#3178=PLANE('',#3177);
#3179=ORIENTED_EDGE('',*,*,#3154,.F.);
#3181=ORIENTED_EDGE('',*,*,#3180,.F.);
#3183=ORIENTED_EDGE('',*,*,#3182,.F.);
#3184=ORIENTED_EDGE('',*,*,#3165,.T.);
#3185=EDGE_LOOP('',(#3179,#3181,#3183,#3184));
#3186=FACE_OUTER_BOUND('',#3185,.F.);
#3187=ADVANCED_FACE('',(#3186),#3178,.T.);
#3188=CARTESIAN_POINT('',(-3.325E0,-3.43E0,-3.355E0));
#3189=DIRECTION('',(0.E0,0.E0,1.E0));
#3190=DIRECTION('',(0.E0,-1.E0,0.E0));
#3191=AXIS2_PLACEMENT_3D('',#3188,#3189,#3190);
#3192=PLANE('',#3191);
#3193=ORIENTED_EDGE('',*,*,#3152,.F.);
#3195=ORIENTED_EDGE('',*,*,#3194,.T.);
#3197=ORIENTED_EDGE('',*,*,#3196,.T.);
#3198=ORIENTED_EDGE('',*,*,#3180,.T.);
#3199=EDGE_LOOP('',(#3193,#3195,#3197,#3198));
#3200=FACE_OUTER_BOUND('',#3199,.F.);
#3201=ADVANCED_FACE('',(#3200),#3192,.F.);
#3202=CARTESIAN_POINT('',(4.75E-1,-3.43E0,3.305E0));
#3203=DIRECTION('',(-1.E0,0.E0,0.E0));
#3204=DIRECTION('',(0.E0,-1.E0,0.E0));
#3205=AXIS2_PLACEMENT_3D('',#3202,#3203,#3204);
#3206=PLANE('',#3205);
#3207=ORIENTED_EDGE('',*,*,#3150,.T.);
#3208=ORIENTED_EDGE('',*,*,#3169,.T.);
#3210=ORIENTED_EDGE('',*,*,#3209,.T.);
#3211=ORIENTED_EDGE('',*,*,#3194,.F.);
#3212=EDGE_LOOP('',(#3207,#3208,#3210,#3211));
#3213=FACE_OUTER_BOUND('',#3212,.F.);
#3214=ADVANCED_FACE('',(#3213),#3206,.T.);
#3215=CARTESIAN_POINT('',(4.75E-1,-3.94E0,3.305E0));
#3216=DIRECTION('',(0.E0,-1.E0,0.E0));
#3217=DIRECTION('',(1.E0,0.E0,0.E0));
#3218=AXIS2_PLACEMENT_3D('',#3215,#3216,#3217);
#3219=PLANE('',#3218);
#3220=ORIENTED_EDGE('',*,*,#3167,.T.);
#3221=ORIENTED_EDGE('',*,*,#3182,.T.);
#3222=ORIENTED_EDGE('',*,*,#3196,.F.);
#3223=ORIENTED_EDGE('',*,*,#3209,.F.);
#3224=EDGE_LOOP('',(#3220,#3221,#3222,#3223));
#3225=FACE_OUTER_BOUND('',#3224,.F.);
#3226=ADVANCED_FACE('',(#3225),#3219,.T.);
#3227=CARTESIAN_POINT('',(-1.925E0,2.68E0,3.305E0));
#3228=DIRECTION('',(0.E0,0.E0,1.E0));
#3229=DIRECTION('',(1.E0,0.E0,0.E0));
#3230=AXIS2_PLACEMENT_3D('',#3227,#3228,#3229);
#3231=PLANE('',#3230);
#3232=ORIENTED_EDGE('',*,*,#3138,.T.);
#3234=ORIENTED_EDGE('',*,*,#3233,.F.);
#3236=ORIENTED_EDGE('',*,*,#3235,.F.);
#3238=ORIENTED_EDGE('',*,*,#3237,.F.);
#3239=EDGE_LOOP('',(#3232,#3234,#3236,#3238));
#3240=FACE_OUTER_BOUND('',#3239,.F.);
#3241=ADVANCED_FACE('',(#3240),#3231,.T.);
#3242=CARTESIAN_POINT('',(-4.75E-1,-3.94E0,3.305E0));
#3243=DIRECTION('',(1.E0,0.E0,0.E0));
#3244=DIRECTION('',(0.E0,1.E0,0.E0));
#3245=AXIS2_PLACEMENT_3D('',#3242,#3243,#3244);
#3246=PLANE('',#3245);
#3247=ORIENTED_EDGE('',*,*,#3144,.F.);
#3249=ORIENTED_EDGE('',*,*,#3248,.F.);
#3251=ORIENTED_EDGE('',*,*,#3250,.F.);
#3252=ORIENTED_EDGE('',*,*,#3233,.T.);
#3253=EDGE_LOOP('',(#3247,#3249,#3251,#3252));
#3254=FACE_OUTER_BOUND('',#3253,.F.);
#3255=ADVANCED_FACE('',(#3254),#3246,.T.);
#3256=CARTESIAN_POINT('',(-3.325E0,-3.43E0,-3.355E0));
#3257=DIRECTION('',(0.E0,0.E0,1.E0));
#3258=DIRECTION('',(0.E0,-1.E0,0.E0));
#3259=AXIS2_PLACEMENT_3D('',#3256,#3257,#3258);
#3260=PLANE('',#3259);
#3261=ORIENTED_EDGE('',*,*,#3142,.F.);
#3263=ORIENTED_EDGE('',*,*,#3262,.T.);
#3265=ORIENTED_EDGE('',*,*,#3264,.T.);
#3266=ORIENTED_EDGE('',*,*,#3248,.T.);
#3267=EDGE_LOOP('',(#3261,#3263,#3265,#3266));
#3268=FACE_OUTER_BOUND('',#3267,.F.);
#3269=ADVANCED_FACE('',(#3268),#3260,.F.);
#3270=CARTESIAN_POINT('',(-1.475E0,-3.43E0,3.305E0));
#3271=DIRECTION('',(-1.E0,0.E0,0.E0));
#3272=DIRECTION('',(0.E0,-1.E0,0.E0));
#3273=AXIS2_PLACEMENT_3D('',#3270,#3271,#3272);
#3274=PLANE('',#3273);
#3275=ORIENTED_EDGE('',*,*,#3140,.T.);
#3276=ORIENTED_EDGE('',*,*,#3237,.T.);
#3278=ORIENTED_EDGE('',*,*,#3277,.T.);
#3279=ORIENTED_EDGE('',*,*,#3262,.F.);
#3280=EDGE_LOOP('',(#3275,#3276,#3278,#3279));
#3281=FACE_OUTER_BOUND('',#3280,.F.);
#3282=ADVANCED_FACE('',(#3281),#3274,.T.);
#3283=CARTESIAN_POINT('',(-1.475E0,-3.94E0,3.305E0));
#3284=DIRECTION('',(0.E0,-1.E0,0.E0));
#3285=DIRECTION('',(1.E0,0.E0,0.E0));
#3286=AXIS2_PLACEMENT_3D('',#3283,#3284,#3285);
#3287=PLANE('',#3286);
#3288=ORIENTED_EDGE('',*,*,#3235,.T.);
#3289=ORIENTED_EDGE('',*,*,#3250,.T.);
#3290=ORIENTED_EDGE('',*,*,#3264,.F.);
#3291=ORIENTED_EDGE('',*,*,#3277,.F.);
#3292=EDGE_LOOP('',(#3288,#3289,#3290,#3291));
#3293=FACE_OUTER_BOUND('',#3292,.F.);
#3294=ADVANCED_FACE('',(#3293),#3287,.T.);
#3295=CARTESIAN_POINT('',(-1.865E0,-3.43E0,-2.585E0));
#3296=DIRECTION('',(0.E0,0.E0,1.E0));
#3297=DIRECTION('',(-1.E0,0.E0,0.E0));
#3298=AXIS2_PLACEMENT_3D('',#3295,#3296,#3297);
#3299=PLANE('',#3298);
#3301=ORIENTED_EDGE('',*,*,#3300,.T.);
#3303=ORIENTED_EDGE('',*,*,#3302,.F.);
#3304=ORIENTED_EDGE('',*,*,#3023,.F.);
#3305=ORIENTED_EDGE('',*,*,#3068,.T.);
#3307=ORIENTED_EDGE('',*,*,#3306,.F.);
#3308=EDGE_LOOP('',(#3301,#3303,#3304,#3305,#3307));
#3309=FACE_OUTER_BOUND('',#3308,.F.);
#3310=ADVANCED_FACE('',(#3309),#3299,.T.);
#3311=CARTESIAN_POINT('',(-3.325E0,-3.76E0,0.E0));
#3312=DIRECTION('',(0.E0,-1.E0,0.E0));
#3313=DIRECTION('',(-1.E0,0.E0,0.E0));
#3314=AXIS2_PLACEMENT_3D('',#3311,#3312,#3313);
#3315=PLANE('',#3314);
#3316=ORIENTED_EDGE('',*,*,#3300,.F.);
#3318=ORIENTED_EDGE('',*,*,#3317,.F.);
#3320=ORIENTED_EDGE('',*,*,#3319,.F.);
#3322=ORIENTED_EDGE('',*,*,#3321,.F.);
#3323=EDGE_LOOP('',(#3316,#3318,#3320,#3322));
#3324=FACE_OUTER_BOUND('',#3323,.F.);
#3325=ADVANCED_FACE('',(#3324),#3315,.T.);
#3326=CARTESIAN_POINT('',(-3.325E0,-3.76E0,0.E0));
#3327=DIRECTION('',(0.E0,-1.E0,0.E0));
#3328=DIRECTION('',(-1.E0,0.E0,0.E0));
#3329=AXIS2_PLACEMENT_3D('',#3326,#3327,#3328);
#3330=PLANE('',#3329);
#3332=ORIENTED_EDGE('',*,*,#3331,.F.);
#3334=ORIENTED_EDGE('',*,*,#3333,.F.);
#3336=ORIENTED_EDGE('',*,*,#3335,.F.);
#3338=ORIENTED_EDGE('',*,*,#3337,.F.);
#3339=EDGE_LOOP('',(#3332,#3334,#3336,#3338));
#3340=FACE_OUTER_BOUND('',#3339,.F.);
#3341=ADVANCED_FACE('',(#3340),#3330,.T.);
#3342=CARTESIAN_POINT('',(-2.486369455316E0,-3.01E0,-2.362124743338E1));
#3343=DIRECTION('',(0.E0,0.E0,1.E0));
#3344=DIRECTION('',(0.E0,-1.E0,0.E0));
#3345=AXIS2_PLACEMENT_3D('',#3342,#3343,#3344);
#3346=CYLINDRICAL_SURFACE('',#3345,7.5E-1);
#3347=ORIENTED_EDGE('',*,*,#3306,.T.);
#3348=ORIENTED_EDGE('',*,*,#3134,.F.);
#3350=ORIENTED_EDGE('',*,*,#3349,.T.);
#3351=ORIENTED_EDGE('',*,*,#3317,.T.);
#3352=EDGE_LOOP('',(#3347,#3348,#3350,#3351));
#3353=FACE_OUTER_BOUND('',#3352,.F.);
#3354=ADVANCED_FACE('',(#3353),#3346,.T.);
#3355=CARTESIAN_POINT('',(-3.235E0,-3.43E0,-3.225E0));
#3356=DIRECTION('',(0.E0,0.E0,-1.E0));
#3357=DIRECTION('',(1.E0,0.E0,0.E0));
#3358=AXIS2_PLACEMENT_3D('',#3355,#3356,#3357);
#3359=PLANE('',#3358);
#3360=ORIENTED_EDGE('',*,*,#3319,.T.);
#3361=ORIENTED_EDGE('',*,*,#3349,.F.);
#3362=ORIENTED_EDGE('',*,*,#3132,.F.);
#3363=ORIENTED_EDGE('',*,*,#3027,.F.);
#3365=ORIENTED_EDGE('',*,*,#3364,.T.);
#3366=EDGE_LOOP('',(#3360,#3361,#3362,#3363,#3365));
#3367=FACE_OUTER_BOUND('',#3366,.F.);
#3368=ADVANCED_FACE('',(#3367),#3359,.T.);
#3369=CARTESIAN_POINT('',(-3.235E0,-3.43E0,-2.585E0));
#3370=DIRECTION('',(-1.E0,0.E0,0.E0));
#3371=DIRECTION('',(0.E0,0.E0,-1.E0));
#3372=AXIS2_PLACEMENT_3D('',#3369,#3370,#3371);
#3373=PLANE('',#3372);
#3374=ORIENTED_EDGE('',*,*,#3025,.F.);
#3375=ORIENTED_EDGE('',*,*,#3302,.T.);
#3376=ORIENTED_EDGE('',*,*,#3321,.T.);
#3377=ORIENTED_EDGE('',*,*,#3364,.F.);
#3378=EDGE_LOOP('',(#3374,#3375,#3376,#3377));
#3379=FACE_OUTER_BOUND('',#3378,.F.);
#3380=ADVANCED_FACE('',(#3379),#3373,.T.);
#3381=CARTESIAN_POINT('',(1.865E0,-3.43E0,-3.225E0));
#3382=DIRECTION('',(0.E0,0.E0,-1.E0));
#3383=DIRECTION('',(1.E0,0.E0,0.E0));
#3384=AXIS2_PLACEMENT_3D('',#3381,#3382,#3383);
#3385=PLANE('',#3384);
#3386=ORIENTED_EDGE('',*,*,#3331,.T.);
#3388=ORIENTED_EDGE('',*,*,#3387,.F.);
#3389=ORIENTED_EDGE('',*,*,#3008,.F.);
#3390=ORIENTED_EDGE('',*,*,#3110,.T.);
#3392=ORIENTED_EDGE('',*,*,#3391,.F.);
#3393=EDGE_LOOP('',(#3386,#3388,#3389,#3390,#3392));
#3394=FACE_OUTER_BOUND('',#3393,.F.);
#3395=ADVANCED_FACE('',(#3394),#3385,.T.);
#3396=CARTESIAN_POINT('',(3.235E0,-3.43E0,-3.225E0));
#3397=DIRECTION('',(1.E0,0.E0,0.E0));
#3398=DIRECTION('',(0.E0,0.E0,1.E0));
#3399=AXIS2_PLACEMENT_3D('',#3396,#3397,#3398);
#3400=PLANE('',#3399);
#3401=ORIENTED_EDGE('',*,*,#3010,.F.);
#3402=ORIENTED_EDGE('',*,*,#3387,.T.);
#3403=ORIENTED_EDGE('',*,*,#3337,.T.);
#3405=ORIENTED_EDGE('',*,*,#3404,.F.);
#3406=EDGE_LOOP('',(#3401,#3402,#3403,#3405));
#3407=FACE_OUTER_BOUND('',#3406,.F.);
#3408=ADVANCED_FACE('',(#3407),#3400,.T.);
#3409=CARTESIAN_POINT('',(3.235E0,-3.43E0,-2.585E0));
#3410=DIRECTION('',(0.E0,0.E0,1.E0));
#3411=DIRECTION('',(-1.E0,0.E0,0.E0));
#3412=AXIS2_PLACEMENT_3D('',#3409,#3410,#3411);
#3413=PLANE('',#3412);
#3414=ORIENTED_EDGE('',*,*,#3335,.T.);
#3416=ORIENTED_EDGE('',*,*,#3415,.F.);
#3417=ORIENTED_EDGE('',*,*,#3106,.F.);
#3418=ORIENTED_EDGE('',*,*,#3012,.F.);
#3419=ORIENTED_EDGE('',*,*,#3404,.T.);
#3420=EDGE_LOOP('',(#3414,#3416,#3417,#3418,#3419));
#3421=FACE_OUTER_BOUND('',#3420,.F.);
#3422=ADVANCED_FACE('',(#3421),#3413,.T.);
#3423=CARTESIAN_POINT('',(2.486369455316E0,-3.01E0,2.045723883502E1));
#3424=DIRECTION('',(0.E0,0.E0,-1.E0));
#3425=DIRECTION('',(0.E0,-1.E0,0.E0));
#3426=AXIS2_PLACEMENT_3D('',#3423,#3424,#3425);
#3427=CYLINDRICAL_SURFACE('',#3426,7.5E-1);
#3428=ORIENTED_EDGE('',*,*,#3391,.T.);
#3429=ORIENTED_EDGE('',*,*,#3108,.F.);
#3430=ORIENTED_EDGE('',*,*,#3415,.T.);
#3431=ORIENTED_EDGE('',*,*,#3333,.T.);
#3432=EDGE_LOOP('',(#3428,#3429,#3430,#3431));
#3433=FACE_OUTER_BOUND('',#3432,.F.);
#3434=ADVANCED_FACE('',(#3433),#3427,.T.);
#3435=CARTESIAN_POINT('',(-1.925E0,-4.99E0,-7.7E-1));
#3436=DIRECTION('',(0.E0,0.E0,1.E0));
#3437=DIRECTION('',(0.E0,1.E0,0.E0));
#3438=AXIS2_PLACEMENT_3D('',#3435,#3436,#3437);
#3439=PLANE('',#3438);
#3440=ORIENTED_EDGE('',*,*,#3071,.F.);
#3442=ORIENTED_EDGE('',*,*,#3441,.F.);
#3444=ORIENTED_EDGE('',*,*,#3443,.F.);
#3446=ORIENTED_EDGE('',*,*,#3445,.T.);
#3447=EDGE_LOOP('',(#3440,#3442,#3444,#3446));
#3448=FACE_OUTER_BOUND('',#3447,.F.);
#3449=ADVANCED_FACE('',(#3448),#3439,.F.);
#3450=CARTESIAN_POINT('',(-2.375E0,0.E0,0.E0));
#3451=DIRECTION('',(1.E0,0.E0,0.E0));
#3452=DIRECTION('',(0.E0,0.E0,-1.E0));
#3453=AXIS2_PLACEMENT_3D('',#3450,#3451,#3452);
#3454=PLANE('',#3453);
#3455=ORIENTED_EDGE('',*,*,#3441,.T.);
#3456=ORIENTED_EDGE('',*,*,#2994,.F.);
#3458=ORIENTED_EDGE('',*,*,#3457,.T.);
#3460=ORIENTED_EDGE('',*,*,#3459,.T.);
#3462=ORIENTED_EDGE('',*,*,#3461,.T.);
#3464=ORIENTED_EDGE('',*,*,#3463,.T.);
#3466=ORIENTED_EDGE('',*,*,#3465,.T.);
#3467=EDGE_LOOP('',(#3455,#3456,#3458,#3460,#3462,#3464,#3466));
#3468=FACE_OUTER_BOUND('',#3467,.F.);
#3469=ADVANCED_FACE('',(#3468),#3454,.F.);
#3470=CARTESIAN_POINT('',(-2.375E0,0.E0,0.E0));
#3471=DIRECTION('',(1.E0,0.E0,0.E0));
#3472=DIRECTION('',(0.E0,0.E0,-1.E0));
#3473=AXIS2_PLACEMENT_3D('',#3470,#3471,#3472);
#3474=PLANE('',#3473);
#3476=ORIENTED_EDGE('',*,*,#3475,.T.);
#3477=ORIENTED_EDGE('',*,*,#2990,.F.);
#3479=ORIENTED_EDGE('',*,*,#3478,.T.);
#3481=ORIENTED_EDGE('',*,*,#3480,.T.);
#3483=ORIENTED_EDGE('',*,*,#3482,.T.);
#3485=ORIENTED_EDGE('',*,*,#3484,.T.);
#3487=ORIENTED_EDGE('',*,*,#3486,.T.);
#3488=EDGE_LOOP('',(#3476,#3477,#3479,#3481,#3483,#3485,#3487));
#3489=FACE_OUTER_BOUND('',#3488,.F.);
#3490=ADVANCED_FACE('',(#3489),#3474,.F.);
#3491=CARTESIAN_POINT('',(-1.925E0,-3.43E0,-2.7E-1));
#3492=DIRECTION('',(0.E0,0.E0,-1.E0));
#3493=DIRECTION('',(0.E0,-1.E0,0.E0));
#3494=AXIS2_PLACEMENT_3D('',#3491,#3492,#3493);
#3495=PLANE('',#3494);
#3496=ORIENTED_EDGE('',*,*,#3075,.T.);
#3498=ORIENTED_EDGE('',*,*,#3497,.T.);
#3500=ORIENTED_EDGE('',*,*,#3499,.T.);
#3501=ORIENTED_EDGE('',*,*,#3457,.F.);
#3502=EDGE_LOOP('',(#3496,#3498,#3500,#3501));
#3503=FACE_OUTER_BOUND('',#3502,.F.);
#3504=ADVANCED_FACE('',(#3503),#3495,.F.);
#3505=CARTESIAN_POINT('',(-1.925E0,0.E0,0.E0));
#3506=DIRECTION('',(1.E0,0.E0,0.E0));
#3507=DIRECTION('',(0.E0,0.E0,-1.E0));
#3508=AXIS2_PLACEMENT_3D('',#3505,#3506,#3507);
#3509=PLANE('',#3508);
#3510=ORIENTED_EDGE('',*,*,#3445,.F.);
#3512=ORIENTED_EDGE('',*,*,#3511,.F.);
#3514=ORIENTED_EDGE('',*,*,#3513,.F.);
#3516=ORIENTED_EDGE('',*,*,#3515,.F.);
#3518=ORIENTED_EDGE('',*,*,#3517,.F.);
#3519=ORIENTED_EDGE('',*,*,#3497,.F.);
#3520=ORIENTED_EDGE('',*,*,#3073,.T.);
#3521=EDGE_LOOP('',(#3510,#3512,#3514,#3516,#3518,#3519,#3520));
#3522=FACE_OUTER_BOUND('',#3521,.F.);
#3523=ADVANCED_FACE('',(#3522),#3509,.T.);
#3524=CARTESIAN_POINT('',(-1.925E0,0.E0,0.E0));
#3525=DIRECTION('',(1.E0,0.E0,0.E0));
#3526=DIRECTION('',(0.E0,0.E0,-1.E0));
#3527=AXIS2_PLACEMENT_3D('',#3524,#3525,#3526);
#3528=PLANE('',#3527);
#3530=ORIENTED_EDGE('',*,*,#3529,.F.);
#3532=ORIENTED_EDGE('',*,*,#3531,.F.);
#3534=ORIENTED_EDGE('',*,*,#3533,.F.);
#3536=ORIENTED_EDGE('',*,*,#3535,.F.);
#3538=ORIENTED_EDGE('',*,*,#3537,.F.);
#3540=ORIENTED_EDGE('',*,*,#3539,.F.);
#3541=ORIENTED_EDGE('',*,*,#3080,.T.);
#3542=EDGE_LOOP('',(#3530,#3532,#3534,#3536,#3538,#3540,#3541));
#3543=FACE_OUTER_BOUND('',#3542,.F.);
#3544=ADVANCED_FACE('',(#3543),#3528,.T.);
#3545=CARTESIAN_POINT('',(-1.925E0,-5.14E0,-9.15E-1));
#3546=DIRECTION('',(0.E0,-6.950220968475E-1,7.189883760491E-1));
#3547=DIRECTION('',(0.E0,7.189883760491E-1,6.950220968475E-1));
#3548=AXIS2_PLACEMENT_3D('',#3545,#3546,#3547);
#3549=PLANE('',#3548);
#3550=ORIENTED_EDGE('',*,*,#3511,.T.);
#3551=ORIENTED_EDGE('',*,*,#3443,.T.);
#3552=ORIENTED_EDGE('',*,*,#3465,.F.);
#3554=ORIENTED_EDGE('',*,*,#3553,.F.);
#3555=EDGE_LOOP('',(#3550,#3551,#3552,#3554));
#3556=FACE_OUTER_BOUND('',#3555,.F.);
#3557=ADVANCED_FACE('',(#3556),#3549,.F.);
#3558=CARTESIAN_POINT('',(-1.925E0,-5.94E0,-2.45E-1));
#3559=DIRECTION('',(0.E0,6.420676719778E-1,7.666479665407E-1));
#3560=DIRECTION('',(0.E0,7.666479665407E-1,-6.420676719778E-1));
#3561=AXIS2_PLACEMENT_3D('',#3558,#3559,#3560);
#3562=PLANE('',#3561);
#3563=ORIENTED_EDGE('',*,*,#3513,.T.);
#3564=ORIENTED_EDGE('',*,*,#3553,.T.);
#3565=ORIENTED_EDGE('',*,*,#3463,.F.);
#3567=ORIENTED_EDGE('',*,*,#3566,.F.);
#3568=EDGE_LOOP('',(#3563,#3564,#3565,#3567));
#3569=FACE_OUTER_BOUND('',#3568,.F.);
#3570=ADVANCED_FACE('',(#3569),#3562,.F.);
#3571=CARTESIAN_POINT('',(-1.925E0,-5.94E0,1.55E-1));
#3572=DIRECTION('',(0.E0,1.E0,0.E0));
#3573=DIRECTION('',(0.E0,0.E0,-1.E0));
#3574=AXIS2_PLACEMENT_3D('',#3571,#3572,#3573);
#3575=PLANE('',#3574);
#3576=ORIENTED_EDGE('',*,*,#3515,.T.);
#3577=ORIENTED_EDGE('',*,*,#3566,.T.);
#3578=ORIENTED_EDGE('',*,*,#3461,.F.);
#3580=ORIENTED_EDGE('',*,*,#3579,.F.);
#3581=EDGE_LOOP('',(#3576,#3577,#3578,#3580));
#3582=FACE_OUTER_BOUND('',#3581,.F.);
#3583=ADVANCED_FACE('',(#3582),#3575,.F.);
#3584=CARTESIAN_POINT('',(-1.925E0,-5.13E0,-2.7E-1));
#3585=DIRECTION('',(0.E0,-4.646196330206E-1,-8.855103594040E-1));
#3586=DIRECTION('',(0.E0,-8.855103594040E-1,4.646196330206E-1));
#3587=AXIS2_PLACEMENT_3D('',#3584,#3585,#3586);
#3588=PLANE('',#3587);
#3589=ORIENTED_EDGE('',*,*,#3517,.T.);
#3590=ORIENTED_EDGE('',*,*,#3579,.T.);
#3591=ORIENTED_EDGE('',*,*,#3459,.F.);
#3592=ORIENTED_EDGE('',*,*,#3499,.F.);
#3593=EDGE_LOOP('',(#3589,#3590,#3591,#3592));
#3594=FACE_OUTER_BOUND('',#3593,.F.);
#3595=ADVANCED_FACE('',(#3594),#3588,.F.);
#3596=CARTESIAN_POINT('',(-1.925E0,-5.13E0,9.8E-1));
#3597=DIRECTION('',(0.E0,0.E0,1.E0));
#3598=DIRECTION('',(0.E0,1.E0,0.E0));
#3599=AXIS2_PLACEMENT_3D('',#3596,#3597,#3598);
#3600=PLANE('',#3599);
#3601=ORIENTED_EDGE('',*,*,#3078,.F.);
#3602=ORIENTED_EDGE('',*,*,#3475,.F.);
#3604=ORIENTED_EDGE('',*,*,#3603,.F.);
#3605=ORIENTED_EDGE('',*,*,#3529,.T.);
#3606=EDGE_LOOP('',(#3601,#3602,#3604,#3605));
#3607=FACE_OUTER_BOUND('',#3606,.F.);
#3608=ADVANCED_FACE('',(#3607),#3600,.F.);
#3609=CARTESIAN_POINT('',(-1.925E0,-5.94E0,5.55E-1));
#3610=DIRECTION('',(0.E0,-4.646196330206E-1,8.855103594040E-1));
#3611=DIRECTION('',(0.E0,8.855103594040E-1,4.646196330206E-1));
#3612=AXIS2_PLACEMENT_3D('',#3609,#3610,#3611);
#3613=PLANE('',#3612);
#3614=ORIENTED_EDGE('',*,*,#3531,.T.);
#3615=ORIENTED_EDGE('',*,*,#3603,.T.);
#3616=ORIENTED_EDGE('',*,*,#3486,.F.);
#3618=ORIENTED_EDGE('',*,*,#3617,.F.);
#3619=EDGE_LOOP('',(#3614,#3615,#3616,#3618));
#3620=FACE_OUTER_BOUND('',#3619,.F.);
#3621=ADVANCED_FACE('',(#3620),#3613,.F.);
#3622=CARTESIAN_POINT('',(-1.925E0,-5.94E0,9.55E-1));
#3623=DIRECTION('',(0.E0,1.E0,0.E0));
#3624=DIRECTION('',(0.E0,0.E0,-1.E0));
#3625=AXIS2_PLACEMENT_3D('',#3622,#3623,#3624);
#3626=PLANE('',#3625);
#3627=ORIENTED_EDGE('',*,*,#3533,.T.);
#3628=ORIENTED_EDGE('',*,*,#3617,.T.);
#3629=ORIENTED_EDGE('',*,*,#3484,.F.);
#3631=ORIENTED_EDGE('',*,*,#3630,.F.);
#3632=EDGE_LOOP('',(#3627,#3628,#3629,#3631));
#3633=FACE_OUTER_BOUND('',#3632,.F.);
#3634=ADVANCED_FACE('',(#3633),#3626,.F.);
#3635=CARTESIAN_POINT('',(-1.925E0,-5.14E0,1.625E0));
#3636=DIRECTION('',(0.E0,6.420676719778E-1,-7.666479665407E-1));
#3637=DIRECTION('',(0.E0,-7.666479665407E-1,-6.420676719778E-1));
#3638=AXIS2_PLACEMENT_3D('',#3635,#3636,#3637);
#3639=PLANE('',#3638);
#3640=ORIENTED_EDGE('',*,*,#3535,.T.);
#3641=ORIENTED_EDGE('',*,*,#3630,.T.);
#3642=ORIENTED_EDGE('',*,*,#3482,.F.);
#3644=ORIENTED_EDGE('',*,*,#3643,.F.);
#3645=EDGE_LOOP('',(#3640,#3641,#3642,#3644));
#3646=FACE_OUTER_BOUND('',#3645,.F.);
#3647=ADVANCED_FACE('',(#3646),#3639,.F.);
#3648=CARTESIAN_POINT('',(-1.925E0,-4.99E0,1.48E0));
#3649=DIRECTION('',(0.E0,-6.950220968475E-1,-7.189883760491E-1));
#3650=DIRECTION('',(0.E0,-7.189883760491E-1,6.950220968475E-1));
#3651=AXIS2_PLACEMENT_3D('',#3648,#3649,#3650);
#3652=PLANE('',#3651);
#3653=ORIENTED_EDGE('',*,*,#3537,.T.);
#3654=ORIENTED_EDGE('',*,*,#3643,.T.);
#3655=ORIENTED_EDGE('',*,*,#3480,.F.);
#3657=ORIENTED_EDGE('',*,*,#3656,.F.);
#3658=EDGE_LOOP('',(#3653,#3654,#3655,#3657));
#3659=FACE_OUTER_BOUND('',#3658,.F.);
#3660=ADVANCED_FACE('',(#3659),#3652,.F.);
#3661=CARTESIAN_POINT('',(-1.925E0,-3.43E0,1.48E0));
#3662=DIRECTION('',(0.E0,0.E0,-1.E0));
#3663=DIRECTION('',(0.E0,-1.E0,0.E0));
#3664=AXIS2_PLACEMENT_3D('',#3661,#3662,#3663);
#3665=PLANE('',#3664);
#3666=ORIENTED_EDGE('',*,*,#3082,.T.);
#3667=ORIENTED_EDGE('',*,*,#3539,.T.);
#3668=ORIENTED_EDGE('',*,*,#3656,.T.);
#3669=ORIENTED_EDGE('',*,*,#3478,.F.);
#3670=EDGE_LOOP('',(#3666,#3667,#3668,#3669));
#3671=FACE_OUTER_BOUND('',#3670,.F.);
#3672=ADVANCED_FACE('',(#3671),#3665,.F.);
#3673=CARTESIAN_POINT('',(-1.925E0,3.43E0,4.955E0));
#3674=DIRECTION('',(7.625091353728E-1,0.E0,-6.469774481951E-1));
#3675=DIRECTION('',(-6.469774481951E-1,0.E0,-7.625091353728E-1));
#3676=AXIS2_PLACEMENT_3D('',#3673,#3674,#3675);
#3677=PLANE('',#3676);
#3679=ORIENTED_EDGE('',*,*,#3678,.T.);
#3680=ORIENTED_EDGE('',*,*,#2916,.F.);
#3682=ORIENTED_EDGE('',*,*,#3681,.F.);
#3684=ORIENTED_EDGE('',*,*,#3683,.T.);
#3685=EDGE_LOOP('',(#3679,#3680,#3682,#3684));
#3686=FACE_OUTER_BOUND('',#3685,.F.);
#3687=ADVANCED_FACE('',(#3686),#3677,.F.);
#3688=CARTESIAN_POINT('',(-1.925E0,3.43E0,4.955E0));
#3689=DIRECTION('',(7.625091353728E-1,0.E0,-6.469774481951E-1));
#3690=DIRECTION('',(-6.469774481951E-1,0.E0,-7.625091353728E-1));
#3691=AXIS2_PLACEMENT_3D('',#3688,#3689,#3690);
#3692=PLANE('',#3691);
#3694=ORIENTED_EDGE('',*,*,#3693,.F.);
#3696=ORIENTED_EDGE('',*,*,#3695,.T.);
#3697=ORIENTED_EDGE('',*,*,#3085,.T.);
#3698=ORIENTED_EDGE('',*,*,#2986,.T.);
#3699=ORIENTED_EDGE('',*,*,#2896,.F.);
#3700=EDGE_LOOP('',(#3694,#3696,#3697,#3698,#3699));
#3701=FACE_OUTER_BOUND('',#3700,.F.);
#3702=ADVANCED_FACE('',(#3701),#3692,.F.);
#3703=CARTESIAN_POINT('',(0.E0,2.68E0,0.E0));
#3704=DIRECTION('',(0.E0,1.E0,0.E0));
#3705=DIRECTION('',(1.E0,0.E0,0.E0));
#3706=AXIS2_PLACEMENT_3D('',#3703,#3704,#3705);
#3707=PLANE('',#3706);
#3709=ORIENTED_EDGE('',*,*,#3708,.F.);
#3711=ORIENTED_EDGE('',*,*,#3710,.T.);
#3713=ORIENTED_EDGE('',*,*,#3712,.T.);
#3714=EDGE_LOOP('',(#3709,#3711,#3713));
#3715=FACE_OUTER_BOUND('',#3714,.F.);
#3716=ADVANCED_FACE('',(#3715),#3707,.F.);
#3717=CARTESIAN_POINT('',(0.E0,2.68E0,0.E0));
#3718=DIRECTION('',(0.E0,1.E0,0.E0));
#3719=DIRECTION('',(1.E0,0.E0,0.E0));
#3720=AXIS2_PLACEMENT_3D('',#3717,#3718,#3719);
#3721=PLANE('',#3720);
#3722=ORIENTED_EDGE('',*,*,#3678,.F.);
#3724=ORIENTED_EDGE('',*,*,#3723,.T.);
#3726=ORIENTED_EDGE('',*,*,#3725,.T.);
#3727=EDGE_LOOP('',(#3722,#3724,#3726));
#3728=FACE_OUTER_BOUND('',#3727,.F.);
#3729=ADVANCED_FACE('',(#3728),#3721,.F.);
#3730=CARTESIAN_POINT('',(3.325E0,3.43E0,3.305E0));
#3731=DIRECTION('',(-7.625091353728E-1,0.E0,-6.469774481951E-1));
#3732=DIRECTION('',(-6.469774481951E-1,0.E0,7.625091353728E-1));
#3733=AXIS2_PLACEMENT_3D('',#3730,#3731,#3732);
#3734=PLANE('',#3733);
#3735=ORIENTED_EDGE('',*,*,#3708,.T.);
#3737=ORIENTED_EDGE('',*,*,#3736,.F.);
#3739=ORIENTED_EDGE('',*,*,#3738,.F.);
#3741=ORIENTED_EDGE('',*,*,#3740,.T.);
#3742=EDGE_LOOP('',(#3735,#3737,#3739,#3741));
#3743=FACE_OUTER_BOUND('',#3742,.F.);
#3744=ADVANCED_FACE('',(#3743),#3734,.F.);
#3745=CARTESIAN_POINT('',(3.325E0,3.43E0,3.305E0));
#3746=DIRECTION('',(-7.625091353728E-1,0.E0,-6.469774481951E-1));
#3747=DIRECTION('',(-6.469774481951E-1,0.E0,7.625091353728E-1));
#3748=AXIS2_PLACEMENT_3D('',#3745,#3746,#3747);
#3749=PLANE('',#3748);
#3751=ORIENTED_EDGE('',*,*,#3750,.F.);
#3753=ORIENTED_EDGE('',*,*,#3752,.T.);
#3754=ORIENTED_EDGE('',*,*,#3048,.T.);
#3755=ORIENTED_EDGE('',*,*,#3089,.T.);
#3757=ORIENTED_EDGE('',*,*,#3756,.F.);
#3758=EDGE_LOOP('',(#3751,#3753,#3754,#3755,#3757));
#3759=FACE_OUTER_BOUND('',#3758,.F.);
#3760=ADVANCED_FACE('',(#3759),#3749,.F.);
#3761=CARTESIAN_POINT('',(-3.325E0,3.43E0,4.955E0));
#3762=DIRECTION('',(0.E0,0.E0,1.E0));
#3763=DIRECTION('',(0.E0,-1.E0,0.E0));
#3764=AXIS2_PLACEMENT_3D('',#3761,#3762,#3763);
#3765=PLANE('',#3764);
#3767=ORIENTED_EDGE('',*,*,#3766,.F.);
#3768=ORIENTED_EDGE('',*,*,#3756,.T.);
#3769=ORIENTED_EDGE('',*,*,#3087,.F.);
#3770=ORIENTED_EDGE('',*,*,#3695,.F.);
#3772=ORIENTED_EDGE('',*,*,#3771,.T.);
#3773=ORIENTED_EDGE('',*,*,#3683,.F.);
#3775=ORIENTED_EDGE('',*,*,#3774,.T.);
#3776=ORIENTED_EDGE('',*,*,#3736,.T.);
#3777=EDGE_LOOP('',(#3767,#3768,#3769,#3770,#3772,#3773,#3775,#3776));
#3778=FACE_OUTER_BOUND('',#3777,.F.);
#3780=ORIENTED_EDGE('',*,*,#3779,.T.);
#3782=ORIENTED_EDGE('',*,*,#3781,.T.);
#3784=ORIENTED_EDGE('',*,*,#3783,.T.);
#3786=ORIENTED_EDGE('',*,*,#3785,.T.);
#3787=EDGE_LOOP('',(#3780,#3782,#3784,#3786));
#3788=FACE_BOUND('',#3787,.F.);
#3790=ORIENTED_EDGE('',*,*,#3789,.T.);
#3792=ORIENTED_EDGE('',*,*,#3791,.T.);
#3794=ORIENTED_EDGE('',*,*,#3793,.T.);
#3796=ORIENTED_EDGE('',*,*,#3795,.T.);
#3798=ORIENTED_EDGE('',*,*,#3797,.T.);
#3799=EDGE_LOOP('',(#3790,#3792,#3794,#3796,#3798));
#3800=FACE_BOUND('',#3799,.F.);
#3801=ADVANCED_FACE('',(#3778,#3788,#3800),#3765,.T.);
#3802=CARTESIAN_POINT('',(1.925E0,2.68E0,3.305E0));
#3803=DIRECTION('',(-1.E0,0.E0,0.E0));
#3804=DIRECTION('',(0.E0,0.E0,1.E0));
#3805=AXIS2_PLACEMENT_3D('',#3802,#3803,#3804);
#3806=PLANE('',#3805);
#3808=ORIENTED_EDGE('',*,*,#3807,.T.);
#3810=ORIENTED_EDGE('',*,*,#3809,.T.);
#3812=ORIENTED_EDGE('',*,*,#3811,.F.);
#3814=ORIENTED_EDGE('',*,*,#3813,.F.);
#3816=ORIENTED_EDGE('',*,*,#3815,.F.);
#3818=ORIENTED_EDGE('',*,*,#3817,.T.);
#3820=ORIENTED_EDGE('',*,*,#3819,.T.);
#3821=ORIENTED_EDGE('',*,*,#3766,.T.);
#3822=ORIENTED_EDGE('',*,*,#3712,.F.);
#3824=ORIENTED_EDGE('',*,*,#3823,.T.);
#3826=ORIENTED_EDGE('',*,*,#3825,.F.);
#3828=ORIENTED_EDGE('',*,*,#3827,.F.);
#3829=EDGE_LOOP('',(#3808,#3810,#3812,#3814,#3816,#3818,#3820,#3821,#3822,#3824,
#3826,#3828));
#3830=FACE_OUTER_BOUND('',#3829,.F.);
#3831=ADVANCED_FACE('',(#3830),#3806,.F.);
#3832=CARTESIAN_POINT('',(3.825E0,5.75E-1,-2.695E0));
#3833=DIRECTION('',(0.E0,1.E0,0.E0));
#3834=DIRECTION('',(0.E0,0.E0,1.E0));
#3835=AXIS2_PLACEMENT_3D('',#3832,#3833,#3834);
#3836=PLANE('',#3835);
#3838=ORIENTED_EDGE('',*,*,#3837,.T.);
#3840=ORIENTED_EDGE('',*,*,#3839,.T.);
#3842=ORIENTED_EDGE('',*,*,#3841,.T.);
#3843=ORIENTED_EDGE('',*,*,#3807,.F.);
#3845=ORIENTED_EDGE('',*,*,#3844,.F.);
#3847=ORIENTED_EDGE('',*,*,#3846,.F.);
#3848=EDGE_LOOP('',(#3838,#3840,#3842,#3843,#3845,#3847));
#3849=FACE_OUTER_BOUND('',#3848,.F.);
#3850=ADVANCED_FACE('',(#3849),#3836,.F.);
#3851=CARTESIAN_POINT('',(3.825E0,-5.75E-1,-2.695E0));
#3852=DIRECTION('',(0.E0,0.E0,-1.E0));
#3853=DIRECTION('',(0.E0,1.E0,0.E0));
#3854=AXIS2_PLACEMENT_3D('',#3851,#3852,#3853);
#3855=PLANE('',#3854);
#3857=ORIENTED_EDGE('',*,*,#3856,.T.);
#3859=ORIENTED_EDGE('',*,*,#3858,.T.);
#3861=ORIENTED_EDGE('',*,*,#3860,.T.);
#3863=ORIENTED_EDGE('',*,*,#3862,.T.);
#3865=ORIENTED_EDGE('',*,*,#3864,.F.);
#3866=ORIENTED_EDGE('',*,*,#3837,.F.);
#3868=ORIENTED_EDGE('',*,*,#3867,.F.);
#3870=ORIENTED_EDGE('',*,*,#3869,.T.);
#3871=EDGE_LOOP('',(#3857,#3859,#3861,#3863,#3865,#3866,#3868,#3870));
#3872=FACE_OUTER_BOUND('',#3871,.F.);
#3873=ADVANCED_FACE('',(#3872),#3855,.F.);
#3874=CARTESIAN_POINT('',(2.325E0,-5.75E-1,-2.695E0));
#3875=DIRECTION('',(1.E0,0.E0,0.E0));
#3876=DIRECTION('',(0.E0,1.E0,0.E0));
#3877=AXIS2_PLACEMENT_3D('',#3874,#3875,#3876);
#3878=PLANE('',#3877);
#3879=ORIENTED_EDGE('',*,*,#3856,.F.);
#3881=ORIENTED_EDGE('',*,*,#3880,.T.);
#3883=ORIENTED_EDGE('',*,*,#3882,.T.);
#3885=ORIENTED_EDGE('',*,*,#3884,.F.);
#3886=EDGE_LOOP('',(#3879,#3881,#3883,#3885));
#3887=FACE_OUTER_BOUND('',#3886,.F.);
#3888=ADVANCED_FACE('',(#3887),#3878,.F.);
#3889=CARTESIAN_POINT('',(3.825E0,-5.75E-1,-1.95E-1));
#3890=DIRECTION('',(0.E0,-1.E0,0.E0));
#3891=DIRECTION('',(0.E0,0.E0,-1.E0));
#3892=AXIS2_PLACEMENT_3D('',#3889,#3890,#3891);
#3893=PLANE('',#3892);
#3894=ORIENTED_EDGE('',*,*,#3811,.T.);
#3896=ORIENTED_EDGE('',*,*,#3895,.T.);
#3897=ORIENTED_EDGE('',*,*,#3880,.F.);
#3898=ORIENTED_EDGE('',*,*,#3869,.F.);
#3900=ORIENTED_EDGE('',*,*,#3899,.F.);
#3902=ORIENTED_EDGE('',*,*,#3901,.T.);
#3903=EDGE_LOOP('',(#3894,#3896,#3897,#3898,#3900,#3902));
#3904=FACE_OUTER_BOUND('',#3903,.F.);
#3905=ADVANCED_FACE('',(#3904),#3893,.F.);
#3906=CARTESIAN_POINT('',(3.825E0,-5.75E-1,-2.945E0));
#3907=DIRECTION('',(0.E0,0.E0,1.E0));
#3908=DIRECTION('',(1.E0,0.E0,0.E0));
#3909=AXIS2_PLACEMENT_3D('',#3906,#3907,#3908);
#3910=PLANE('',#3909);
#3911=ORIENTED_EDGE('',*,*,#3841,.F.);
#3913=ORIENTED_EDGE('',*,*,#3912,.F.);
#3915=ORIENTED_EDGE('',*,*,#3914,.F.);
#3917=ORIENTED_EDGE('',*,*,#3916,.F.);
#3919=ORIENTED_EDGE('',*,*,#3918,.F.);
#3920=ORIENTED_EDGE('',*,*,#3882,.F.);
#3921=ORIENTED_EDGE('',*,*,#3895,.F.);
#3922=ORIENTED_EDGE('',*,*,#3809,.F.);
#3923=EDGE_LOOP('',(#3911,#3913,#3915,#3917,#3919,#3920,#3921,#3922));
#3924=FACE_OUTER_BOUND('',#3923,.F.);
#3925=ADVANCED_FACE('',(#3924),#3910,.T.);
#3926=CARTESIAN_POINT('',(3.825E0,-5.75E-1,-2.945E0));
#3927=DIRECTION('',(0.E0,0.E0,1.E0));
#3928=DIRECTION('',(1.E0,0.E0,0.E0));
#3929=AXIS2_PLACEMENT_3D('',#3926,#3927,#3928);
#3930=PLANE('',#3929);
#3932=ORIENTED_EDGE('',*,*,#3931,.F.);
#3934=ORIENTED_EDGE('',*,*,#3933,.F.);
#3936=ORIENTED_EDGE('',*,*,#3935,.F.);
#3938=ORIENTED_EDGE('',*,*,#3937,.F.);
#3940=ORIENTED_EDGE('',*,*,#3939,.F.);
#3942=ORIENTED_EDGE('',*,*,#3941,.F.);
#3944=ORIENTED_EDGE('',*,*,#3943,.F.);
#3946=ORIENTED_EDGE('',*,*,#3945,.F.);
#3947=EDGE_LOOP('',(#3932,#3934,#3936,#3938,#3940,#3942,#3944,#3946));
#3948=FACE_OUTER_BOUND('',#3947,.F.);
#3949=ADVANCED_FACE('',(#3948),#3930,.T.);
#3950=CARTESIAN_POINT('',(2.325E0,4.E-1,-2.695E0));
#3951=DIRECTION('',(1.E0,0.E0,0.E0));
#3952=DIRECTION('',(0.E0,1.E0,0.E0));
#3953=AXIS2_PLACEMENT_3D('',#3950,#3951,#3952);
#3954=PLANE('',#3953);
#3955=ORIENTED_EDGE('',*,*,#3864,.T.);
#3957=ORIENTED_EDGE('',*,*,#3956,.T.);
#3958=ORIENTED_EDGE('',*,*,#3912,.T.);
#3959=ORIENTED_EDGE('',*,*,#3839,.F.);
#3960=EDGE_LOOP('',(#3955,#3957,#3958,#3959));
#3961=FACE_OUTER_BOUND('',#3960,.F.);
#3962=ADVANCED_FACE('',(#3961),#3954,.F.);
#3963=CARTESIAN_POINT('',(2.625E0,4.E-1,-2.695E0));
#3964=DIRECTION('',(0.E0,1.E0,0.E0));
#3965=DIRECTION('',(-1.E0,0.E0,0.E0));
#3966=AXIS2_PLACEMENT_3D('',#3963,#3964,#3965);
#3967=PLANE('',#3966);
#3968=ORIENTED_EDGE('',*,*,#3862,.F.);
#3970=ORIENTED_EDGE('',*,*,#3969,.T.);
#3971=ORIENTED_EDGE('',*,*,#3914,.T.);
#3972=ORIENTED_EDGE('',*,*,#3956,.F.);
#3973=EDGE_LOOP('',(#3968,#3970,#3971,#3972));
#3974=FACE_OUTER_BOUND('',#3973,.F.);
#3975=ADVANCED_FACE('',(#3974),#3967,.F.);
#3976=CARTESIAN_POINT('',(2.625E0,-4.E-1,-2.695E0));
#3977=DIRECTION('',(1.E0,0.E0,0.E0));
#3978=DIRECTION('',(0.E0,1.E0,0.E0));
#3979=AXIS2_PLACEMENT_3D('',#3976,#3977,#3978);
#3980=PLANE('',#3979);
#3981=ORIENTED_EDGE('',*,*,#3860,.F.);
#3983=ORIENTED_EDGE('',*,*,#3982,.T.);
#3984=ORIENTED_EDGE('',*,*,#3916,.T.);
#3985=ORIENTED_EDGE('',*,*,#3969,.F.);
#3986=EDGE_LOOP('',(#3981,#3983,#3984,#3985));
#3987=FACE_OUTER_BOUND('',#3986,.F.);
#3988=ADVANCED_FACE('',(#3987),#3980,.F.);
#3989=CARTESIAN_POINT('',(2.325E0,-4.E-1,-2.695E0));
#3990=DIRECTION('',(0.E0,-1.E0,0.E0));
#3991=DIRECTION('',(1.E0,0.E0,0.E0));
#3992=AXIS2_PLACEMENT_3D('',#3989,#3990,#3991);
#3993=PLANE('',#3992);
#3994=ORIENTED_EDGE('',*,*,#3858,.F.);
#3995=ORIENTED_EDGE('',*,*,#3884,.T.);
#3996=ORIENTED_EDGE('',*,*,#3918,.T.);
#3997=ORIENTED_EDGE('',*,*,#3982,.F.);
#3998=EDGE_LOOP('',(#3994,#3995,#3996,#3997));
#3999=FACE_OUTER_BOUND('',#3998,.F.);
#4000=ADVANCED_FACE('',(#3999),#3993,.F.);
#4001=CARTESIAN_POINT('',(-2.325E0,5.75E-1,-2.695E0));
#4002=DIRECTION('',(-1.E0,0.E0,0.E0));
#4003=DIRECTION('',(0.E0,-1.E0,0.E0));
#4004=AXIS2_PLACEMENT_3D('',#4001,#4002,#4003);
#4005=PLANE('',#4004);
#4007=ORIENTED_EDGE('',*,*,#4006,.F.);
#4009=ORIENTED_EDGE('',*,*,#4008,.T.);
#4010=ORIENTED_EDGE('',*,*,#3931,.T.);
#4012=ORIENTED_EDGE('',*,*,#4011,.F.);
#4013=EDGE_LOOP('',(#4007,#4009,#4010,#4012));
#4014=FACE_OUTER_BOUND('',#4013,.F.);
#4015=ADVANCED_FACE('',(#4014),#4005,.F.);
#4016=CARTESIAN_POINT('',(-3.825E0,-5.75E-1,-2.695E0));
#4017=DIRECTION('',(0.E0,0.E0,1.E0));
#4018=DIRECTION('',(0.E0,1.E0,0.E0));
#4019=AXIS2_PLACEMENT_3D('',#4016,#4017,#4018);
#4020=PLANE('',#4019);
#4021=ORIENTED_EDGE('',*,*,#4006,.T.);
#4023=ORIENTED_EDGE('',*,*,#4022,.T.);
#4025=ORIENTED_EDGE('',*,*,#4024,.T.);
#4027=ORIENTED_EDGE('',*,*,#4026,.T.);
#4029=ORIENTED_EDGE('',*,*,#4028,.F.);
#4031=ORIENTED_EDGE('',*,*,#4030,.F.);
#4033=ORIENTED_EDGE('',*,*,#4032,.T.);
#4035=ORIENTED_EDGE('',*,*,#4034,.T.);
#4036=EDGE_LOOP('',(#4021,#4023,#4025,#4027,#4029,#4031,#4033,#4035));
#4037=FACE_OUTER_BOUND('',#4036,.F.);
#4038=ADVANCED_FACE('',(#4037),#4020,.T.);
#4039=CARTESIAN_POINT('',(-2.325E0,4.E-1,-2.695E0));
#4040=DIRECTION('',(0.E0,1.E0,0.E0));
#4041=DIRECTION('',(-1.E0,0.E0,0.E0));
#4042=AXIS2_PLACEMENT_3D('',#4039,#4040,#4041);
#4043=PLANE('',#4042);
#4044=ORIENTED_EDGE('',*,*,#4022,.F.);
#4045=ORIENTED_EDGE('',*,*,#4011,.T.);
#4046=ORIENTED_EDGE('',*,*,#3945,.T.);
#4048=ORIENTED_EDGE('',*,*,#4047,.F.);
#4049=EDGE_LOOP('',(#4044,#4045,#4046,#4048));
#4050=FACE_OUTER_BOUND('',#4049,.F.);
#4051=ADVANCED_FACE('',(#4050),#4043,.F.);
#4052=CARTESIAN_POINT('',(-2.625E0,4.E-1,-2.695E0));
#4053=DIRECTION('',(-1.E0,0.E0,0.E0));
#4054=DIRECTION('',(0.E0,-1.E0,0.E0));
#4055=AXIS2_PLACEMENT_3D('',#4052,#4053,#4054);
#4056=PLANE('',#4055);
#4057=ORIENTED_EDGE('',*,*,#4024,.F.);
#4058=ORIENTED_EDGE('',*,*,#4047,.T.);
#4059=ORIENTED_EDGE('',*,*,#3943,.T.);
#4061=ORIENTED_EDGE('',*,*,#4060,.F.);
#4062=EDGE_LOOP('',(#4057,#4058,#4059,#4061));
#4063=FACE_OUTER_BOUND('',#4062,.F.);
#4064=ADVANCED_FACE('',(#4063),#4056,.F.);
#4065=CARTESIAN_POINT('',(-2.625E0,-4.E-1,-2.695E0));
#4066=DIRECTION('',(0.E0,-1.E0,0.E0));
#4067=DIRECTION('',(1.E0,0.E0,0.E0));
#4068=AXIS2_PLACEMENT_3D('',#4065,#4066,#4067);
#4069=PLANE('',#4068);
#4070=ORIENTED_EDGE('',*,*,#4026,.F.);
#4071=ORIENTED_EDGE('',*,*,#4060,.T.);
#4072=ORIENTED_EDGE('',*,*,#3941,.T.);
#4074=ORIENTED_EDGE('',*,*,#4073,.F.);
#4075=EDGE_LOOP('',(#4070,#4071,#4072,#4074));
#4076=FACE_OUTER_BOUND('',#4075,.F.);
#4077=ADVANCED_FACE('',(#4076),#4069,.F.);
#4078=CARTESIAN_POINT('',(-2.325E0,-4.E-1,-2.695E0));
#4079=DIRECTION('',(-1.E0,0.E0,0.E0));
#4080=DIRECTION('',(0.E0,-1.E0,0.E0));
#4081=AXIS2_PLACEMENT_3D('',#4078,#4079,#4080);
#4082=PLANE('',#4081);
#4083=ORIENTED_EDGE('',*,*,#4028,.T.);
#4084=ORIENTED_EDGE('',*,*,#4073,.T.);
#4085=ORIENTED_EDGE('',*,*,#3939,.T.);
#4087=ORIENTED_EDGE('',*,*,#4086,.F.);
#4088=EDGE_LOOP('',(#4083,#4084,#4085,#4087));
#4089=FACE_OUTER_BOUND('',#4088,.F.);
#4090=ADVANCED_FACE('',(#4089),#4082,.F.);
#4091=CARTESIAN_POINT('',(-3.825E0,-5.75E-1,-1.95E-1));
#4092=DIRECTION('',(0.E0,1.E0,0.E0));
#4093=DIRECTION('',(0.E0,0.E0,-1.E0));
#4094=AXIS2_PLACEMENT_3D('',#4091,#4092,#4093);
#4095=PLANE('',#4094);
#4096=ORIENTED_EDGE('',*,*,#4030,.T.);
#4097=ORIENTED_EDGE('',*,*,#4086,.T.);
#4098=ORIENTED_EDGE('',*,*,#3937,.T.);
#4100=ORIENTED_EDGE('',*,*,#4099,.F.);
#4102=ORIENTED_EDGE('',*,*,#4101,.F.);
#4104=ORIENTED_EDGE('',*,*,#4103,.T.);
#4105=EDGE_LOOP('',(#4096,#4097,#4098,#4100,#4102,#4104));
#4106=FACE_OUTER_BOUND('',#4105,.F.);
#4107=ADVANCED_FACE('',(#4106),#4095,.T.);
#4108=CARTESIAN_POINT('',(-1.925E0,2.68E0,4.955E0));
#4109=DIRECTION('',(1.E0,0.E0,0.E0));
#4110=DIRECTION('',(0.E0,0.E0,-1.E0));
#4111=AXIS2_PLACEMENT_3D('',#4108,#4109,#4110);
#4112=PLANE('',#4111);
#4113=ORIENTED_EDGE('',*,*,#4099,.T.);
#4114=ORIENTED_EDGE('',*,*,#3935,.T.);
#4116=ORIENTED_EDGE('',*,*,#4115,.F.);
#4118=ORIENTED_EDGE('',*,*,#4117,.T.);
#4120=ORIENTED_EDGE('',*,*,#4119,.T.);
#4122=ORIENTED_EDGE('',*,*,#4121,.F.);
#4123=ORIENTED_EDGE('',*,*,#3723,.F.);
#4124=ORIENTED_EDGE('',*,*,#3771,.F.);
#4126=ORIENTED_EDGE('',*,*,#4125,.T.);
#4128=ORIENTED_EDGE('',*,*,#4127,.F.);
#4129=ORIENTED_EDGE('',*,*,#2935,.T.);
#4131=ORIENTED_EDGE('',*,*,#4130,.T.);
#4132=EDGE_LOOP('',(#4113,#4114,#4116,#4118,#4120,#4122,#4123,#4124,#4126,#4128,
#4129,#4131));
#4133=FACE_OUTER_BOUND('',#4132,.F.);
#4134=ADVANCED_FACE('',(#4133),#4112,.F.);
#4135=CARTESIAN_POINT('',(-3.825E0,5.75E-1,-2.695E0));
#4136=DIRECTION('',(0.E0,-1.E0,0.E0));
#4137=DIRECTION('',(0.E0,0.E0,1.E0));
#4138=AXIS2_PLACEMENT_3D('',#4135,#4136,#4137);
#4139=PLANE('',#4138);
#4140=ORIENTED_EDGE('',*,*,#4115,.T.);
#4141=ORIENTED_EDGE('',*,*,#3933,.T.);
#4142=ORIENTED_EDGE('',*,*,#4008,.F.);
#4143=ORIENTED_EDGE('',*,*,#4034,.F.);
#4145=ORIENTED_EDGE('',*,*,#4144,.T.);
#4147=ORIENTED_EDGE('',*,*,#4146,.T.);
#4148=EDGE_LOOP('',(#4140,#4141,#4142,#4143,#4145,#4147));
#4149=FACE_OUTER_BOUND('',#4148,.F.);
#4150=ADVANCED_FACE('',(#4149),#4139,.T.);
#4151=CARTESIAN_POINT('',(-3.625E0,0.E0,0.E0));
#4152=DIRECTION('',(-1.E0,0.E0,0.E0));
#4153=DIRECTION('',(0.E0,0.E0,1.E0));
#4154=AXIS2_PLACEMENT_3D('',#4151,#4152,#4153);
#4155=PLANE('',#4154);
#4156=ORIENTED_EDGE('',*,*,#2931,.F.);
#4157=ORIENTED_EDGE('',*,*,#2951,.F.);
#4158=ORIENTED_EDGE('',*,*,#2982,.T.);
#4160=ORIENTED_EDGE('',*,*,#4159,.F.);
#4162=ORIENTED_EDGE('',*,*,#4161,.F.);
#4164=ORIENTED_EDGE('',*,*,#4163,.F.);
#4166=ORIENTED_EDGE('',*,*,#4165,.F.);
#4168=ORIENTED_EDGE('',*,*,#4167,.F.);
#4170=ORIENTED_EDGE('',*,*,#4169,.F.);
#4172=ORIENTED_EDGE('',*,*,#4171,.F.);
#4174=ORIENTED_EDGE('',*,*,#4173,.F.);
#4175=ORIENTED_EDGE('',*,*,#2963,.F.);
#4177=ORIENTED_EDGE('',*,*,#4176,.T.);
#4179=ORIENTED_EDGE('',*,*,#4178,.F.);
#4180=ORIENTED_EDGE('',*,*,#4144,.F.);
#4181=ORIENTED_EDGE('',*,*,#4032,.F.);
#4182=ORIENTED_EDGE('',*,*,#4103,.F.);
#4184=ORIENTED_EDGE('',*,*,#4183,.F.);
#4185=EDGE_LOOP('',(#4156,#4157,#4158,#4160,#4162,#4164,#4166,#4168,#4170,#4172,
#4174,#4175,#4177,#4179,#4180,#4181,#4182,#4184));
#4186=FACE_OUTER_BOUND('',#4185,.F.);
#4187=ADVANCED_FACE('',(#4186),#4155,.T.);
#4188=CARTESIAN_POINT('',(-3.325E0,-3.43E0,-3.355E0));
#4189=DIRECTION('',(0.E0,0.E0,1.E0));
#4190=DIRECTION('',(0.E0,-1.E0,0.E0));
#4191=AXIS2_PLACEMENT_3D('',#4188,#4189,#4190);
#4192=PLANE('',#4191);
#4194=ORIENTED_EDGE('',*,*,#4193,.T.);
#4195=ORIENTED_EDGE('',*,*,#3056,.F.);
#4197=ORIENTED_EDGE('',*,*,#4196,.F.);
#4199=ORIENTED_EDGE('',*,*,#4198,.T.);
#4200=EDGE_LOOP('',(#4194,#4195,#4197,#4199));
#4201=FACE_OUTER_BOUND('',#4200,.F.);
#4202=ADVANCED_FACE('',(#4201),#4192,.T.);
#4203=CARTESIAN_POINT('',(-3.325E0,-3.43E0,-3.355E0));
#4204=DIRECTION('',(0.E0,0.E0,1.E0));
#4205=DIRECTION('',(0.E0,-1.E0,0.E0));
#4206=AXIS2_PLACEMENT_3D('',#4203,#4204,#4205);
#4207=PLANE('',#4206);
#4209=ORIENTED_EDGE('',*,*,#4208,.F.);
#4211=ORIENTED_EDGE('',*,*,#4210,.T.);
#4212=ORIENTED_EDGE('',*,*,#4159,.T.);
#4213=ORIENTED_EDGE('',*,*,#2980,.F.);
#4214=EDGE_LOOP('',(#4209,#4211,#4212,#4213));
#4215=FACE_OUTER_BOUND('',#4214,.F.);
#4216=ADVANCED_FACE('',(#4215),#4207,.T.);
#4217=CARTESIAN_POINT('',(2.375E0,-3.94E0,-3.355E0));
#4218=DIRECTION('',(1.E0,0.E0,0.E0));
#4219=DIRECTION('',(0.E0,1.E0,0.E0));
#4220=AXIS2_PLACEMENT_3D('',#4217,#4218,#4219);
#4221=PLANE('',#4220);
#4222=ORIENTED_EDGE('',*,*,#4193,.F.);
#4224=ORIENTED_EDGE('',*,*,#4223,.T.);
#4226=ORIENTED_EDGE('',*,*,#4225,.T.);
#4227=ORIENTED_EDGE('',*,*,#3113,.F.);
#4228=EDGE_LOOP('',(#4222,#4224,#4226,#4227));
#4229=FACE_OUTER_BOUND('',#4228,.F.);
#4230=ADVANCED_FACE('',(#4229),#4221,.F.);
#4231=CARTESIAN_POINT('',(-3.325E0,-3.94E0,-3.355E0));
#4232=DIRECTION('',(0.E0,-1.E0,0.E0));
#4233=DIRECTION('',(0.E0,0.E0,-1.E0));
#4234=AXIS2_PLACEMENT_3D('',#4231,#4232,#4233);
#4235=PLANE('',#4234);
#4236=ORIENTED_EDGE('',*,*,#4223,.F.);
#4237=ORIENTED_EDGE('',*,*,#4198,.F.);
#4239=ORIENTED_EDGE('',*,*,#4238,.T.);
#4241=ORIENTED_EDGE('',*,*,#4240,.F.);
#4242=EDGE_LOOP('',(#4236,#4237,#4239,#4241));
#4243=FACE_OUTER_BOUND('',#4242,.F.);
#4244=ADVANCED_FACE('',(#4243),#4235,.T.);
#4245=CARTESIAN_POINT('',(-3.325E0,-3.94E0,-3.355E0));
#4246=DIRECTION('',(0.E0,-1.E0,0.E0));
#4247=DIRECTION('',(0.E0,0.E0,-1.E0));
#4248=AXIS2_PLACEMENT_3D('',#4245,#4246,#4247);
#4249=PLANE('',#4248);
#4251=ORIENTED_EDGE('',*,*,#4250,.T.);
#4253=ORIENTED_EDGE('',*,*,#4252,.F.);
#4254=ORIENTED_EDGE('',*,*,#4161,.T.);
#4255=ORIENTED_EDGE('',*,*,#4210,.F.);
#4256=EDGE_LOOP('',(#4251,#4253,#4254,#4255));
#4257=FACE_OUTER_BOUND('',#4256,.F.);
#4258=ADVANCED_FACE('',(#4257),#4249,.T.);
#4259=CARTESIAN_POINT('',(3.575E0,0.E0,0.E0));
#4260=DIRECTION('',(1.E0,0.E0,0.E0));
#4261=DIRECTION('',(0.E0,0.E0,-1.E0));
#4262=AXIS2_PLACEMENT_3D('',#4259,#4260,#4261);
#4263=PLANE('',#4262);
#4265=ORIENTED_EDGE('',*,*,#4264,.T.);
#4267=ORIENTED_EDGE('',*,*,#4266,.T.);
#4268=ORIENTED_EDGE('',*,*,#3899,.T.);
#4269=ORIENTED_EDGE('',*,*,#3867,.T.);
#4270=ORIENTED_EDGE('',*,*,#3846,.T.);
#4272=ORIENTED_EDGE('',*,*,#4271,.T.);
#4274=ORIENTED_EDGE('',*,*,#4273,.F.);
#4276=ORIENTED_EDGE('',*,*,#4275,.F.);
#4278=ORIENTED_EDGE('',*,*,#4277,.F.);
#4280=ORIENTED_EDGE('',*,*,#4279,.F.);
#4282=ORIENTED_EDGE('',*,*,#4281,.F.);
#4284=ORIENTED_EDGE('',*,*,#4283,.F.);
#4286=ORIENTED_EDGE('',*,*,#4285,.T.);
#4288=ORIENTED_EDGE('',*,*,#4287,.T.);
#4290=ORIENTED_EDGE('',*,*,#4289,.T.);
#4292=ORIENTED_EDGE('',*,*,#4291,.F.);
#4294=ORIENTED_EDGE('',*,*,#4293,.F.);
#4296=ORIENTED_EDGE('',*,*,#4295,.F.);
#4297=ORIENTED_EDGE('',*,*,#4238,.F.);
#4298=ORIENTED_EDGE('',*,*,#4196,.T.);
#4299=ORIENTED_EDGE('',*,*,#3054,.F.);
#4301=ORIENTED_EDGE('',*,*,#4300,.F.);
#4302=EDGE_LOOP('',(#4265,#4267,#4268,#4269,#4270,#4272,#4274,#4276,#4278,#4280,
#4282,#4284,#4286,#4288,#4290,#4292,#4294,#4296,#4297,#4298,#4299,#4301));
#4303=FACE_OUTER_BOUND('',#4302,.F.);
#4304=ADVANCED_FACE('',(#4303),#4263,.T.);
#4305=CARTESIAN_POINT('',(3.825E0,-1.1E0,3.305E0));
#4306=DIRECTION('',(0.E0,-1.E0,0.E0));
#4307=DIRECTION('',(0.E0,0.E0,-1.E0));
#4308=AXIS2_PLACEMENT_3D('',#4305,#4306,#4307);
#4309=PLANE('',#4308);
#4311=ORIENTED_EDGE('',*,*,#4310,.F.);
#4313=ORIENTED_EDGE('',*,*,#4312,.T.);
#4314=ORIENTED_EDGE('',*,*,#3815,.T.);
#4316=ORIENTED_EDGE('',*,*,#4315,.F.);
#4317=ORIENTED_EDGE('',*,*,#4264,.F.);
#4319=ORIENTED_EDGE('',*,*,#4318,.F.);
#4320=EDGE_LOOP('',(#4311,#4313,#4314,#4316,#4317,#4319));
#4321=FACE_OUTER_BOUND('',#4320,.F.);
#4322=ADVANCED_FACE('',(#4321),#4309,.F.);
#4323=CARTESIAN_POINT('',(3.325E0,0.E0,0.E0));
#4324=DIRECTION('',(1.E0,0.E0,0.E0));
#4325=DIRECTION('',(0.E0,0.E0,-1.E0));
#4326=AXIS2_PLACEMENT_3D('',#4323,#4324,#4325);
#4327=PLANE('',#4326);
#4328=ORIENTED_EDGE('',*,*,#4310,.T.);
#4330=ORIENTED_EDGE('',*,*,#4329,.F.);
#4331=ORIENTED_EDGE('',*,*,#3050,.F.);
#4332=ORIENTED_EDGE('',*,*,#3752,.F.);
#4334=ORIENTED_EDGE('',*,*,#4333,.T.);
#4335=EDGE_LOOP('',(#4328,#4330,#4331,#4332,#4334));
#4336=FACE_OUTER_BOUND('',#4335,.F.);
#4337=ADVANCED_FACE('',(#4336),#4327,.T.);
#4338=CARTESIAN_POINT('',(3.325E0,0.E0,0.E0));
#4339=DIRECTION('',(1.E0,0.E0,0.E0));
#4340=DIRECTION('',(0.E0,0.E0,-1.E0));
#4341=AXIS2_PLACEMENT_3D('',#4338,#4339,#4340);
#4342=PLANE('',#4341);
#4344=ORIENTED_EDGE('',*,*,#4343,.F.);
#4346=ORIENTED_EDGE('',*,*,#4345,.T.);
#4347=ORIENTED_EDGE('',*,*,#3740,.F.);
#4349=ORIENTED_EDGE('',*,*,#4348,.F.);
#4351=ORIENTED_EDGE('',*,*,#4350,.F.);
#4352=EDGE_LOOP('',(#4344,#4346,#4347,#4349,#4351));
#4353=FACE_OUTER_BOUND('',#4352,.F.);
#4354=ADVANCED_FACE('',(#4353),#4342,.T.);
#4355=CARTESIAN_POINT('',(3.325E0,3.43E0,1.785E0));
#4356=DIRECTION('',(0.E0,0.E0,1.E0));
#4357=DIRECTION('',(0.E0,-1.E0,0.E0));
#4358=AXIS2_PLACEMENT_3D('',#4355,#4356,#4357);
#4359=PLANE('',#4358);
#4360=ORIENTED_EDGE('',*,*,#4318,.T.);
#4361=ORIENTED_EDGE('',*,*,#4300,.T.);
#4362=ORIENTED_EDGE('',*,*,#3052,.F.);
#4363=ORIENTED_EDGE('',*,*,#4329,.T.);
#4364=EDGE_LOOP('',(#4360,#4361,#4362,#4363));
#4365=FACE_OUTER_BOUND('',#4364,.F.);
#4366=ADVANCED_FACE('',(#4365),#4359,.T.);
#4367=CARTESIAN_POINT('',(3.325E0,3.43E0,1.785E0));
#4368=DIRECTION('',(0.E0,0.E0,1.E0));
#4369=DIRECTION('',(0.E0,-1.E0,0.E0));
#4370=AXIS2_PLACEMENT_3D('',#4367,#4368,#4369);
#4371=PLANE('',#4370);
#4373=ORIENTED_EDGE('',*,*,#4372,.F.);
#4374=ORIENTED_EDGE('',*,*,#4350,.T.);
#4376=ORIENTED_EDGE('',*,*,#4375,.T.);
#4377=ORIENTED_EDGE('',*,*,#4275,.T.);
#4378=EDGE_LOOP('',(#4373,#4374,#4376,#4377));
#4379=FACE_OUTER_BOUND('',#4378,.F.);
#4380=ADVANCED_FACE('',(#4379),#4371,.T.);
#4381=CARTESIAN_POINT('',(3.825E0,1.1E0,-1.95E-1));
#4382=DIRECTION('',(0.E0,1.E0,0.E0));
#4383=DIRECTION('',(0.E0,0.E0,1.E0));
#4384=AXIS2_PLACEMENT_3D('',#4381,#4382,#4383);
#4385=PLANE('',#4384);
#4386=ORIENTED_EDGE('',*,*,#4343,.T.);
#4387=ORIENTED_EDGE('',*,*,#4372,.T.);
#4388=ORIENTED_EDGE('',*,*,#4273,.T.);
#4390=ORIENTED_EDGE('',*,*,#4389,.T.);
#4391=ORIENTED_EDGE('',*,*,#3825,.T.);
#4393=ORIENTED_EDGE('',*,*,#4392,.F.);
#4394=EDGE_LOOP('',(#4386,#4387,#4388,#4390,#4391,#4393));
#4395=FACE_OUTER_BOUND('',#4394,.F.);
#4396=ADVANCED_FACE('',(#4395),#4385,.F.);
#4397=CARTESIAN_POINT('',(3.825E0,5.75E-1,-1.95E-1));
#4398=DIRECTION('',(0.E0,0.E0,-1.E0));
#4399=DIRECTION('',(0.E0,1.E0,0.E0));
#4400=AXIS2_PLACEMENT_3D('',#4397,#4398,#4399);
#4401=PLANE('',#4400);
#4402=ORIENTED_EDGE('',*,*,#3844,.T.);
#4403=ORIENTED_EDGE('',*,*,#3827,.T.);
#4404=ORIENTED_EDGE('',*,*,#4389,.F.);
#4405=ORIENTED_EDGE('',*,*,#4271,.F.);
#4406=EDGE_LOOP('',(#4402,#4403,#4404,#4405));
#4407=FACE_OUTER_BOUND('',#4406,.F.);
#4408=ADVANCED_FACE('',(#4407),#4401,.F.);
#4409=CARTESIAN_POINT('',(3.325E0,2.68E0,3.305E0));
#4410=DIRECTION('',(0.E0,0.E0,-1.E0));
#4411=DIRECTION('',(-1.E0,0.E0,0.E0));
#4412=AXIS2_PLACEMENT_3D('',#4409,#4410,#4411);
#4413=PLANE('',#4412);
#4414=ORIENTED_EDGE('',*,*,#4312,.F.);
#4415=ORIENTED_EDGE('',*,*,#4333,.F.);
#4417=ORIENTED_EDGE('',*,*,#4416,.T.);
#4418=ORIENTED_EDGE('',*,*,#3817,.F.);
#4419=EDGE_LOOP('',(#4414,#4415,#4417,#4418));
#4420=FACE_OUTER_BOUND('',#4419,.F.);
#4421=ADVANCED_FACE('',(#4420),#4413,.F.);
#4422=CARTESIAN_POINT('',(3.325E0,2.68E0,3.305E0));
#4423=DIRECTION('',(0.E0,0.E0,-1.E0));
#4424=DIRECTION('',(-1.E0,0.E0,0.E0));
#4425=AXIS2_PLACEMENT_3D('',#4422,#4423,#4424);
#4426=PLANE('',#4425);
#4427=ORIENTED_EDGE('',*,*,#4392,.T.);
#4428=ORIENTED_EDGE('',*,*,#3823,.F.);
#4429=ORIENTED_EDGE('',*,*,#3710,.F.);
#4430=ORIENTED_EDGE('',*,*,#4345,.F.);
#4431=EDGE_LOOP('',(#4427,#4428,#4429,#4430));
#4432=FACE_OUTER_BOUND('',#4431,.F.);
#4433=ADVANCED_FACE('',(#4432),#4426,.F.);
#4434=CARTESIAN_POINT('',(0.E0,-2.41E0,0.E0));
#4435=DIRECTION('',(0.E0,1.E0,0.E0));
#4436=DIRECTION('',(1.E0,0.E0,0.E0));
#4437=AXIS2_PLACEMENT_3D('',#4434,#4435,#4436);
#4438=PLANE('',#4437);
#4439=ORIENTED_EDGE('',*,*,#3750,.T.);
#4440=ORIENTED_EDGE('',*,*,#3819,.F.);
#4441=ORIENTED_EDGE('',*,*,#4416,.F.);
#4442=EDGE_LOOP('',(#4439,#4440,#4441));
#4443=FACE_OUTER_BOUND('',#4442,.F.);
#4444=ADVANCED_FACE('',(#4443),#4438,.T.);
#4445=CARTESIAN_POINT('',(0.E0,-2.41E0,0.E0));
#4446=DIRECTION('',(0.E0,1.E0,0.E0));
#4447=DIRECTION('',(1.E0,0.E0,0.E0));
#4448=AXIS2_PLACEMENT_3D('',#4445,#4446,#4447);
#4449=PLANE('',#4448);
#4450=ORIENTED_EDGE('',*,*,#3693,.T.);
#4452=ORIENTED_EDGE('',*,*,#4451,.F.);
#4453=ORIENTED_EDGE('',*,*,#4125,.F.);
#4454=EDGE_LOOP('',(#4450,#4452,#4453));
#4455=FACE_OUTER_BOUND('',#4454,.F.);
#4456=ADVANCED_FACE('',(#4455),#4449,.T.);
#4457=CARTESIAN_POINT('',(-1.925E0,2.68E0,3.305E0));
#4458=DIRECTION('',(0.E0,0.E0,-1.E0));
#4459=DIRECTION('',(-1.E0,0.E0,0.E0));
#4460=AXIS2_PLACEMENT_3D('',#4457,#4458,#4459);
#4461=PLANE('',#4460);
#4462=ORIENTED_EDGE('',*,*,#2937,.F.);
#4463=ORIENTED_EDGE('',*,*,#4127,.T.);
#4464=ORIENTED_EDGE('',*,*,#4451,.T.);
#4465=ORIENTED_EDGE('',*,*,#2894,.T.);
#4466=EDGE_LOOP('',(#4462,#4463,#4464,#4465));
#4467=FACE_OUTER_BOUND('',#4466,.F.);
#4468=ADVANCED_FACE('',(#4467),#4461,.F.);
#4469=CARTESIAN_POINT('',(-1.925E0,2.68E0,3.305E0));
#4470=DIRECTION('',(0.E0,0.E0,-1.E0));
#4471=DIRECTION('',(-1.E0,0.E0,0.E0));
#4472=AXIS2_PLACEMENT_3D('',#4469,#4470,#4471);
#4473=PLANE('',#4472);
#4475=ORIENTED_EDGE('',*,*,#4474,.T.);
#4476=ORIENTED_EDGE('',*,*,#2918,.T.);
#4477=ORIENTED_EDGE('',*,*,#3725,.F.);
#4478=ORIENTED_EDGE('',*,*,#4121,.T.);
#4479=EDGE_LOOP('',(#4475,#4476,#4477,#4478));
#4480=FACE_OUTER_BOUND('',#4479,.F.);
#4481=ADVANCED_FACE('',(#4480),#4473,.F.);
#4482=CARTESIAN_POINT('',(-3.825E0,1.1E0,-1.95E-1));
#4483=DIRECTION('',(0.E0,-1.E0,0.E0));
#4484=DIRECTION('',(0.E0,0.E0,1.E0));
#4485=AXIS2_PLACEMENT_3D('',#4482,#4483,#4484);
#4486=PLANE('',#4485);
#4487=ORIENTED_EDGE('',*,*,#2910,.F.);
#4488=ORIENTED_EDGE('',*,*,#4474,.F.);
#4489=ORIENTED_EDGE('',*,*,#4119,.F.);
#4491=ORIENTED_EDGE('',*,*,#4490,.F.);
#4492=ORIENTED_EDGE('',*,*,#4176,.F.);
#4493=ORIENTED_EDGE('',*,*,#2961,.F.);
#4494=EDGE_LOOP('',(#4487,#4488,#4489,#4491,#4492,#4493));
#4495=FACE_OUTER_BOUND('',#4494,.F.);
#4496=ADVANCED_FACE('',(#4495),#4486,.T.);
#4497=CARTESIAN_POINT('',(-3.825E0,5.75E-1,-1.95E-1));
#4498=DIRECTION('',(0.E0,0.E0,1.E0));
#4499=DIRECTION('',(0.E0,1.E0,0.E0));
#4500=AXIS2_PLACEMENT_3D('',#4497,#4498,#4499);
#4501=PLANE('',#4500);
#4502=ORIENTED_EDGE('',*,*,#4146,.F.);
#4503=ORIENTED_EDGE('',*,*,#4178,.T.);
#4504=ORIENTED_EDGE('',*,*,#4490,.T.);
#4505=ORIENTED_EDGE('',*,*,#4117,.F.);
#4506=EDGE_LOOP('',(#4502,#4503,#4504,#4505));
#4507=FACE_OUTER_BOUND('',#4506,.F.);
#4508=ADVANCED_FACE('',(#4507),#4501,.T.);
#4509=CARTESIAN_POINT('',(-3.325E0,3.43E0,-4.955E0));
#4510=DIRECTION('',(0.E0,1.E0,0.E0));
#4511=DIRECTION('',(0.E0,0.E0,1.E0));
#4512=AXIS2_PLACEMENT_3D('',#4509,#4510,#4511);
#4513=PLANE('',#4512);
#4515=ORIENTED_EDGE('',*,*,#4514,.T.);
#4517=ORIENTED_EDGE('',*,*,#4516,.T.);
#4519=ORIENTED_EDGE('',*,*,#4518,.F.);
#4521=ORIENTED_EDGE('',*,*,#4520,.F.);
#4522=ORIENTED_EDGE('',*,*,#4277,.T.);
#4523=ORIENTED_EDGE('',*,*,#4375,.F.);
#4524=ORIENTED_EDGE('',*,*,#4348,.T.);
#4525=ORIENTED_EDGE('',*,*,#3738,.T.);
#4526=ORIENTED_EDGE('',*,*,#3774,.F.);
#4527=ORIENTED_EDGE('',*,*,#3681,.T.);
#4528=ORIENTED_EDGE('',*,*,#2914,.F.);
#4529=ORIENTED_EDGE('',*,*,#2965,.T.);
#4530=ORIENTED_EDGE('',*,*,#4173,.T.);
#4532=ORIENTED_EDGE('',*,*,#4531,.F.);
#4533=EDGE_LOOP('',(#4515,#4517,#4519,#4521,#4522,#4523,#4524,#4525,#4526,#4527,
#4528,#4529,#4530,#4532));
#4534=FACE_OUTER_BOUND('',#4533,.F.);
#4536=ORIENTED_EDGE('',*,*,#4535,.F.);
#4538=ORIENTED_EDGE('',*,*,#4537,.T.);
#4540=ORIENTED_EDGE('',*,*,#4539,.T.);
#4542=ORIENTED_EDGE('',*,*,#4541,.F.);
#4543=EDGE_LOOP('',(#4536,#4538,#4540,#4542));
#4544=FACE_BOUND('',#4543,.F.);
#4545=ADVANCED_FACE('',(#4534,#4544),#4513,.T.);
#4546=CARTESIAN_POINT('',(-7.E-1,0.E0,0.E0));
#4547=DIRECTION('',(1.E0,0.E0,0.E0));
#4548=DIRECTION('',(0.E0,0.E0,-1.E0));
#4549=AXIS2_PLACEMENT_3D('',#4546,#4547,#4548);
#4550=PLANE('',#4549);
#4551=ORIENTED_EDGE('',*,*,#4535,.T.);
#4553=ORIENTED_EDGE('',*,*,#4552,.T.);
#4555=ORIENTED_EDGE('',*,*,#4554,.T.);
#4557=ORIENTED_EDGE('',*,*,#4556,.T.);
#4559=ORIENTED_EDGE('',*,*,#4558,.T.);
#4560=EDGE_LOOP('',(#4551,#4553,#4555,#4557,#4559));
#4561=FACE_OUTER_BOUND('',#4560,.F.);
#4562=ADVANCED_FACE('',(#4561),#4550,.F.);
#4563=CARTESIAN_POINT('',(-7.E-1,4.18E0,1.266231546170E0));
#4564=DIRECTION('',(1.E0,0.E0,0.E0));
#4565=DIRECTION('',(0.E0,0.E0,-1.E0));
#4566=AXIS2_PLACEMENT_3D('',#4563,#4564,#4565);
#4567=CYLINDRICAL_SURFACE('',#4566,7.5E-1);
#4568=ORIENTED_EDGE('',*,*,#4541,.T.);
#4570=ORIENTED_EDGE('',*,*,#4569,.T.);
#4572=ORIENTED_EDGE('',*,*,#4571,.F.);
#4573=ORIENTED_EDGE('',*,*,#4552,.F.);
#4574=EDGE_LOOP('',(#4568,#4570,#4572,#4573));
#4575=FACE_OUTER_BOUND('',#4574,.F.);
#4576=ADVANCED_FACE('',(#4575),#4567,.F.);
#4577=CARTESIAN_POINT('',(7.E-1,0.E0,0.E0));
#4578=DIRECTION('',(1.E0,0.E0,0.E0));
#4579=DIRECTION('',(0.E0,0.E0,-1.E0));
#4580=AXIS2_PLACEMENT_3D('',#4577,#4578,#4579);
#4581=PLANE('',#4580);
#4582=ORIENTED_EDGE('',*,*,#4539,.F.);
#4584=ORIENTED_EDGE('',*,*,#4583,.F.);
#4586=ORIENTED_EDGE('',*,*,#4585,.F.);
#4588=ORIENTED_EDGE('',*,*,#4587,.F.);
#4589=ORIENTED_EDGE('',*,*,#4569,.F.);
#4590=EDGE_LOOP('',(#4582,#4584,#4586,#4588,#4589));
#4591=FACE_OUTER_BOUND('',#4590,.F.);
#4592=ADVANCED_FACE('',(#4591),#4581,.T.);
#4593=CARTESIAN_POINT('',(-7.E-1,4.83E0,2.755E0));
#4594=DIRECTION('',(0.E0,7.644333195971E-1,6.447027996602E-1));
#4595=DIRECTION('',(0.E0,-6.447027996602E-1,7.644333195971E-1));
#4596=AXIS2_PLACEMENT_3D('',#4593,#4594,#4595);
#4597=PLANE('',#4596);
#4598=ORIENTED_EDGE('',*,*,#4537,.F.);
#4599=ORIENTED_EDGE('',*,*,#4558,.F.);
#4601=ORIENTED_EDGE('',*,*,#4600,.T.);
#4602=ORIENTED_EDGE('',*,*,#4583,.T.);
#4603=EDGE_LOOP('',(#4598,#4599,#4601,#4602));
#4604=FACE_OUTER_BOUND('',#4603,.F.);
#4605=ADVANCED_FACE('',(#4604),#4597,.T.);
#4606=CARTESIAN_POINT('',(-7.E-1,4.83E0,2.005E0));
#4607=DIRECTION('',(0.E0,1.E0,0.E0));
#4608=DIRECTION('',(0.E0,0.E0,1.E0));
#4609=AXIS2_PLACEMENT_3D('',#4606,#4607,#4608);
#4610=PLANE('',#4609);
#4611=ORIENTED_EDGE('',*,*,#4556,.F.);
#4613=ORIENTED_EDGE('',*,*,#4612,.T.);
#4614=ORIENTED_EDGE('',*,*,#4585,.T.);
#4615=ORIENTED_EDGE('',*,*,#4600,.F.);
#4616=EDGE_LOOP('',(#4611,#4613,#4614,#4615));
#4617=FACE_OUTER_BOUND('',#4616,.F.);
#4618=ADVANCED_FACE('',(#4617),#4610,.T.);
#4619=CARTESIAN_POINT('',(-7.E-1,4.193089304828E0,2.016117317538E0));
#4620=DIRECTION('',(0.E0,-1.745240643728E-2,-9.998476951564E-1));
#4621=DIRECTION('',(0.E0,9.998476951564E-1,-1.745240643728E-2));
#4622=AXIS2_PLACEMENT_3D('',#4619,#4620,#4621);
#4623=PLANE('',#4622);
#4624=ORIENTED_EDGE('',*,*,#4554,.F.);
#4625=ORIENTED_EDGE('',*,*,#4571,.T.);
#4626=ORIENTED_EDGE('',*,*,#4587,.T.);
#4627=ORIENTED_EDGE('',*,*,#4612,.F.);
#4628=EDGE_LOOP('',(#4624,#4625,#4626,#4627));
#4629=FACE_OUTER_BOUND('',#4628,.F.);
#4630=ADVANCED_FACE('',(#4629),#4623,.T.);
#4631=CARTESIAN_POINT('',(-1.825E0,3.43E0,-4.955E0));
#4632=DIRECTION('',(-1.E0,0.E0,0.E0));
#4633=DIRECTION('',(0.E0,0.E0,1.E0));
#4634=AXIS2_PLACEMENT_3D('',#4631,#4632,#4633);
#4635=PLANE('',#4634);
#4636=ORIENTED_EDGE('',*,*,#4514,.F.);
#4638=ORIENTED_EDGE('',*,*,#4637,.F.);
#4640=ORIENTED_EDGE('',*,*,#4639,.T.);
#4642=ORIENTED_EDGE('',*,*,#4641,.F.);
#4643=EDGE_LOOP('',(#4636,#4638,#4640,#4642));
#4644=FACE_OUTER_BOUND('',#4643,.F.);
#4645=ADVANCED_FACE('',(#4644),#4635,.F.);
#4646=CARTESIAN_POINT('',(-3.325E0,1.6E0,-4.955E0));
#4647=DIRECTION('',(0.E0,0.E0,-1.E0));
#4648=DIRECTION('',(0.E0,1.E0,0.E0));
#4649=AXIS2_PLACEMENT_3D('',#4646,#4647,#4648);
#4650=PLANE('',#4649);
#4652=ORIENTED_EDGE('',*,*,#4651,.T.);
#4654=ORIENTED_EDGE('',*,*,#4653,.F.);
#4655=ORIENTED_EDGE('',*,*,#4637,.T.);
#4656=ORIENTED_EDGE('',*,*,#4531,.T.);
#4657=ORIENTED_EDGE('',*,*,#4171,.T.);
#4659=ORIENTED_EDGE('',*,*,#4658,.F.);
#4661=ORIENTED_EDGE('',*,*,#4660,.T.);
#4662=EDGE_LOOP('',(#4652,#4654,#4655,#4656,#4657,#4659,#4661));
#4663=FACE_OUTER_BOUND('',#4662,.F.);
#4664=ADVANCED_FACE('',(#4663),#4650,.T.);
#4665=CARTESIAN_POINT('',(-3.325E0,1.6E0,-4.955E0));
#4666=DIRECTION('',(0.E0,0.E0,-1.E0));
#4667=DIRECTION('',(0.E0,1.E0,0.E0));
#4668=AXIS2_PLACEMENT_3D('',#4665,#4666,#4667);
#4669=PLANE('',#4668);
#4671=ORIENTED_EDGE('',*,*,#4670,.F.);
#4673=ORIENTED_EDGE('',*,*,#4672,.F.);
#4674=ORIENTED_EDGE('',*,*,#4279,.T.);
#4675=ORIENTED_EDGE('',*,*,#4520,.T.);
#4677=ORIENTED_EDGE('',*,*,#4676,.F.);
#4679=ORIENTED_EDGE('',*,*,#4678,.F.);
#4681=ORIENTED_EDGE('',*,*,#4680,.F.);
#4682=EDGE_LOOP('',(#4671,#4673,#4674,#4675,#4677,#4679,#4681));
#4683=FACE_OUTER_BOUND('',#4682,.F.);
#4684=ADVANCED_FACE('',(#4683),#4669,.T.);
#4685=CARTESIAN_POINT('',(-3.2E-1,3.43E0,-4.955E0));
#4686=DIRECTION('',(-1.E0,0.E0,0.E0));
#4687=DIRECTION('',(0.E0,0.E0,1.E0));
#4688=AXIS2_PLACEMENT_3D('',#4685,#4686,#4687);
#4689=PLANE('',#4688);
#4691=ORIENTED_EDGE('',*,*,#4690,.F.);
#4693=ORIENTED_EDGE('',*,*,#4692,.T.);
#4694=ORIENTED_EDGE('',*,*,#3125,.T.);
#4696=ORIENTED_EDGE('',*,*,#4695,.T.);
#4697=EDGE_LOOP('',(#4691,#4693,#4694,#4696));
#4698=FACE_OUTER_BOUND('',#4697,.F.);
#4699=ADVANCED_FACE('',(#4698),#4689,.F.);
#4700=CARTESIAN_POINT('',(-3.2E-1,3.43E0,-4.955E0));
#4701=DIRECTION('',(-1.E0,0.E0,0.E0));
#4702=DIRECTION('',(0.E0,0.E0,1.E0));
#4703=AXIS2_PLACEMENT_3D('',#4700,#4701,#4702);
#4704=PLANE('',#4703);
#4706=ORIENTED_EDGE('',*,*,#4705,.F.);
#4708=ORIENTED_EDGE('',*,*,#4707,.F.);
#4709=ORIENTED_EDGE('',*,*,#4651,.F.);
#4711=ORIENTED_EDGE('',*,*,#4710,.T.);
#4712=EDGE_LOOP('',(#4706,#4708,#4709,#4711));
#4713=FACE_OUTER_BOUND('',#4712,.F.);
#4714=ADVANCED_FACE('',(#4713),#4704,.F.);
#4715=CARTESIAN_POINT('',(-3.2E-1,3.43E0,-4.955E0));
#4716=DIRECTION('',(-1.E0,0.E0,0.E0));
#4717=DIRECTION('',(0.E0,0.E0,1.E0));
#4718=AXIS2_PLACEMENT_3D('',#4715,#4716,#4717);
#4719=PLANE('',#4718);
#4721=ORIENTED_EDGE('',*,*,#4720,.F.);
#4723=ORIENTED_EDGE('',*,*,#4722,.F.);
#4725=ORIENTED_EDGE('',*,*,#4724,.T.);
#4727=ORIENTED_EDGE('',*,*,#4726,.F.);
#4728=EDGE_LOOP('',(#4721,#4723,#4725,#4727));
#4729=FACE_OUTER_BOUND('',#4728,.F.);
#4730=ADVANCED_FACE('',(#4729),#4719,.F.);
#4731=CARTESIAN_POINT('',(-3.2E-1,3.43E0,-4.955E0));
#4732=DIRECTION('',(-1.E0,0.E0,0.E0));
#4733=DIRECTION('',(0.E0,0.E0,1.E0));
#4734=AXIS2_PLACEMENT_3D('',#4731,#4732,#4733);
#4735=PLANE('',#4734);
#4737=ORIENTED_EDGE('',*,*,#4736,.F.);
#4739=ORIENTED_EDGE('',*,*,#4738,.F.);
#4741=ORIENTED_EDGE('',*,*,#4740,.F.);
#4743=ORIENTED_EDGE('',*,*,#4742,.F.);
#4744=EDGE_LOOP('',(#4737,#4739,#4741,#4743));
#4745=FACE_OUTER_BOUND('',#4744,.F.);
#4746=ADVANCED_FACE('',(#4745),#4735,.F.);
#4747=CARTESIAN_POINT('',(-3.325E0,-2.78E0,-4.955E0));
#4748=DIRECTION('',(0.E0,1.E0,0.E0));
#4749=DIRECTION('',(0.E0,0.E0,1.E0));
#4750=AXIS2_PLACEMENT_3D('',#4747,#4748,#4749);
#4751=PLANE('',#4750);
#4752=ORIENTED_EDGE('',*,*,#4690,.T.);
#4754=ORIENTED_EDGE('',*,*,#4753,.T.);
#4755=ORIENTED_EDGE('',*,*,#4165,.T.);
#4757=ORIENTED_EDGE('',*,*,#4756,.F.);
#4758=EDGE_LOOP('',(#4752,#4754,#4755,#4757));
#4759=FACE_OUTER_BOUND('',#4758,.F.);
#4760=ADVANCED_FACE('',(#4759),#4751,.T.);
#4761=CARTESIAN_POINT('',(-3.325E0,-2.78E0,-4.955E0));
#4762=DIRECTION('',(0.E0,1.E0,0.E0));
#4763=DIRECTION('',(0.E0,0.E0,1.E0));
#4764=AXIS2_PLACEMENT_3D('',#4761,#4762,#4763);
#4765=PLANE('',#4764);
#4767=ORIENTED_EDGE('',*,*,#4766,.F.);
#4769=ORIENTED_EDGE('',*,*,#4768,.F.);
#4770=ORIENTED_EDGE('',*,*,#4293,.T.);
#4772=ORIENTED_EDGE('',*,*,#4771,.T.);
#4773=EDGE_LOOP('',(#4767,#4769,#4770,#4772));
#4774=FACE_OUTER_BOUND('',#4773,.F.);
#4775=ADVANCED_FACE('',(#4774),#4765,.T.);
#4776=CARTESIAN_POINT('',(-3.325E0,-2.78E0,-4.285E0));
#4777=DIRECTION('',(0.E0,0.E0,-1.E0));
#4778=DIRECTION('',(0.E0,1.E0,0.E0));
#4779=AXIS2_PLACEMENT_3D('',#4776,#4777,#4778);
#4780=PLANE('',#4779);
#4782=ORIENTED_EDGE('',*,*,#4781,.F.);
#4784=ORIENTED_EDGE('',*,*,#4783,.F.);
#4786=ORIENTED_EDGE('',*,*,#4785,.T.);
#4788=ORIENTED_EDGE('',*,*,#4787,.T.);
#4789=ORIENTED_EDGE('',*,*,#4771,.F.);
#4790=ORIENTED_EDGE('',*,*,#4291,.T.);
#4792=ORIENTED_EDGE('',*,*,#4791,.T.);
#4794=ORIENTED_EDGE('',*,*,#4793,.T.);
#4796=ORIENTED_EDGE('',*,*,#4795,.F.);
#4797=ORIENTED_EDGE('',*,*,#4283,.T.);
#4799=ORIENTED_EDGE('',*,*,#4798,.T.);
#4801=ORIENTED_EDGE('',*,*,#4800,.F.);
#4803=ORIENTED_EDGE('',*,*,#4802,.F.);
#4805=ORIENTED_EDGE('',*,*,#4804,.F.);
#4807=ORIENTED_EDGE('',*,*,#4806,.F.);
#4809=ORIENTED_EDGE('',*,*,#4808,.T.);
#4810=ORIENTED_EDGE('',*,*,#4742,.T.);
#4812=ORIENTED_EDGE('',*,*,#4811,.T.);
#4813=ORIENTED_EDGE('',*,*,#4722,.T.);
#4815=ORIENTED_EDGE('',*,*,#4814,.T.);
#4817=ORIENTED_EDGE('',*,*,#4816,.T.);
#4818=ORIENTED_EDGE('',*,*,#4167,.T.);
#4819=ORIENTED_EDGE('',*,*,#4753,.F.);
#4820=ORIENTED_EDGE('',*,*,#4695,.F.);
#4821=EDGE_LOOP('',(#4782,#4784,#4786,#4788,#4789,#4790,#4792,#4794,#4796,#4797,
#4799,#4801,#4803,#4805,#4807,#4809,#4810,#4812,#4813,#4815,#4817,#4818,#4819,
#4820));
#4822=FACE_OUTER_BOUND('',#4821,.F.);
#4824=ORIENTED_EDGE('',*,*,#4823,.F.);
#4826=ORIENTED_EDGE('',*,*,#4825,.F.);
#4828=ORIENTED_EDGE('',*,*,#4827,.T.);
#4830=ORIENTED_EDGE('',*,*,#4829,.T.);
#4831=EDGE_LOOP('',(#4824,#4826,#4828,#4830));
#4832=FACE_BOUND('',#4831,.F.);
#4833=ADVANCED_FACE('',(#4822,#4832),#4780,.T.);
#4834=CARTESIAN_POINT('',(-1.875E0,0.E0,0.E0));
#4835=DIRECTION('',(1.E0,0.E0,0.E0));
#4836=DIRECTION('',(0.E0,0.E0,-1.E0));
#4837=AXIS2_PLACEMENT_3D('',#4834,#4835,#4836);
#4838=PLANE('',#4837);
#4839=ORIENTED_EDGE('',*,*,#4823,.T.);
#4841=ORIENTED_EDGE('',*,*,#4840,.T.);
#4843=ORIENTED_EDGE('',*,*,#4842,.T.);
#4845=ORIENTED_EDGE('',*,*,#4844,.T.);
#4846=EDGE_LOOP('',(#4839,#4841,#4843,#4845));
#4847=FACE_OUTER_BOUND('',#4846,.F.);
#4848=ADVANCED_FACE('',(#4847),#4838,.F.);
#4849=CARTESIAN_POINT('',(-3.575E0,1.E0,-4.285E0));
#4850=DIRECTION('',(0.E0,-1.E0,0.E0));
#4851=DIRECTION('',(0.E0,0.E0,1.E0));
#4852=AXIS2_PLACEMENT_3D('',#4849,#4850,#4851);
#4853=PLANE('',#4852);
#4854=ORIENTED_EDGE('',*,*,#4829,.F.);
#4856=ORIENTED_EDGE('',*,*,#4855,.T.);
#4858=ORIENTED_EDGE('',*,*,#4857,.T.);
#4859=ORIENTED_EDGE('',*,*,#4840,.F.);
#4860=EDGE_LOOP('',(#4854,#4856,#4858,#4859));
#4861=FACE_OUTER_BOUND('',#4860,.F.);
#4862=ADVANCED_FACE('',(#4861),#4853,.T.);
#4863=CARTESIAN_POINT('',(-3.575E0,0.E0,0.E0));
#4864=DIRECTION('',(1.E0,0.E0,0.E0));
#4865=DIRECTION('',(0.E0,0.E0,-1.E0));
#4866=AXIS2_PLACEMENT_3D('',#4863,#4864,#4865);
#4867=PLANE('',#4866);
#4868=ORIENTED_EDGE('',*,*,#4827,.F.);
#4870=ORIENTED_EDGE('',*,*,#4869,.F.);
#4872=ORIENTED_EDGE('',*,*,#4871,.F.);
#4873=ORIENTED_EDGE('',*,*,#4855,.F.);
#4874=EDGE_LOOP('',(#4868,#4870,#4872,#4873));
#4875=FACE_OUTER_BOUND('',#4874,.F.);
#4876=ADVANCED_FACE('',(#4875),#4867,.T.);
#4877=CARTESIAN_POINT('',(-3.575E0,-1.E0,-3.685E0));
#4878=DIRECTION('',(0.E0,1.E0,0.E0));
#4879=DIRECTION('',(0.E0,0.E0,-1.E0));
#4880=AXIS2_PLACEMENT_3D('',#4877,#4878,#4879);
#4881=PLANE('',#4880);
#4882=ORIENTED_EDGE('',*,*,#4825,.T.);
#4883=ORIENTED_EDGE('',*,*,#4844,.F.);
#4885=ORIENTED_EDGE('',*,*,#4884,.F.);
#4886=ORIENTED_EDGE('',*,*,#4869,.T.);
#4887=EDGE_LOOP('',(#4882,#4883,#4885,#4886));
#4888=FACE_OUTER_BOUND('',#4887,.F.);
#4889=ADVANCED_FACE('',(#4888),#4881,.T.);
#4890=CARTESIAN_POINT('',(-3.575E0,1.E0,-3.685E0));
#4891=DIRECTION('',(0.E0,0.E0,-1.E0));
#4892=DIRECTION('',(0.E0,-1.E0,0.E0));
#4893=AXIS2_PLACEMENT_3D('',#4890,#4891,#4892);
#4894=PLANE('',#4893);
#4895=ORIENTED_EDGE('',*,*,#4871,.T.);
#4896=ORIENTED_EDGE('',*,*,#4884,.T.);
#4897=ORIENTED_EDGE('',*,*,#4842,.F.);
#4898=ORIENTED_EDGE('',*,*,#4857,.F.);
#4899=EDGE_LOOP('',(#4895,#4896,#4897,#4898));
#4900=FACE_OUTER_BOUND('',#4899,.F.);
#4901=ADVANCED_FACE('',(#4900),#4894,.T.);
#4902=CARTESIAN_POINT('',(-3.2E-1,0.E0,0.E0));
#4903=DIRECTION('',(1.E0,0.E0,0.E0));
#4904=DIRECTION('',(0.E0,0.E0,-1.E0));
#4905=AXIS2_PLACEMENT_3D('',#4902,#4903,#4904);
#4906=PLANE('',#4905);
#4907=ORIENTED_EDGE('',*,*,#4811,.F.);
#4909=ORIENTED_EDGE('',*,*,#4908,.T.);
#4911=ORIENTED_EDGE('',*,*,#4910,.T.);
#4913=ORIENTED_EDGE('',*,*,#4912,.T.);
#4914=EDGE_LOOP('',(#4907,#4909,#4911,#4913));
#4915=FACE_OUTER_BOUND('',#4914,.F.);
#4916=ADVANCED_FACE('',(#4915),#4906,.F.);
#4917=CARTESIAN_POINT('',(-3.2E-1,0.E0,0.E0));
#4918=DIRECTION('',(1.E0,0.E0,0.E0));
#4919=DIRECTION('',(0.E0,0.E0,-1.E0));
#4920=AXIS2_PLACEMENT_3D('',#4917,#4918,#4919);
#4921=PLANE('',#4920);
#4923=ORIENTED_EDGE('',*,*,#4922,.F.);
#4925=ORIENTED_EDGE('',*,*,#4924,.T.);
#4927=ORIENTED_EDGE('',*,*,#4926,.T.);
#4929=ORIENTED_EDGE('',*,*,#4928,.T.);
#4930=EDGE_LOOP('',(#4923,#4925,#4927,#4929));
#4931=FACE_OUTER_BOUND('',#4930,.F.);
#4932=ADVANCED_FACE('',(#4931),#4921,.F.);
#4933=CARTESIAN_POINT('',(-3.2E-1,0.E0,0.E0));
#4934=DIRECTION('',(1.E0,0.E0,0.E0));
#4935=DIRECTION('',(0.E0,0.E0,-1.E0));
#4936=AXIS2_PLACEMENT_3D('',#4933,#4934,#4935);
#4937=PLANE('',#4936);
#4939=ORIENTED_EDGE('',*,*,#4938,.F.);
#4940=ORIENTED_EDGE('',*,*,#4781,.T.);
#4941=ORIENTED_EDGE('',*,*,#3123,.T.);
#4943=ORIENTED_EDGE('',*,*,#4942,.T.);
#4944=EDGE_LOOP('',(#4939,#4940,#4941,#4943));
#4945=FACE_OUTER_BOUND('',#4944,.F.);
#4946=ADVANCED_FACE('',(#4945),#4937,.F.);
#4947=CARTESIAN_POINT('',(-3.2E-1,0.E0,0.E0));
#4948=DIRECTION('',(1.E0,0.E0,0.E0));
#4949=DIRECTION('',(0.E0,0.E0,-1.E0));
#4950=AXIS2_PLACEMENT_3D('',#4947,#4948,#4949);
#4951=PLANE('',#4950);
#4953=ORIENTED_EDGE('',*,*,#4952,.F.);
#4955=ORIENTED_EDGE('',*,*,#4954,.T.);
#4957=ORIENTED_EDGE('',*,*,#4956,.T.);
#4958=ORIENTED_EDGE('',*,*,#4660,.F.);
#4960=ORIENTED_EDGE('',*,*,#4959,.F.);
#4961=ORIENTED_EDGE('',*,*,#4814,.F.);
#4963=ORIENTED_EDGE('',*,*,#4962,.T.);
#4965=ORIENTED_EDGE('',*,*,#4964,.T.);
#4966=EDGE_LOOP('',(#4953,#4955,#4957,#4958,#4960,#4961,#4963,#4965));
#4967=FACE_OUTER_BOUND('',#4966,.F.);
#4968=ADVANCED_FACE('',(#4967),#4951,.F.);
#4969=CARTESIAN_POINT('',(-3.2E-1,0.E0,0.E0));
#4970=DIRECTION('',(1.E0,0.E0,0.E0));
#4971=DIRECTION('',(0.E0,0.E0,-1.E0));
#4972=AXIS2_PLACEMENT_3D('',#4969,#4970,#4971);
#4973=PLANE('',#4972);
#4975=ORIENTED_EDGE('',*,*,#4974,.F.);
#4977=ORIENTED_EDGE('',*,*,#4976,.T.);
#4979=ORIENTED_EDGE('',*,*,#4978,.T.);
#4981=ORIENTED_EDGE('',*,*,#4980,.T.);
#4982=EDGE_LOOP('',(#4975,#4977,#4979,#4981));
#4983=FACE_OUTER_BOUND('',#4982,.F.);
#4984=ADVANCED_FACE('',(#4983),#4973,.F.);
#4985=CARTESIAN_POINT('',(3.2E-1,-3.2E-1,-3.655E0));
#4986=DIRECTION('',(0.E0,-1.E0,0.E0));
#4987=DIRECTION('',(0.E0,0.E0,-1.E0));
#4988=AXIS2_PLACEMENT_3D('',#4985,#4986,#4987);
#4989=PLANE('',#4988);
#4991=ORIENTED_EDGE('',*,*,#4990,.T.);
#4993=ORIENTED_EDGE('',*,*,#4992,.T.);
#4994=ORIENTED_EDGE('',*,*,#4908,.F.);
#4995=ORIENTED_EDGE('',*,*,#4740,.T.);
#4997=ORIENTED_EDGE('',*,*,#4996,.T.);
#4999=ORIENTED_EDGE('',*,*,#4998,.T.);
#5000=EDGE_LOOP('',(#4991,#4993,#4994,#4995,#4997,#4999));
#5001=FACE_OUTER_BOUND('',#5000,.F.);
#5002=ADVANCED_FACE('',(#5001),#4989,.T.);
#5003=CARTESIAN_POINT('',(3.2E-1,0.E0,0.E0));
#5004=DIRECTION('',(1.E0,0.E0,0.E0));
#5005=DIRECTION('',(0.E0,0.E0,-1.E0));
#5006=AXIS2_PLACEMENT_3D('',#5003,#5004,#5005);
#5007=PLANE('',#5006);
#5008=ORIENTED_EDGE('',*,*,#4804,.T.);
#5010=ORIENTED_EDGE('',*,*,#5009,.F.);
#5012=ORIENTED_EDGE('',*,*,#5011,.F.);
#5013=ORIENTED_EDGE('',*,*,#4990,.F.);
#5014=EDGE_LOOP('',(#5008,#5010,#5012,#5013));
#5015=FACE_OUTER_BOUND('',#5014,.F.);
#5016=ADVANCED_FACE('',(#5015),#5007,.T.);
#5017=CARTESIAN_POINT('',(3.2E-1,0.E0,0.E0));
#5018=DIRECTION('',(1.E0,0.E0,0.E0));
#5019=DIRECTION('',(0.E0,0.E0,-1.E0));
#5020=AXIS2_PLACEMENT_3D('',#5017,#5018,#5019);
#5021=PLANE('',#5020);
#5023=ORIENTED_EDGE('',*,*,#5022,.F.);
#5025=ORIENTED_EDGE('',*,*,#5024,.F.);
#5027=ORIENTED_EDGE('',*,*,#5026,.F.);
#5029=ORIENTED_EDGE('',*,*,#5028,.F.);
#5030=EDGE_LOOP('',(#5023,#5025,#5027,#5029));
#5031=FACE_OUTER_BOUND('',#5030,.F.);
#5032=ADVANCED_FACE('',(#5031),#5021,.T.);
#5033=CARTESIAN_POINT('',(3.2E-1,0.E0,0.E0));
#5034=DIRECTION('',(1.E0,0.E0,0.E0));
#5035=DIRECTION('',(0.E0,0.E0,-1.E0));
#5036=AXIS2_PLACEMENT_3D('',#5033,#5034,#5035);
#5037=PLANE('',#5036);
#5039=ORIENTED_EDGE('',*,*,#5038,.F.);
#5041=ORIENTED_EDGE('',*,*,#5040,.F.);
#5042=ORIENTED_EDGE('',*,*,#3119,.F.);
#5043=ORIENTED_EDGE('',*,*,#4785,.F.);
#5044=EDGE_LOOP('',(#5039,#5041,#5042,#5043));
#5045=FACE_OUTER_BOUND('',#5044,.F.);
#5046=ADVANCED_FACE('',(#5045),#5037,.T.);
#5047=CARTESIAN_POINT('',(3.2E-1,0.E0,0.E0));
#5048=DIRECTION('',(1.E0,0.E0,0.E0));
#5049=DIRECTION('',(0.E0,0.E0,-1.E0));
#5050=AXIS2_PLACEMENT_3D('',#5047,#5048,#5049);
#5051=PLANE('',#5050);
#5053=ORIENTED_EDGE('',*,*,#5052,.F.);
#5055=ORIENTED_EDGE('',*,*,#5054,.F.);
#5057=ORIENTED_EDGE('',*,*,#5056,.F.);
#5058=ORIENTED_EDGE('',*,*,#4800,.T.);
#5060=ORIENTED_EDGE('',*,*,#5059,.T.);
#5061=ORIENTED_EDGE('',*,*,#4670,.T.);
#5063=ORIENTED_EDGE('',*,*,#5062,.F.);
#5065=ORIENTED_EDGE('',*,*,#5064,.F.);
#5066=EDGE_LOOP('',(#5053,#5055,#5057,#5058,#5060,#5061,#5063,#5065));
#5067=FACE_OUTER_BOUND('',#5066,.F.);
#5068=ADVANCED_FACE('',(#5067),#5051,.T.);
#5069=CARTESIAN_POINT('',(3.2E-1,0.E0,0.E0));
#5070=DIRECTION('',(1.E0,0.E0,0.E0));
#5071=DIRECTION('',(0.E0,0.E0,-1.E0));
#5072=AXIS2_PLACEMENT_3D('',#5069,#5070,#5071);
#5073=PLANE('',#5072);
#5075=ORIENTED_EDGE('',*,*,#5074,.F.);
#5077=ORIENTED_EDGE('',*,*,#5076,.F.);
#5079=ORIENTED_EDGE('',*,*,#5078,.F.);
#5081=ORIENTED_EDGE('',*,*,#5080,.F.);
#5082=EDGE_LOOP('',(#5075,#5077,#5079,#5081));
#5083=FACE_OUTER_BOUND('',#5082,.F.);
#5084=ADVANCED_FACE('',(#5083),#5073,.T.);
#5085=CARTESIAN_POINT('',(3.2E-1,3.2E-1,-4.955E0));
#5086=DIRECTION('',(0.E0,1.E0,0.E0));
#5087=DIRECTION('',(0.E0,0.E0,1.E0));
#5088=AXIS2_PLACEMENT_3D('',#5085,#5086,#5087);
#5089=PLANE('',#5088);
#5090=ORIENTED_EDGE('',*,*,#5009,.T.);
#5092=ORIENTED_EDGE('',*,*,#5091,.F.);
#5094=ORIENTED_EDGE('',*,*,#5093,.F.);
#5095=ORIENTED_EDGE('',*,*,#4724,.F.);
#5096=ORIENTED_EDGE('',*,*,#4912,.F.);
#5098=ORIENTED_EDGE('',*,*,#5097,.F.);
#5099=EDGE_LOOP('',(#5090,#5092,#5094,#5095,#5096,#5098));
#5100=FACE_OUTER_BOUND('',#5099,.F.);
#5101=ADVANCED_FACE('',(#5100),#5089,.T.);
#5102=CARTESIAN_POINT('',(3.2E-1,3.43E0,-3.655E0));
#5103=DIRECTION('',(1.E0,0.E0,0.E0));
#5104=DIRECTION('',(0.E0,0.E0,-1.E0));
#5105=AXIS2_PLACEMENT_3D('',#5102,#5103,#5104);
#5106=PLANE('',#5105);
#5107=ORIENTED_EDGE('',*,*,#4766,.T.);
#5108=ORIENTED_EDGE('',*,*,#4787,.F.);
#5109=ORIENTED_EDGE('',*,*,#3117,.F.);
#5111=ORIENTED_EDGE('',*,*,#5110,.F.);
#5112=EDGE_LOOP('',(#5107,#5108,#5109,#5111));
#5113=FACE_OUTER_BOUND('',#5112,.F.);
#5114=ADVANCED_FACE('',(#5113),#5106,.F.);
#5115=CARTESIAN_POINT('',(3.2E-1,3.43E0,-3.655E0));
#5116=DIRECTION('',(1.E0,0.E0,0.E0));
#5117=DIRECTION('',(0.E0,0.E0,-1.E0));
#5118=AXIS2_PLACEMENT_3D('',#5115,#5116,#5117);
#5119=PLANE('',#5118);
#5121=ORIENTED_EDGE('',*,*,#5120,.T.);
#5123=ORIENTED_EDGE('',*,*,#5122,.T.);
#5124=ORIENTED_EDGE('',*,*,#4680,.T.);
#5126=ORIENTED_EDGE('',*,*,#5125,.T.);
#5127=EDGE_LOOP('',(#5121,#5123,#5124,#5126));
#5128=FACE_OUTER_BOUND('',#5127,.F.);
#5129=ADVANCED_FACE('',(#5128),#5119,.F.);
#5130=CARTESIAN_POINT('',(3.2E-1,3.43E0,-3.655E0));
#5131=DIRECTION('',(1.E0,0.E0,0.E0));
#5132=DIRECTION('',(0.E0,0.E0,-1.E0));
#5133=AXIS2_PLACEMENT_3D('',#5130,#5131,#5132);
#5134=PLANE('',#5133);
#5136=ORIENTED_EDGE('',*,*,#5135,.F.);
#5138=ORIENTED_EDGE('',*,*,#5137,.T.);
#5139=ORIENTED_EDGE('',*,*,#5091,.T.);
#5140=ORIENTED_EDGE('',*,*,#4802,.T.);
#5141=EDGE_LOOP('',(#5136,#5138,#5139,#5140));
#5142=FACE_OUTER_BOUND('',#5141,.F.);
#5143=ADVANCED_FACE('',(#5142),#5134,.F.);
#5144=CARTESIAN_POINT('',(3.2E-1,3.43E0,-3.655E0));
#5145=DIRECTION('',(1.E0,0.E0,0.E0));
#5146=DIRECTION('',(0.E0,0.E0,-1.E0));
#5147=AXIS2_PLACEMENT_3D('',#5144,#5145,#5146);
#5148=PLANE('',#5147);
#5150=ORIENTED_EDGE('',*,*,#5149,.T.);
#5151=ORIENTED_EDGE('',*,*,#4806,.T.);
#5152=ORIENTED_EDGE('',*,*,#4998,.F.);
#5154=ORIENTED_EDGE('',*,*,#5153,.T.);
#5155=EDGE_LOOP('',(#5150,#5151,#5152,#5154));
#5156=FACE_OUTER_BOUND('',#5155,.F.);
#5157=ADVANCED_FACE('',(#5156),#5148,.F.);
#5158=CARTESIAN_POINT('',(-3.325E0,-3.94E0,-4.955E0));
#5159=DIRECTION('',(0.E0,0.E0,-1.E0));
#5160=DIRECTION('',(0.E0,1.E0,0.E0));
#5161=AXIS2_PLACEMENT_3D('',#5158,#5159,#5160);
#5162=PLANE('',#5161);
#5163=ORIENTED_EDGE('',*,*,#4692,.F.);
#5164=ORIENTED_EDGE('',*,*,#4756,.T.);
#5165=ORIENTED_EDGE('',*,*,#4163,.T.);
#5166=ORIENTED_EDGE('',*,*,#4252,.T.);
#5168=ORIENTED_EDGE('',*,*,#5167,.T.);
#5169=ORIENTED_EDGE('',*,*,#3127,.F.);
#5170=EDGE_LOOP('',(#5163,#5164,#5165,#5166,#5168,#5169));
#5171=FACE_OUTER_BOUND('',#5170,.F.);
#5172=ADVANCED_FACE('',(#5171),#5162,.T.);
#5173=CARTESIAN_POINT('',(-3.325E0,-3.94E0,-4.955E0));
#5174=DIRECTION('',(0.E0,0.E0,-1.E0));
#5175=DIRECTION('',(0.E0,1.E0,0.E0));
#5176=AXIS2_PLACEMENT_3D('',#5173,#5174,#5175);
#5177=PLANE('',#5176);
#5178=ORIENTED_EDGE('',*,*,#5110,.T.);
#5179=ORIENTED_EDGE('',*,*,#3115,.F.);
#5180=ORIENTED_EDGE('',*,*,#4225,.F.);
#5181=ORIENTED_EDGE('',*,*,#4240,.T.);
#5182=ORIENTED_EDGE('',*,*,#4295,.T.);
#5183=ORIENTED_EDGE('',*,*,#4768,.T.);
#5184=EDGE_LOOP('',(#5178,#5179,#5180,#5181,#5182,#5183));
#5185=FACE_OUTER_BOUND('',#5184,.F.);
#5186=ADVANCED_FACE('',(#5185),#5177,.T.);
#5187=CARTESIAN_POINT('',(-2.375E0,-3.43E0,-3.355E0));
#5188=DIRECTION('',(-1.E0,0.E0,0.E0));
#5189=DIRECTION('',(0.E0,-1.E0,0.E0));
#5190=AXIS2_PLACEMENT_3D('',#5187,#5188,#5189);
#5191=PLANE('',#5190);
#5192=ORIENTED_EDGE('',*,*,#4208,.T.);
#5193=ORIENTED_EDGE('',*,*,#3129,.T.);
#5194=ORIENTED_EDGE('',*,*,#5167,.F.);
#5195=ORIENTED_EDGE('',*,*,#4250,.F.);
#5196=EDGE_LOOP('',(#5192,#5193,#5194,#5195));
#5197=FACE_OUTER_BOUND('',#5196,.F.);
#5198=ADVANCED_FACE('',(#5197),#5191,.F.);
#5199=CARTESIAN_POINT('',(-3.2E-1,3.43E0,-3.655E0));
#5200=DIRECTION('',(0.E0,0.E0,1.E0));
#5201=DIRECTION('',(1.E0,0.E0,0.E0));
#5202=AXIS2_PLACEMENT_3D('',#5199,#5200,#5201);
#5203=PLANE('',#5202);
#5204=ORIENTED_EDGE('',*,*,#4705,.T.);
#5206=ORIENTED_EDGE('',*,*,#5205,.T.);
#5207=ORIENTED_EDGE('',*,*,#5120,.F.);
#5209=ORIENTED_EDGE('',*,*,#5208,.F.);
#5210=EDGE_LOOP('',(#5204,#5206,#5207,#5209));
#5211=FACE_OUTER_BOUND('',#5210,.F.);
#5212=ADVANCED_FACE('',(#5211),#5203,.F.);
#5213=CARTESIAN_POINT('',(-3.2E-1,3.43E0,-3.655E0));
#5214=DIRECTION('',(0.E0,0.E0,1.E0));
#5215=DIRECTION('',(1.E0,0.E0,0.E0));
#5216=AXIS2_PLACEMENT_3D('',#5213,#5214,#5215);
#5217=PLANE('',#5216);
#5219=ORIENTED_EDGE('',*,*,#5218,.F.);
#5220=ORIENTED_EDGE('',*,*,#4726,.T.);
#5221=ORIENTED_EDGE('',*,*,#5093,.T.);
#5222=ORIENTED_EDGE('',*,*,#5137,.F.);
#5223=EDGE_LOOP('',(#5219,#5220,#5221,#5222));
#5224=FACE_OUTER_BOUND('',#5223,.F.);
#5225=ADVANCED_FACE('',(#5224),#5217,.F.);
#5226=CARTESIAN_POINT('',(-3.2E-1,3.43E0,-3.655E0));
#5227=DIRECTION('',(0.E0,0.E0,1.E0));
#5228=DIRECTION('',(1.E0,0.E0,0.E0));
#5229=AXIS2_PLACEMENT_3D('',#5226,#5227,#5228);
#5230=PLANE('',#5229);
#5232=ORIENTED_EDGE('',*,*,#5231,.T.);
#5233=ORIENTED_EDGE('',*,*,#5153,.F.);
#5234=ORIENTED_EDGE('',*,*,#4996,.F.);
#5235=ORIENTED_EDGE('',*,*,#4738,.T.);
#5236=EDGE_LOOP('',(#5232,#5233,#5234,#5235));
#5237=FACE_OUTER_BOUND('',#5236,.F.);
#5238=ADVANCED_FACE('',(#5237),#5230,.F.);
#5239=CARTESIAN_POINT('',(3.2E-1,1.82E0,-7.285E0));
#5240=DIRECTION('',(0.E0,1.E0,0.E0));
#5241=DIRECTION('',(0.E0,0.E0,1.E0));
#5242=AXIS2_PLACEMENT_3D('',#5239,#5240,#5241);
#5243=PLANE('',#5242);
#5244=ORIENTED_EDGE('',*,*,#4710,.F.);
#5245=ORIENTED_EDGE('',*,*,#4956,.F.);
#5247=ORIENTED_EDGE('',*,*,#5246,.F.);
#5248=ORIENTED_EDGE('',*,*,#5062,.T.);
#5249=ORIENTED_EDGE('',*,*,#5122,.F.);
#5250=ORIENTED_EDGE('',*,*,#5205,.F.);
#5251=EDGE_LOOP('',(#5244,#5245,#5247,#5248,#5249,#5250));
#5252=FACE_OUTER_BOUND('',#5251,.F.);
#5253=ADVANCED_FACE('',(#5252),#5243,.T.);
#5254=CARTESIAN_POINT('',(3.2E-1,1.82E0,-7.285E0));
#5255=DIRECTION('',(0.E0,1.E0,0.E0));
#5256=DIRECTION('',(0.E0,0.E0,1.E0));
#5257=AXIS2_PLACEMENT_3D('',#5254,#5255,#5256);
#5258=PLANE('',#5257);
#5260=ORIENTED_EDGE('',*,*,#5259,.T.);
#5261=ORIENTED_EDGE('',*,*,#4928,.F.);
#5263=ORIENTED_EDGE('',*,*,#5262,.T.);
#5264=ORIENTED_EDGE('',*,*,#5024,.T.);
#5265=EDGE_LOOP('',(#5260,#5261,#5263,#5264));
#5266=FACE_OUTER_BOUND('',#5265,.F.);
#5267=ADVANCED_FACE('',(#5266),#5258,.T.);
#5268=CARTESIAN_POINT('',(3.2E-1,-7.12E0,-7.285E0));
#5269=DIRECTION('',(0.E0,0.E0,-1.E0));
#5270=DIRECTION('',(0.E0,1.E0,0.E0));
#5271=AXIS2_PLACEMENT_3D('',#5268,#5269,#5270);
#5272=PLANE('',#5271);
#5274=ORIENTED_EDGE('',*,*,#5273,.F.);
#5275=ORIENTED_EDGE('',*,*,#5064,.T.);
#5276=ORIENTED_EDGE('',*,*,#5246,.T.);
#5277=ORIENTED_EDGE('',*,*,#4954,.F.);
#5278=EDGE_LOOP('',(#5274,#5275,#5276,#5277));
#5279=FACE_OUTER_BOUND('',#5278,.F.);
#5280=ADVANCED_FACE('',(#5279),#5272,.T.);
#5281=CARTESIAN_POINT('',(0.E0,-6.62E0,-7.195E0));
#5282=DIRECTION('',(0.E0,-1.771529983153E-1,-9.841833239737E-1));
#5283=DIRECTION('',(0.E0,-9.841833239737E-1,1.771529983153E-1));
#5284=AXIS2_PLACEMENT_3D('',#5281,#5282,#5283);
#5285=PLANE('',#5284);
#5287=ORIENTED_EDGE('',*,*,#5286,.F.);
#5289=ORIENTED_EDGE('',*,*,#5288,.F.);
#5290=ORIENTED_EDGE('',*,*,#5273,.T.);
#5292=ORIENTED_EDGE('',*,*,#5291,.F.);
#5293=EDGE_LOOP('',(#5287,#5289,#5290,#5292));
#5294=FACE_OUTER_BOUND('',#5293,.F.);
#5295=ADVANCED_FACE('',(#5294),#5285,.T.);
#5296=CARTESIAN_POINT('',(3.2E-1,-7.12E0,-6.645E0));
#5297=DIRECTION('',(0.E0,-1.E0,0.E0));
#5298=DIRECTION('',(0.E0,0.E0,-1.E0));
#5299=AXIS2_PLACEMENT_3D('',#5296,#5297,#5298);
#5300=PLANE('',#5299);
#5301=ORIENTED_EDGE('',*,*,#5286,.T.);
#5303=ORIENTED_EDGE('',*,*,#5302,.T.);
#5305=ORIENTED_EDGE('',*,*,#5304,.F.);
#5307=ORIENTED_EDGE('',*,*,#5306,.T.);
#5308=EDGE_LOOP('',(#5301,#5303,#5305,#5307));
#5309=FACE_OUTER_BOUND('',#5308,.F.);
#5310=ADVANCED_FACE('',(#5309),#5300,.T.);
#5311=CARTESIAN_POINT('',(-2.3E-1,-6.62E0,-6.965E0));
#5312=DIRECTION('',(-9.841833239737E-1,-1.771529983153E-1,0.E0));
#5313=DIRECTION('',(1.771529983153E-1,-9.841833239737E-1,0.E0));
#5314=AXIS2_PLACEMENT_3D('',#5311,#5312,#5313);
#5315=PLANE('',#5314);
#5316=ORIENTED_EDGE('',*,*,#4952,.T.);
#5318=ORIENTED_EDGE('',*,*,#5317,.F.);
#5319=ORIENTED_EDGE('',*,*,#5302,.F.);
#5320=ORIENTED_EDGE('',*,*,#5291,.T.);
#5321=EDGE_LOOP('',(#5316,#5318,#5319,#5320));
#5322=FACE_OUTER_BOUND('',#5321,.F.);
#5323=ADVANCED_FACE('',(#5322),#5315,.T.);
#5324=CARTESIAN_POINT('',(0.E0,-6.62E0,-6.735E0));
#5325=DIRECTION('',(0.E0,-1.771529983153E-1,9.841833239737E-1));
#5326=DIRECTION('',(0.E0,9.841833239737E-1,1.771529983153E-1));
#5327=AXIS2_PLACEMENT_3D('',#5324,#5325,#5326);
#5328=PLANE('',#5327);
#5330=ORIENTED_EDGE('',*,*,#5329,.F.);
#5332=ORIENTED_EDGE('',*,*,#5331,.F.);
#5333=ORIENTED_EDGE('',*,*,#5304,.T.);
#5334=ORIENTED_EDGE('',*,*,#5317,.T.);
#5335=EDGE_LOOP('',(#5330,#5332,#5333,#5334));
#5336=FACE_OUTER_BOUND('',#5335,.F.);
#5337=ADVANCED_FACE('',(#5336),#5328,.T.);
#5338=CARTESIAN_POINT('',(3.2E-1,1.18E0,-6.645E0));
#5339=DIRECTION('',(0.E0,0.E0,1.E0));
#5340=DIRECTION('',(0.E0,-1.E0,0.E0));
#5341=AXIS2_PLACEMENT_3D('',#5338,#5339,#5340);
#5342=PLANE('',#5341);
#5343=ORIENTED_EDGE('',*,*,#5329,.T.);
#5344=ORIENTED_EDGE('',*,*,#4964,.F.);
#5346=ORIENTED_EDGE('',*,*,#5345,.F.);
#5347=ORIENTED_EDGE('',*,*,#5054,.T.);
#5348=EDGE_LOOP('',(#5343,#5344,#5346,#5347));
#5349=FACE_OUTER_BOUND('',#5348,.F.);
#5350=ADVANCED_FACE('',(#5349),#5342,.T.);
#5351=CARTESIAN_POINT('',(3.2E-1,1.18E0,2.555E0));
#5352=DIRECTION('',(0.E0,-1.E0,0.E0));
#5353=DIRECTION('',(0.E0,0.E0,-1.E0));
#5354=AXIS2_PLACEMENT_3D('',#5351,#5352,#5353);
#5355=PLANE('',#5354);
#5356=ORIENTED_EDGE('',*,*,#4720,.T.);
#5357=ORIENTED_EDGE('',*,*,#5218,.T.);
#5358=ORIENTED_EDGE('',*,*,#5135,.T.);
#5359=ORIENTED_EDGE('',*,*,#5056,.T.);
#5360=ORIENTED_EDGE('',*,*,#5345,.T.);
#5361=ORIENTED_EDGE('',*,*,#4962,.F.);
#5362=EDGE_LOOP('',(#5356,#5357,#5358,#5359,#5360,#5361));
#5363=FACE_OUTER_BOUND('',#5362,.F.);
#5364=ADVANCED_FACE('',(#5363),#5355,.T.);
#5365=CARTESIAN_POINT('',(3.2E-1,1.18E0,2.555E0));
#5366=DIRECTION('',(0.E0,-1.E0,0.E0));
#5367=DIRECTION('',(0.E0,0.E0,-1.E0));
#5368=AXIS2_PLACEMENT_3D('',#5365,#5366,#5367);
#5369=PLANE('',#5368);
#5371=ORIENTED_EDGE('',*,*,#5370,.F.);
#5372=ORIENTED_EDGE('',*,*,#5028,.T.);
#5374=ORIENTED_EDGE('',*,*,#5373,.F.);
#5375=ORIENTED_EDGE('',*,*,#4924,.F.);
#5376=EDGE_LOOP('',(#5371,#5372,#5374,#5375));
#5377=FACE_OUTER_BOUND('',#5376,.F.);
#5378=ADVANCED_FACE('',(#5377),#5369,.T.);
#5379=CARTESIAN_POINT('',(0.E0,1.27E0,2.055E0));
#5380=DIRECTION('',(0.E0,-9.841833239737E-1,1.771529983153E-1));
#5381=DIRECTION('',(0.E0,1.771529983153E-1,9.841833239737E-1));
#5382=AXIS2_PLACEMENT_3D('',#5379,#5380,#5381);
#5383=PLANE('',#5382);
#5385=ORIENTED_EDGE('',*,*,#5384,.F.);
#5387=ORIENTED_EDGE('',*,*,#5386,.F.);
#5388=ORIENTED_EDGE('',*,*,#5370,.T.);
#5390=ORIENTED_EDGE('',*,*,#5389,.F.);
#5391=EDGE_LOOP('',(#5385,#5387,#5388,#5390));
#5392=FACE_OUTER_BOUND('',#5391,.F.);
#5393=ADVANCED_FACE('',(#5392),#5383,.T.);
#5394=CARTESIAN_POINT('',(3.2E-1,1.82E0,2.555E0));
#5395=DIRECTION('',(0.E0,0.E0,1.E0));
#5396=DIRECTION('',(0.E0,-1.E0,0.E0));
#5397=AXIS2_PLACEMENT_3D('',#5394,#5395,#5396);
#5398=PLANE('',#5397);
#5399=ORIENTED_EDGE('',*,*,#5384,.T.);
#5401=ORIENTED_EDGE('',*,*,#5400,.T.);
#5403=ORIENTED_EDGE('',*,*,#5402,.F.);
#5405=ORIENTED_EDGE('',*,*,#5404,.T.);
#5406=EDGE_LOOP('',(#5399,#5401,#5403,#5405));
#5407=FACE_OUTER_BOUND('',#5406,.F.);
#5408=ADVANCED_FACE('',(#5407),#5398,.T.);
#5409=CARTESIAN_POINT('',(-2.3E-1,1.5E0,2.055E0));
#5410=DIRECTION('',(-9.841833239737E-1,0.E0,1.771529983153E-1));
#5411=DIRECTION('',(1.771529983153E-1,0.E0,9.841833239737E-1));
#5412=AXIS2_PLACEMENT_3D('',#5409,#5410,#5411);
#5413=PLANE('',#5412);
#5414=ORIENTED_EDGE('',*,*,#4922,.T.);
#5416=ORIENTED_EDGE('',*,*,#5415,.F.);
#5417=ORIENTED_EDGE('',*,*,#5400,.F.);
#5418=ORIENTED_EDGE('',*,*,#5389,.T.);
#5419=EDGE_LOOP('',(#5414,#5416,#5417,#5418));
#5420=FACE_OUTER_BOUND('',#5419,.F.);
#5421=ADVANCED_FACE('',(#5420),#5413,.T.);
#5422=CARTESIAN_POINT('',(0.E0,1.73E0,2.055E0));
#5423=DIRECTION('',(0.E0,9.841833239737E-1,1.771529983153E-1));
#5424=DIRECTION('',(0.E0,1.771529983153E-1,-9.841833239737E-1));
#5425=AXIS2_PLACEMENT_3D('',#5422,#5423,#5424);
#5426=PLANE('',#5425);
#5427=ORIENTED_EDGE('',*,*,#5259,.F.);
#5429=ORIENTED_EDGE('',*,*,#5428,.F.);
#5430=ORIENTED_EDGE('',*,*,#5402,.T.);
#5431=ORIENTED_EDGE('',*,*,#5415,.T.);
#5432=EDGE_LOOP('',(#5427,#5429,#5430,#5431));
#5433=FACE_OUTER_BOUND('',#5432,.F.);
#5434=ADVANCED_FACE('',(#5433),#5426,.T.);
#5435=CARTESIAN_POINT('',(2.3E-1,1.5E0,2.055E0));
#5436=DIRECTION('',(9.841833239737E-1,0.E0,1.771529983153E-1));
#5437=DIRECTION('',(-1.771529983153E-1,0.E0,9.841833239737E-1));
#5438=AXIS2_PLACEMENT_3D('',#5435,#5436,#5437);
#5439=PLANE('',#5438);
#5440=ORIENTED_EDGE('',*,*,#5404,.F.);
#5441=ORIENTED_EDGE('',*,*,#5428,.T.);
#5442=ORIENTED_EDGE('',*,*,#5022,.T.);
#5443=ORIENTED_EDGE('',*,*,#5386,.T.);
#5444=EDGE_LOOP('',(#5440,#5441,#5442,#5443));
#5445=FACE_OUTER_BOUND('',#5444,.F.);
#5446=ADVANCED_FACE('',(#5445),#5439,.T.);
#5447=CARTESIAN_POINT('',(-3.325E0,3.43E0,-1.645E0));
#5448=DIRECTION('',(0.E0,0.E0,1.E0));
#5449=DIRECTION('',(1.E0,0.E0,0.E0));
#5450=AXIS2_PLACEMENT_3D('',#5447,#5448,#5449);
#5451=PLANE('',#5450);
#5453=ORIENTED_EDGE('',*,*,#5452,.F.);
#5455=ORIENTED_EDGE('',*,*,#5454,.F.);
#5457=ORIENTED_EDGE('',*,*,#5456,.F.);
#5459=ORIENTED_EDGE('',*,*,#5458,.F.);
#5460=EDGE_LOOP('',(#5453,#5455,#5457,#5459));
#5461=FACE_OUTER_BOUND('',#5460,.F.);
#5462=ORIENTED_EDGE('',*,*,#5026,.T.);
#5463=ORIENTED_EDGE('',*,*,#5262,.F.);
#5464=ORIENTED_EDGE('',*,*,#4926,.F.);
#5465=ORIENTED_EDGE('',*,*,#5373,.T.);
#5466=EDGE_LOOP('',(#5462,#5463,#5464,#5465));
#5467=FACE_BOUND('',#5466,.F.);
#5468=ADVANCED_FACE('',(#5461,#5467),#5451,.T.);
#5469=CARTESIAN_POINT('',(-3.325E0,3.43E0,-1.645E0));
#5470=DIRECTION('',(0.E0,0.E0,1.E0));
#5471=DIRECTION('',(1.E0,0.E0,0.E0));
#5472=AXIS2_PLACEMENT_3D('',#5469,#5470,#5471);
#5473=PLANE('',#5472);
#5475=ORIENTED_EDGE('',*,*,#5474,.F.);
#5477=ORIENTED_EDGE('',*,*,#5476,.F.);
#5479=ORIENTED_EDGE('',*,*,#5478,.F.);
#5481=ORIENTED_EDGE('',*,*,#5480,.F.);
#5483=ORIENTED_EDGE('',*,*,#5482,.F.);
#5484=EDGE_LOOP('',(#5475,#5477,#5479,#5481,#5483));
#5485=FACE_OUTER_BOUND('',#5484,.F.);
#5486=ORIENTED_EDGE('',*,*,#5078,.T.);
#5488=ORIENTED_EDGE('',*,*,#5487,.F.);
#5489=ORIENTED_EDGE('',*,*,#4978,.F.);
#5491=ORIENTED_EDGE('',*,*,#5490,.T.);
#5492=EDGE_LOOP('',(#5486,#5488,#5489,#5491));
#5493=FACE_BOUND('',#5492,.F.);
#5494=ADVANCED_FACE('',(#5485,#5493),#5473,.T.);
#5495=CARTESIAN_POINT('',(-1.27E0,2.77E0,4.955E0));
#5496=DIRECTION('',(-1.E0,0.E0,0.E0));
#5497=DIRECTION('',(0.E0,-1.E0,0.E0));
#5498=AXIS2_PLACEMENT_3D('',#5495,#5496,#5497);
#5499=PLANE('',#5498);
#5500=ORIENTED_EDGE('',*,*,#3779,.F.);
#5502=ORIENTED_EDGE('',*,*,#5501,.T.);
#5503=ORIENTED_EDGE('',*,*,#5452,.T.);
#5505=ORIENTED_EDGE('',*,*,#5504,.F.);
#5506=EDGE_LOOP('',(#5500,#5502,#5503,#5505));
#5507=FACE_OUTER_BOUND('',#5506,.F.);
#5508=ADVANCED_FACE('',(#5507),#5499,.F.);
#5509=CARTESIAN_POINT('',(1.27E0,2.77E0,4.955E0));
#5510=DIRECTION('',(0.E0,1.E0,0.E0));
#5511=DIRECTION('',(-1.E0,0.E0,0.E0));
#5512=AXIS2_PLACEMENT_3D('',#5509,#5510,#5511);
#5513=PLANE('',#5512);
#5514=ORIENTED_EDGE('',*,*,#3785,.F.);
#5516=ORIENTED_EDGE('',*,*,#5515,.T.);
#5517=ORIENTED_EDGE('',*,*,#5454,.T.);
#5518=ORIENTED_EDGE('',*,*,#5501,.F.);
#5519=EDGE_LOOP('',(#5514,#5516,#5517,#5518));
#5520=FACE_OUTER_BOUND('',#5519,.F.);
#5521=ADVANCED_FACE('',(#5520),#5513,.F.);
#5522=CARTESIAN_POINT('',(1.27E0,2.3E-1,4.955E0));
#5523=DIRECTION('',(1.E0,0.E0,0.E0));
#5524=DIRECTION('',(0.E0,1.E0,0.E0));
#5525=AXIS2_PLACEMENT_3D('',#5522,#5523,#5524);
#5526=PLANE('',#5525);
#5527=ORIENTED_EDGE('',*,*,#3783,.F.);
#5529=ORIENTED_EDGE('',*,*,#5528,.T.);
#5530=ORIENTED_EDGE('',*,*,#5456,.T.);
#5531=ORIENTED_EDGE('',*,*,#5515,.F.);
#5532=EDGE_LOOP('',(#5527,#5529,#5530,#5531));
#5533=FACE_OUTER_BOUND('',#5532,.F.);
#5534=ADVANCED_FACE('',(#5533),#5526,.F.);
#5535=CARTESIAN_POINT('',(-1.27E0,2.3E-1,4.955E0));
#5536=DIRECTION('',(0.E0,-1.E0,0.E0));
#5537=DIRECTION('',(1.E0,0.E0,0.E0));
#5538=AXIS2_PLACEMENT_3D('',#5535,#5536,#5537);
#5539=PLANE('',#5538);
#5540=ORIENTED_EDGE('',*,*,#3781,.F.);
#5541=ORIENTED_EDGE('',*,*,#5504,.T.);
#5542=ORIENTED_EDGE('',*,*,#5458,.T.);
#5543=ORIENTED_EDGE('',*,*,#5528,.F.);
#5544=EDGE_LOOP('',(#5540,#5541,#5542,#5543));
#5545=FACE_OUTER_BOUND('',#5544,.F.);
#5546=ADVANCED_FACE('',(#5545),#5539,.F.);
#5547=CARTESIAN_POINT('',(1.27E0,-2.3E-1,4.955E0));
#5548=DIRECTION('',(0.E0,1.E0,0.E0));
#5549=DIRECTION('',(-1.E0,0.E0,0.E0));
#5550=AXIS2_PLACEMENT_3D('',#5547,#5548,#5549);
#5551=PLANE('',#5550);
#5552=ORIENTED_EDGE('',*,*,#3789,.F.);
#5554=ORIENTED_EDGE('',*,*,#5553,.T.);
#5555=ORIENTED_EDGE('',*,*,#5474,.T.);
#5557=ORIENTED_EDGE('',*,*,#5556,.F.);
#5558=EDGE_LOOP('',(#5552,#5554,#5555,#5557));
#5559=FACE_OUTER_BOUND('',#5558,.F.);
#5560=ADVANCED_FACE('',(#5559),#5551,.F.);
#5561=CARTESIAN_POINT('',(1.27E0,-2.77E0,4.955E0));
#5562=DIRECTION('',(1.E0,0.E0,0.E0));
#5563=DIRECTION('',(0.E0,1.E0,0.E0));
#5564=AXIS2_PLACEMENT_3D('',#5561,#5562,#5563);
#5565=PLANE('',#5564);
#5566=ORIENTED_EDGE('',*,*,#3797,.F.);
#5568=ORIENTED_EDGE('',*,*,#5567,.T.);
#5569=ORIENTED_EDGE('',*,*,#5476,.T.);
#5570=ORIENTED_EDGE('',*,*,#5553,.F.);
#5571=EDGE_LOOP('',(#5566,#5568,#5569,#5570));
#5572=FACE_OUTER_BOUND('',#5571,.F.);
#5573=ADVANCED_FACE('',(#5572),#5565,.F.);
#5574=CARTESIAN_POINT('',(-5.7E-1,-2.77E0,4.955E0));
#5575=DIRECTION('',(0.E0,-1.E0,0.E0));
#5576=DIRECTION('',(1.E0,0.E0,0.E0));
#5577=AXIS2_PLACEMENT_3D('',#5574,#5575,#5576);
#5578=PLANE('',#5577);
#5579=ORIENTED_EDGE('',*,*,#3795,.F.);
#5581=ORIENTED_EDGE('',*,*,#5580,.T.);
#5582=ORIENTED_EDGE('',*,*,#5478,.T.);
#5583=ORIENTED_EDGE('',*,*,#5567,.F.);
#5584=EDGE_LOOP('',(#5579,#5581,#5582,#5583));
#5585=FACE_OUTER_BOUND('',#5584,.F.);
#5586=ADVANCED_FACE('',(#5585),#5578,.F.);
#5587=CARTESIAN_POINT('',(-1.27E0,-2.07E0,4.955E0));
#5588=DIRECTION('',(-7.071067811865E-1,-7.071067811865E-1,0.E0));
#5589=DIRECTION('',(7.071067811865E-1,-7.071067811865E-1,0.E0));
#5590=AXIS2_PLACEMENT_3D('',#5587,#5588,#5589);
#5591=PLANE('',#5590);
#5592=ORIENTED_EDGE('',*,*,#3793,.F.);
#5594=ORIENTED_EDGE('',*,*,#5593,.T.);
#5595=ORIENTED_EDGE('',*,*,#5480,.T.);
#5596=ORIENTED_EDGE('',*,*,#5580,.F.);
#5597=EDGE_LOOP('',(#5592,#5594,#5595,#5596));
#5598=FACE_OUTER_BOUND('',#5597,.F.);
#5599=ADVANCED_FACE('',(#5598),#5591,.F.);
#5600=CARTESIAN_POINT('',(-1.27E0,-2.3E-1,4.955E0));
#5601=DIRECTION('',(-1.E0,0.E0,0.E0));
#5602=DIRECTION('',(0.E0,-1.E0,0.E0));
#5603=AXIS2_PLACEMENT_3D('',#5600,#5601,#5602);
#5604=PLANE('',#5603);
#5605=ORIENTED_EDGE('',*,*,#3791,.F.);
#5606=ORIENTED_EDGE('',*,*,#5556,.T.);
#5607=ORIENTED_EDGE('',*,*,#5482,.T.);
#5608=ORIENTED_EDGE('',*,*,#5593,.F.);
#5609=EDGE_LOOP('',(#5605,#5606,#5607,#5608));
#5610=FACE_OUTER_BOUND('',#5609,.F.);
#5611=ADVANCED_FACE('',(#5610),#5604,.F.);
#5612=CARTESIAN_POINT('',(3.2E-1,-1.18E0,-4.285E0));
#5613=DIRECTION('',(0.E0,1.E0,0.E0));
#5614=DIRECTION('',(0.E0,0.E0,1.E0));
#5615=AXIS2_PLACEMENT_3D('',#5612,#5613,#5614);
#5616=PLANE('',#5615);
#5617=ORIENTED_EDGE('',*,*,#4736,.T.);
#5618=ORIENTED_EDGE('',*,*,#4808,.F.);
#5619=ORIENTED_EDGE('',*,*,#5149,.F.);
#5620=ORIENTED_EDGE('',*,*,#5231,.F.);
#5621=EDGE_LOOP('',(#5617,#5618,#5619,#5620));
#5622=FACE_OUTER_BOUND('',#5621,.F.);
#5623=ADVANCED_FACE('',(#5622),#5616,.T.);
#5624=CARTESIAN_POINT('',(3.2E-1,-1.18E0,-4.285E0));
#5625=DIRECTION('',(0.E0,1.E0,0.E0));
#5626=DIRECTION('',(0.E0,0.E0,1.E0));
#5627=AXIS2_PLACEMENT_3D('',#5624,#5625,#5626);
#5628=PLANE('',#5627);
#5630=ORIENTED_EDGE('',*,*,#5629,.T.);
#5631=ORIENTED_EDGE('',*,*,#4980,.F.);
#5632=ORIENTED_EDGE('',*,*,#5487,.T.);
#5633=ORIENTED_EDGE('',*,*,#5076,.T.);
#5634=EDGE_LOOP('',(#5630,#5631,#5632,#5633));
#5635=FACE_OUTER_BOUND('',#5634,.F.);
#5636=ADVANCED_FACE('',(#5635),#5628,.T.);
#5637=CARTESIAN_POINT('',(0.E0,-1.27E0,2.055E0));
#5638=DIRECTION('',(0.E0,9.841833239737E-1,1.771529983153E-1));
#5639=DIRECTION('',(0.E0,1.771529983153E-1,-9.841833239737E-1));
#5640=AXIS2_PLACEMENT_3D('',#5637,#5638,#5639);
#5641=PLANE('',#5640);
#5642=ORIENTED_EDGE('',*,*,#5629,.F.);
#5644=ORIENTED_EDGE('',*,*,#5643,.F.);
#5646=ORIENTED_EDGE('',*,*,#5645,.T.);
#5648=ORIENTED_EDGE('',*,*,#5647,.T.);
#5649=EDGE_LOOP('',(#5642,#5644,#5646,#5648));
#5650=FACE_OUTER_BOUND('',#5649,.F.);
#5651=ADVANCED_FACE('',(#5650),#5641,.T.);
#5652=CARTESIAN_POINT('',(2.3E-1,-1.5E0,2.055E0));
#5653=DIRECTION('',(9.841833239737E-1,0.E0,1.771529983153E-1));
#5654=DIRECTION('',(-1.771529983153E-1,0.E0,9.841833239737E-1));
#5655=AXIS2_PLACEMENT_3D('',#5652,#5653,#5654);
#5656=PLANE('',#5655);
#5658=ORIENTED_EDGE('',*,*,#5657,.F.);
#5659=ORIENTED_EDGE('',*,*,#5643,.T.);
#5660=ORIENTED_EDGE('',*,*,#5074,.T.);
#5662=ORIENTED_EDGE('',*,*,#5661,.T.);
#5663=EDGE_LOOP('',(#5658,#5659,#5660,#5662));
#5664=FACE_OUTER_BOUND('',#5663,.F.);
#5665=ADVANCED_FACE('',(#5664),#5656,.T.);
#5666=CARTESIAN_POINT('',(3.2E-1,-1.18E0,2.555E0));
#5667=DIRECTION('',(0.E0,0.E0,1.E0));
#5668=DIRECTION('',(0.E0,-1.E0,0.E0));
#5669=AXIS2_PLACEMENT_3D('',#5666,#5667,#5668);
#5670=PLANE('',#5669);
#5672=ORIENTED_EDGE('',*,*,#5671,.T.);
#5674=ORIENTED_EDGE('',*,*,#5673,.T.);
#5675=ORIENTED_EDGE('',*,*,#5645,.F.);
#5676=ORIENTED_EDGE('',*,*,#5657,.T.);
#5677=EDGE_LOOP('',(#5672,#5674,#5675,#5676));
#5678=FACE_OUTER_BOUND('',#5677,.F.);
#5679=ADVANCED_FACE('',(#5678),#5670,.T.);
#5680=CARTESIAN_POINT('',(0.E0,-1.73E0,2.055E0));
#5681=DIRECTION('',(0.E0,-9.841833239737E-1,1.771529983153E-1));
#5682=DIRECTION('',(0.E0,1.771529983153E-1,9.841833239737E-1));
#5683=AXIS2_PLACEMENT_3D('',#5680,#5681,#5682);
#5684=PLANE('',#5683);
#5685=ORIENTED_EDGE('',*,*,#5671,.F.);
#5686=ORIENTED_EDGE('',*,*,#5661,.F.);
#5688=ORIENTED_EDGE('',*,*,#5687,.T.);
#5690=ORIENTED_EDGE('',*,*,#5689,.F.);
#5691=EDGE_LOOP('',(#5685,#5686,#5688,#5690));
#5692=FACE_OUTER_BOUND('',#5691,.F.);
#5693=ADVANCED_FACE('',(#5692),#5684,.T.);
#5694=CARTESIAN_POINT('',(3.2E-1,-1.82E0,2.555E0));
#5695=DIRECTION('',(0.E0,-1.E0,0.E0));
#5696=DIRECTION('',(0.E0,0.E0,-1.E0));
#5697=AXIS2_PLACEMENT_3D('',#5694,#5695,#5696);
#5698=PLANE('',#5697);
#5699=ORIENTED_EDGE('',*,*,#5687,.F.);
#5700=ORIENTED_EDGE('',*,*,#5080,.T.);
#5701=ORIENTED_EDGE('',*,*,#5490,.F.);
#5702=ORIENTED_EDGE('',*,*,#4976,.F.);
#5703=EDGE_LOOP('',(#5699,#5700,#5701,#5702));
#5704=FACE_OUTER_BOUND('',#5703,.F.);
#5705=ADVANCED_FACE('',(#5704),#5698,.T.);
#5706=CARTESIAN_POINT('',(-2.3E-1,-1.5E0,2.055E0));
#5707=DIRECTION('',(-9.841833239737E-1,0.E0,1.771529983153E-1));
#5708=DIRECTION('',(1.771529983153E-1,0.E0,9.841833239737E-1));
#5709=AXIS2_PLACEMENT_3D('',#5706,#5707,#5708);
#5710=PLANE('',#5709);
#5711=ORIENTED_EDGE('',*,*,#4974,.T.);
#5712=ORIENTED_EDGE('',*,*,#5647,.F.);
#5713=ORIENTED_EDGE('',*,*,#5673,.F.);
#5714=ORIENTED_EDGE('',*,*,#5689,.T.);
#5715=EDGE_LOOP('',(#5711,#5712,#5713,#5714));
#5716=FACE_OUTER_BOUND('',#5715,.F.);
#5717=ADVANCED_FACE('',(#5716),#5710,.T.);
#5718=CARTESIAN_POINT('',(2.3E-1,-6.62E0,-6.965E0));
#5719=DIRECTION('',(9.841833239737E-1,-1.771529983153E-1,0.E0));
#5720=DIRECTION('',(-1.771529983153E-1,-9.841833239737E-1,0.E0));
#5721=AXIS2_PLACEMENT_3D('',#5718,#5719,#5720);
#5722=PLANE('',#5721);
#5723=ORIENTED_EDGE('',*,*,#5306,.F.);
#5724=ORIENTED_EDGE('',*,*,#5331,.T.);
#5725=ORIENTED_EDGE('',*,*,#5052,.T.);
#5726=ORIENTED_EDGE('',*,*,#5288,.T.);
#5727=EDGE_LOOP('',(#5723,#5724,#5725,#5726));
#5728=FACE_OUTER_BOUND('',#5727,.F.);
#5729=ADVANCED_FACE('',(#5728),#5722,.T.);
#5730=CARTESIAN_POINT('',(-3.325E0,3.175E0,-4.955E0));
#5731=DIRECTION('',(0.E0,1.E0,0.E0));
#5732=DIRECTION('',(1.E0,0.E0,0.E0));
#5733=AXIS2_PLACEMENT_3D('',#5730,#5731,#5732);
#5734=PLANE('',#5733);
#5735=ORIENTED_EDGE('',*,*,#4707,.T.);
#5736=ORIENTED_EDGE('',*,*,#5208,.T.);
#5737=ORIENTED_EDGE('',*,*,#5125,.F.);
#5738=ORIENTED_EDGE('',*,*,#4678,.T.);
#5740=ORIENTED_EDGE('',*,*,#5739,.F.);
#5742=ORIENTED_EDGE('',*,*,#5741,.F.);
#5743=ORIENTED_EDGE('',*,*,#4639,.F.);
#5744=ORIENTED_EDGE('',*,*,#4653,.T.);
#5745=EDGE_LOOP('',(#5735,#5736,#5737,#5738,#5740,#5742,#5743,#5744));
#5746=FACE_OUTER_BOUND('',#5745,.F.);
#5747=ADVANCED_FACE('',(#5746),#5734,.T.);
#5748=CARTESIAN_POINT('',(1.825E0,3.43E0,-3.205E0));
#5749=DIRECTION('',(1.E0,0.E0,0.E0));
#5750=DIRECTION('',(0.E0,0.E0,-1.E0));
#5751=AXIS2_PLACEMENT_3D('',#5748,#5749,#5750);
#5752=PLANE('',#5751);
#5753=ORIENTED_EDGE('',*,*,#4518,.T.);
#5755=ORIENTED_EDGE('',*,*,#5754,.T.);
#5756=ORIENTED_EDGE('',*,*,#5739,.T.);
#5757=ORIENTED_EDGE('',*,*,#4676,.T.);
#5758=EDGE_LOOP('',(#5753,#5755,#5756,#5757));
#5759=FACE_OUTER_BOUND('',#5758,.F.);
#5760=ADVANCED_FACE('',(#5759),#5752,.F.);
#5761=CARTESIAN_POINT('',(-1.825E0,3.43E0,-3.205E0));
#5762=DIRECTION('',(0.E0,0.E0,1.E0));
#5763=DIRECTION('',(1.E0,0.E0,0.E0));
#5764=AXIS2_PLACEMENT_3D('',#5761,#5762,#5763);
#5765=PLANE('',#5764);
#5766=ORIENTED_EDGE('',*,*,#4516,.F.);
#5767=ORIENTED_EDGE('',*,*,#4641,.T.);
#5768=ORIENTED_EDGE('',*,*,#5741,.T.);
#5769=ORIENTED_EDGE('',*,*,#5754,.F.);
#5770=EDGE_LOOP('',(#5766,#5767,#5768,#5769));
#5771=FACE_OUTER_BOUND('',#5770,.F.);
#5772=ADVANCED_FACE('',(#5771),#5765,.F.);
#5773=CARTESIAN_POINT('',(3.2E-1,-3.2E-1,-4.955E0));
#5774=DIRECTION('',(0.E0,0.E0,-1.E0));
#5775=DIRECTION('',(0.E0,1.E0,0.E0));
#5776=AXIS2_PLACEMENT_3D('',#5773,#5774,#5775);
#5777=PLANE('',#5776);
#5778=ORIENTED_EDGE('',*,*,#5011,.T.);
#5779=ORIENTED_EDGE('',*,*,#5097,.T.);
#5780=ORIENTED_EDGE('',*,*,#4910,.F.);
#5781=ORIENTED_EDGE('',*,*,#4992,.F.);
#5782=EDGE_LOOP('',(#5778,#5779,#5780,#5781));
#5783=FACE_OUTER_BOUND('',#5782,.F.);
#5784=ADVANCED_FACE('',(#5783),#5777,.T.);
#5785=CARTESIAN_POINT('',(2.3E-1,-6.62E0,-3.965E0));
#5786=DIRECTION('',(9.841833239737E-1,-1.771529983153E-1,0.E0));
#5787=DIRECTION('',(-1.771529983153E-1,-9.841833239737E-1,0.E0));
#5788=AXIS2_PLACEMENT_3D('',#5785,#5786,#5787);
#5789=PLANE('',#5788);
#5791=ORIENTED_EDGE('',*,*,#5790,.F.);
#5793=ORIENTED_EDGE('',*,*,#5792,.T.);
#5794=ORIENTED_EDGE('',*,*,#5038,.T.);
#5796=ORIENTED_EDGE('',*,*,#5795,.T.);
#5797=EDGE_LOOP('',(#5791,#5793,#5794,#5796));
#5798=FACE_OUTER_BOUND('',#5797,.F.);
#5799=ADVANCED_FACE('',(#5798),#5789,.T.);
#5800=CARTESIAN_POINT('',(3.2E-1,-7.12E0,-3.645E0));
#5801=DIRECTION('',(0.E0,-1.E0,0.E0));
#5802=DIRECTION('',(0.E0,0.E0,-1.E0));
#5803=AXIS2_PLACEMENT_3D('',#5800,#5801,#5802);
#5804=PLANE('',#5803);
#5806=ORIENTED_EDGE('',*,*,#5805,.T.);
#5808=ORIENTED_EDGE('',*,*,#5807,.F.);
#5809=ORIENTED_EDGE('',*,*,#5790,.T.);
#5811=ORIENTED_EDGE('',*,*,#5810,.T.);
#5812=EDGE_LOOP('',(#5806,#5808,#5809,#5811));
#5813=FACE_OUTER_BOUND('',#5812,.F.);
#5814=ADVANCED_FACE('',(#5813),#5804,.T.);
#5815=CARTESIAN_POINT('',(-2.3E-1,-6.62E0,-3.965E0));
#5816=DIRECTION('',(-9.841833239737E-1,-1.771529983153E-1,0.E0));
#5817=DIRECTION('',(1.771529983153E-1,-9.841833239737E-1,0.E0));
#5818=AXIS2_PLACEMENT_3D('',#5815,#5816,#5817);
#5819=PLANE('',#5818);
#5820=ORIENTED_EDGE('',*,*,#4938,.T.);
#5822=ORIENTED_EDGE('',*,*,#5821,.F.);
#5823=ORIENTED_EDGE('',*,*,#5805,.F.);
#5825=ORIENTED_EDGE('',*,*,#5824,.T.);
#5826=EDGE_LOOP('',(#5820,#5822,#5823,#5825));
#5827=FACE_OUTER_BOUND('',#5826,.F.);
#5828=ADVANCED_FACE('',(#5827),#5819,.T.);
#5829=CARTESIAN_POINT('',(0.E0,-6.62E0,-3.735E0));
#5830=DIRECTION('',(0.E0,-1.771529983153E-1,9.841833239737E-1));
#5831=DIRECTION('',(0.E0,9.841833239737E-1,1.771529983153E-1));
#5832=AXIS2_PLACEMENT_3D('',#5829,#5830,#5831);
#5833=PLANE('',#5832);
#5835=ORIENTED_EDGE('',*,*,#5834,.F.);
#5836=ORIENTED_EDGE('',*,*,#5792,.F.);
#5837=ORIENTED_EDGE('',*,*,#5807,.T.);
#5838=ORIENTED_EDGE('',*,*,#5821,.T.);
#5839=EDGE_LOOP('',(#5835,#5836,#5837,#5838));
#5840=FACE_OUTER_BOUND('',#5839,.F.);
#5841=ADVANCED_FACE('',(#5840),#5833,.T.);
#5842=CARTESIAN_POINT('',(3.2E-1,-1.82E0,-3.645E0));
#5843=DIRECTION('',(0.E0,0.E0,1.E0));
#5844=DIRECTION('',(0.E0,-1.E0,0.E0));
#5845=AXIS2_PLACEMENT_3D('',#5842,#5843,#5844);
#5846=PLANE('',#5845);
#5847=ORIENTED_EDGE('',*,*,#5834,.T.);
#5848=ORIENTED_EDGE('',*,*,#4942,.F.);
#5849=ORIENTED_EDGE('',*,*,#3121,.F.);
#5850=ORIENTED_EDGE('',*,*,#5040,.T.);
#5851=EDGE_LOOP('',(#5847,#5848,#5849,#5850));
#5852=FACE_OUTER_BOUND('',#5851,.F.);
#5853=ADVANCED_FACE('',(#5852),#5846,.T.);
#5854=CARTESIAN_POINT('',(0.E0,-6.62E0,-4.195E0));
#5855=DIRECTION('',(0.E0,-1.771529983153E-1,-9.841833239737E-1));
#5856=DIRECTION('',(0.E0,-9.841833239737E-1,1.771529983153E-1));
#5857=AXIS2_PLACEMENT_3D('',#5854,#5855,#5856);
#5858=PLANE('',#5857);
#5859=ORIENTED_EDGE('',*,*,#5795,.F.);
#5860=ORIENTED_EDGE('',*,*,#4783,.T.);
#5861=ORIENTED_EDGE('',*,*,#5824,.F.);
#5862=ORIENTED_EDGE('',*,*,#5810,.F.);
#5863=EDGE_LOOP('',(#5859,#5860,#5861,#5862));
#5864=FACE_OUTER_BOUND('',#5863,.F.);
#5865=ADVANCED_FACE('',(#5864),#5858,.T.);
#5866=CARTESIAN_POINT('',(-3.325E0,1.6E0,-4.285E0));
#5867=DIRECTION('',(0.E0,-1.E0,0.E0));
#5868=DIRECTION('',(0.E0,0.E0,-1.E0));
#5869=AXIS2_PLACEMENT_3D('',#5866,#5867,#5868);
#5870=PLANE('',#5869);
#5871=ORIENTED_EDGE('',*,*,#5059,.F.);
#5872=ORIENTED_EDGE('',*,*,#4798,.F.);
#5873=ORIENTED_EDGE('',*,*,#4281,.T.);
#5874=ORIENTED_EDGE('',*,*,#4672,.T.);
#5875=EDGE_LOOP('',(#5871,#5872,#5873,#5874));
#5876=FACE_OUTER_BOUND('',#5875,.F.);
#5877=ADVANCED_FACE('',(#5876),#5870,.T.);
#5878=CARTESIAN_POINT('',(-3.325E0,1.6E0,-4.285E0));
#5879=DIRECTION('',(0.E0,-1.E0,0.E0));
#5880=DIRECTION('',(0.E0,0.E0,-1.E0));
#5881=AXIS2_PLACEMENT_3D('',#5878,#5879,#5880);
#5882=PLANE('',#5881);
#5883=ORIENTED_EDGE('',*,*,#4959,.T.);
#5884=ORIENTED_EDGE('',*,*,#4658,.T.);
#5885=ORIENTED_EDGE('',*,*,#4169,.T.);
#5886=ORIENTED_EDGE('',*,*,#4816,.F.);
#5887=EDGE_LOOP('',(#5883,#5884,#5885,#5886));
#5888=FACE_OUTER_BOUND('',#5887,.F.);
#5889=ADVANCED_FACE('',(#5888),#5882,.T.);
#5890=CARTESIAN_POINT('',(3.575E0,-1.E0,-3.685E0));
#5891=DIRECTION('',(0.E0,-1.E0,0.E0));
#5892=DIRECTION('',(0.E0,0.E0,-1.E0));
#5893=AXIS2_PLACEMENT_3D('',#5890,#5891,#5892);
#5894=PLANE('',#5893);
#5895=ORIENTED_EDGE('',*,*,#4791,.F.);
#5896=ORIENTED_EDGE('',*,*,#4289,.F.);
#5898=ORIENTED_EDGE('',*,*,#5897,.T.);
#5900=ORIENTED_EDGE('',*,*,#5899,.T.);
#5901=EDGE_LOOP('',(#5895,#5896,#5898,#5900));
#5902=FACE_OUTER_BOUND('',#5901,.F.);
#5903=ADVANCED_FACE('',(#5902),#5894,.F.);
#5904=CARTESIAN_POINT('',(3.575E0,1.E0,-3.685E0));
#5905=DIRECTION('',(0.E0,0.E0,1.E0));
#5906=DIRECTION('',(0.E0,-1.E0,0.E0));
#5907=AXIS2_PLACEMENT_3D('',#5904,#5905,#5906);
#5908=PLANE('',#5907);
#5910=ORIENTED_EDGE('',*,*,#5909,.T.);
#5912=ORIENTED_EDGE('',*,*,#5911,.T.);
#5913=ORIENTED_EDGE('',*,*,#5897,.F.);
#5914=ORIENTED_EDGE('',*,*,#4287,.F.);
#5915=EDGE_LOOP('',(#5910,#5912,#5913,#5914));
#5916=FACE_OUTER_BOUND('',#5915,.F.);
#5917=ADVANCED_FACE('',(#5916),#5908,.F.);
#5918=CARTESIAN_POINT('',(3.575E0,1.E0,-4.285E0));
#5919=DIRECTION('',(0.E0,1.E0,0.E0));
#5920=DIRECTION('',(0.E0,0.E0,1.E0));
#5921=AXIS2_PLACEMENT_3D('',#5918,#5919,#5920);
#5922=PLANE('',#5921);
#5923=ORIENTED_EDGE('',*,*,#4795,.T.);
#5925=ORIENTED_EDGE('',*,*,#5924,.T.);
#5926=ORIENTED_EDGE('',*,*,#5909,.F.);
#5927=ORIENTED_EDGE('',*,*,#4285,.F.);
#5928=EDGE_LOOP('',(#5923,#5925,#5926,#5927));
#5929=FACE_OUTER_BOUND('',#5928,.F.);
#5930=ADVANCED_FACE('',(#5929),#5922,.F.);
#5931=CARTESIAN_POINT('',(1.875E0,0.E0,0.E0));
#5932=DIRECTION('',(1.E0,0.E0,0.E0));
#5933=DIRECTION('',(0.E0,0.E0,-1.E0));
#5934=AXIS2_PLACEMENT_3D('',#5931,#5932,#5933);
#5935=PLANE('',#5934);
#5936=ORIENTED_EDGE('',*,*,#5924,.F.);
#5937=ORIENTED_EDGE('',*,*,#4793,.F.);
#5938=ORIENTED_EDGE('',*,*,#5899,.F.);
#5939=ORIENTED_EDGE('',*,*,#5911,.F.);
#5940=EDGE_LOOP('',(#5936,#5937,#5938,#5939));
#5941=FACE_OUTER_BOUND('',#5940,.F.);
#5942=ADVANCED_FACE('',(#5941),#5935,.T.);
#5943=CARTESIAN_POINT('',(3.825E0,-1.1E0,-1.95E-1));
#5944=DIRECTION('',(0.E0,0.E0,-1.E0));
#5945=DIRECTION('',(0.E0,1.E0,0.E0));
#5946=AXIS2_PLACEMENT_3D('',#5943,#5944,#5945);
#5947=PLANE('',#5946);
#5948=ORIENTED_EDGE('',*,*,#4315,.T.);
#5949=ORIENTED_EDGE('',*,*,#3813,.T.);
#5950=ORIENTED_EDGE('',*,*,#3901,.F.);
#5951=ORIENTED_EDGE('',*,*,#4266,.F.);
#5952=EDGE_LOOP('',(#5948,#5949,#5950,#5951));
#5953=FACE_OUTER_BOUND('',#5952,.F.);
#5954=ADVANCED_FACE('',(#5953),#5947,.F.);
#5955=CARTESIAN_POINT('',(-3.825E0,-1.1E0,-1.95E-1));
#5956=DIRECTION('',(0.E0,0.E0,1.E0));
#5957=DIRECTION('',(0.E0,1.E0,0.E0));
#5958=AXIS2_PLACEMENT_3D('',#5955,#5956,#5957);
#5959=PLANE('',#5958);
#5960=ORIENTED_EDGE('',*,*,#2933,.F.);
#5961=ORIENTED_EDGE('',*,*,#4183,.T.);
#5962=ORIENTED_EDGE('',*,*,#4101,.T.);
#5963=ORIENTED_EDGE('',*,*,#4130,.F.);
#5964=EDGE_LOOP('',(#5960,#5961,#5962,#5963));
#5965=FACE_OUTER_BOUND('',#5964,.F.);
#5966=ADVANCED_FACE('',(#5965),#5959,.T.);
#5967=CARTESIAN_POINT('',(1.925E0,-3.43E0,1.48E0));
#5968=DIRECTION('',(0.E0,0.E0,1.E0));
#5969=DIRECTION('',(0.E0,-1.E0,0.E0));
#5970=AXIS2_PLACEMENT_3D('',#5967,#5968,#5969);
#5971=PLANE('',#5970);
#5972=ORIENTED_EDGE('',*,*,#3092,.F.);
#5974=ORIENTED_EDGE('',*,*,#5973,.T.);
#5976=ORIENTED_EDGE('',*,*,#5975,.F.);
#5978=ORIENTED_EDGE('',*,*,#5977,.F.);
#5979=EDGE_LOOP('',(#5972,#5974,#5976,#5978));
#5980=FACE_OUTER_BOUND('',#5979,.F.);
#5981=ADVANCED_FACE('',(#5980),#5971,.T.);
#5982=CARTESIAN_POINT('',(2.375E0,0.E0,0.E0));
#5983=DIRECTION('',(1.E0,0.E0,0.E0));
#5984=DIRECTION('',(0.E0,0.E0,-1.E0));
#5985=AXIS2_PLACEMENT_3D('',#5982,#5983,#5984);
#5986=PLANE('',#5985);
#5987=ORIENTED_EDGE('',*,*,#3044,.T.);
#5989=ORIENTED_EDGE('',*,*,#5988,.F.);
#5991=ORIENTED_EDGE('',*,*,#5990,.F.);
#5993=ORIENTED_EDGE('',*,*,#5992,.F.);
#5995=ORIENTED_EDGE('',*,*,#5994,.F.);
#5997=ORIENTED_EDGE('',*,*,#5996,.F.);
#5998=ORIENTED_EDGE('',*,*,#5973,.F.);
#5999=EDGE_LOOP('',(#5987,#5989,#5991,#5993,#5995,#5997,#5998));
#6000=FACE_OUTER_BOUND('',#5999,.F.);
#6001=ADVANCED_FACE('',(#6000),#5986,.T.);
#6002=CARTESIAN_POINT('',(2.375E0,0.E0,0.E0));
#6003=DIRECTION('',(1.E0,0.E0,0.E0));
#6004=DIRECTION('',(0.E0,0.E0,-1.E0));
#6005=AXIS2_PLACEMENT_3D('',#6002,#6003,#6004);
#6006=PLANE('',#6005);
#6007=ORIENTED_EDGE('',*,*,#3040,.T.);
#6009=ORIENTED_EDGE('',*,*,#6008,.F.);
#6011=ORIENTED_EDGE('',*,*,#6010,.F.);
#6013=ORIENTED_EDGE('',*,*,#6012,.F.);
#6015=ORIENTED_EDGE('',*,*,#6014,.F.);
#6017=ORIENTED_EDGE('',*,*,#6016,.F.);
#6019=ORIENTED_EDGE('',*,*,#6018,.F.);
#6020=EDGE_LOOP('',(#6007,#6009,#6011,#6013,#6015,#6017,#6019));
#6021=FACE_OUTER_BOUND('',#6020,.F.);
#6022=ADVANCED_FACE('',(#6021),#6006,.T.);
#6023=CARTESIAN_POINT('',(1.925E0,-5.13E0,9.8E-1));
#6024=DIRECTION('',(0.E0,0.E0,-1.E0));
#6025=DIRECTION('',(0.E0,1.E0,0.E0));
#6026=AXIS2_PLACEMENT_3D('',#6023,#6024,#6025);
#6027=PLANE('',#6026);
#6028=ORIENTED_EDGE('',*,*,#3096,.T.);
#6030=ORIENTED_EDGE('',*,*,#6029,.F.);
#6032=ORIENTED_EDGE('',*,*,#6031,.T.);
#6033=ORIENTED_EDGE('',*,*,#5988,.T.);
#6034=EDGE_LOOP('',(#6028,#6030,#6032,#6033));
#6035=FACE_OUTER_BOUND('',#6034,.F.);
#6036=ADVANCED_FACE('',(#6035),#6027,.T.);
#6037=CARTESIAN_POINT('',(1.925E0,0.E0,0.E0));
#6038=DIRECTION('',(1.E0,0.E0,0.E0));
#6039=DIRECTION('',(0.E0,0.E0,-1.E0));
#6040=AXIS2_PLACEMENT_3D('',#6037,#6038,#6039);
#6041=PLANE('',#6040);
#6042=ORIENTED_EDGE('',*,*,#3094,.F.);
#6043=ORIENTED_EDGE('',*,*,#5977,.T.);
#6045=ORIENTED_EDGE('',*,*,#6044,.T.);
#6047=ORIENTED_EDGE('',*,*,#6046,.T.);
#6049=ORIENTED_EDGE('',*,*,#6048,.T.);
#6051=ORIENTED_EDGE('',*,*,#6050,.T.);
#6052=ORIENTED_EDGE('',*,*,#6029,.T.);
#6053=EDGE_LOOP('',(#6042,#6043,#6045,#6047,#6049,#6051,#6052));
#6054=FACE_OUTER_BOUND('',#6053,.F.);
#6055=ADVANCED_FACE('',(#6054),#6041,.F.);
#6056=CARTESIAN_POINT('',(1.925E0,0.E0,0.E0));
#6057=DIRECTION('',(1.E0,0.E0,0.E0));
#6058=DIRECTION('',(0.E0,0.E0,-1.E0));
#6059=AXIS2_PLACEMENT_3D('',#6056,#6057,#6058);
#6060=PLANE('',#6059);
#6061=ORIENTED_EDGE('',*,*,#3101,.F.);
#6063=ORIENTED_EDGE('',*,*,#6062,.T.);
#6065=ORIENTED_EDGE('',*,*,#6064,.T.);
#6067=ORIENTED_EDGE('',*,*,#6066,.T.);
#6069=ORIENTED_EDGE('',*,*,#6068,.T.);
#6071=ORIENTED_EDGE('',*,*,#6070,.T.);
#6073=ORIENTED_EDGE('',*,*,#6072,.T.);
#6074=EDGE_LOOP('',(#6061,#6063,#6065,#6067,#6069,#6071,#6073));
#6075=FACE_OUTER_BOUND('',#6074,.F.);
#6076=ADVANCED_FACE('',(#6075),#6060,.F.);
#6077=CARTESIAN_POINT('',(1.925E0,-4.99E0,1.48E0));
#6078=DIRECTION('',(0.E0,6.950220968475E-1,7.189883760491E-1));
#6079=DIRECTION('',(0.E0,-7.189883760491E-1,6.950220968475E-1));
#6080=AXIS2_PLACEMENT_3D('',#6077,#6078,#6079);
#6081=PLANE('',#6080);
#6082=ORIENTED_EDGE('',*,*,#6044,.F.);
#6083=ORIENTED_EDGE('',*,*,#5975,.T.);
#6084=ORIENTED_EDGE('',*,*,#5996,.T.);
#6086=ORIENTED_EDGE('',*,*,#6085,.F.);
#6087=EDGE_LOOP('',(#6082,#6083,#6084,#6086));
#6088=FACE_OUTER_BOUND('',#6087,.F.);
#6089=ADVANCED_FACE('',(#6088),#6081,.T.);
#6090=CARTESIAN_POINT('',(1.925E0,-5.14E0,1.625E0));
#6091=DIRECTION('',(0.E0,-6.420676719778E-1,7.666479665407E-1));
#6092=DIRECTION('',(0.E0,-7.666479665407E-1,-6.420676719778E-1));
#6093=AXIS2_PLACEMENT_3D('',#6090,#6091,#6092);
#6094=PLANE('',#6093);
#6095=ORIENTED_EDGE('',*,*,#6046,.F.);
#6096=ORIENTED_EDGE('',*,*,#6085,.T.);
#6097=ORIENTED_EDGE('',*,*,#5994,.T.);
#6099=ORIENTED_EDGE('',*,*,#6098,.F.);
#6100=EDGE_LOOP('',(#6095,#6096,#6097,#6099));
#6101=FACE_OUTER_BOUND('',#6100,.F.);
#6102=ADVANCED_FACE('',(#6101),#6094,.T.);
#6103=CARTESIAN_POINT('',(1.925E0,-5.94E0,9.55E-1));
#6104=DIRECTION('',(0.E0,-1.E0,0.E0));
#6105=DIRECTION('',(0.E0,0.E0,-1.E0));
#6106=AXIS2_PLACEMENT_3D('',#6103,#6104,#6105);
#6107=PLANE('',#6106);
#6108=ORIENTED_EDGE('',*,*,#6048,.F.);
#6109=ORIENTED_EDGE('',*,*,#6098,.T.);
#6110=ORIENTED_EDGE('',*,*,#5992,.T.);
#6112=ORIENTED_EDGE('',*,*,#6111,.F.);
#6113=EDGE_LOOP('',(#6108,#6109,#6110,#6112));
#6114=FACE_OUTER_BOUND('',#6113,.F.);
#6115=ADVANCED_FACE('',(#6114),#6107,.T.);
#6116=CARTESIAN_POINT('',(1.925E0,-5.94E0,5.55E-1));
#6117=DIRECTION('',(0.E0,4.646196330206E-1,-8.855103594040E-1));
#6118=DIRECTION('',(0.E0,8.855103594040E-1,4.646196330206E-1));
#6119=AXIS2_PLACEMENT_3D('',#6116,#6117,#6118);
#6120=PLANE('',#6119);
#6121=ORIENTED_EDGE('',*,*,#6050,.F.);
#6122=ORIENTED_EDGE('',*,*,#6111,.T.);
#6123=ORIENTED_EDGE('',*,*,#5990,.T.);
#6124=ORIENTED_EDGE('',*,*,#6031,.F.);
#6125=EDGE_LOOP('',(#6121,#6122,#6123,#6124));
#6126=FACE_OUTER_BOUND('',#6125,.F.);
#6127=ADVANCED_FACE('',(#6126),#6120,.T.);
#6128=CARTESIAN_POINT('',(1.925E0,-3.43E0,-2.7E-1));
#6129=DIRECTION('',(0.E0,0.E0,1.E0));
#6130=DIRECTION('',(0.E0,-1.E0,0.E0));
#6131=AXIS2_PLACEMENT_3D('',#6128,#6129,#6130);
#6132=PLANE('',#6131);
#6133=ORIENTED_EDGE('',*,*,#3099,.F.);
#6134=ORIENTED_EDGE('',*,*,#6018,.T.);
#6136=ORIENTED_EDGE('',*,*,#6135,.F.);
#6137=ORIENTED_EDGE('',*,*,#6062,.F.);
#6138=EDGE_LOOP('',(#6133,#6134,#6136,#6137));
#6139=FACE_OUTER_BOUND('',#6138,.F.);
#6140=ADVANCED_FACE('',(#6139),#6132,.T.);
#6141=CARTESIAN_POINT('',(1.925E0,-5.13E0,-2.7E-1));
#6142=DIRECTION('',(0.E0,4.646196330206E-1,8.855103594040E-1));
#6143=DIRECTION('',(0.E0,-8.855103594040E-1,4.646196330206E-1));
#6144=AXIS2_PLACEMENT_3D('',#6141,#6142,#6143);
#6145=PLANE('',#6144);
#6146=ORIENTED_EDGE('',*,*,#6064,.F.);
#6147=ORIENTED_EDGE('',*,*,#6135,.T.);
#6148=ORIENTED_EDGE('',*,*,#6016,.T.);
#6150=ORIENTED_EDGE('',*,*,#6149,.F.);
#6151=EDGE_LOOP('',(#6146,#6147,#6148,#6150));
#6152=FACE_OUTER_BOUND('',#6151,.F.);
#6153=ADVANCED_FACE('',(#6152),#6145,.T.);
#6154=CARTESIAN_POINT('',(1.925E0,-5.94E0,1.55E-1));
#6155=DIRECTION('',(0.E0,-1.E0,0.E0));
#6156=DIRECTION('',(0.E0,0.E0,-1.E0));
#6157=AXIS2_PLACEMENT_3D('',#6154,#6155,#6156);
#6158=PLANE('',#6157);
#6159=ORIENTED_EDGE('',*,*,#6066,.F.);
#6160=ORIENTED_EDGE('',*,*,#6149,.T.);
#6161=ORIENTED_EDGE('',*,*,#6014,.T.);
#6163=ORIENTED_EDGE('',*,*,#6162,.F.);
#6164=EDGE_LOOP('',(#6159,#6160,#6161,#6163));
#6165=FACE_OUTER_BOUND('',#6164,.F.);
#6166=ADVANCED_FACE('',(#6165),#6158,.T.);
#6167=CARTESIAN_POINT('',(1.925E0,-5.94E0,-2.45E-1));
#6168=DIRECTION('',(0.E0,-6.420676719778E-1,-7.666479665407E-1));
#6169=DIRECTION('',(0.E0,7.666479665407E-1,-6.420676719778E-1));
#6170=AXIS2_PLACEMENT_3D('',#6167,#6168,#6169);
#6171=PLANE('',#6170);
#6172=ORIENTED_EDGE('',*,*,#6068,.F.);
#6173=ORIENTED_EDGE('',*,*,#6162,.T.);
#6174=ORIENTED_EDGE('',*,*,#6012,.T.);
#6176=ORIENTED_EDGE('',*,*,#6175,.F.);
#6177=EDGE_LOOP('',(#6172,#6173,#6174,#6176));
#6178=FACE_OUTER_BOUND('',#6177,.F.);
#6179=ADVANCED_FACE('',(#6178),#6171,.T.);
#6180=CARTESIAN_POINT('',(1.925E0,-5.14E0,-9.15E-1));
#6181=DIRECTION('',(0.E0,6.950220968475E-1,-7.189883760491E-1));
#6182=DIRECTION('',(0.E0,7.189883760491E-1,6.950220968475E-1));
#6183=AXIS2_PLACEMENT_3D('',#6180,#6181,#6182);
#6184=PLANE('',#6183);
#6185=ORIENTED_EDGE('',*,*,#6070,.F.);
#6186=ORIENTED_EDGE('',*,*,#6175,.T.);
#6187=ORIENTED_EDGE('',*,*,#6010,.T.);
#6189=ORIENTED_EDGE('',*,*,#6188,.F.);
#6190=EDGE_LOOP('',(#6185,#6186,#6187,#6189));
#6191=FACE_OUTER_BOUND('',#6190,.F.);
#6192=ADVANCED_FACE('',(#6191),#6184,.T.);
#6193=CARTESIAN_POINT('',(1.925E0,-4.99E0,-7.7E-1));
#6194=DIRECTION('',(0.E0,0.E0,-1.E0));
#6195=DIRECTION('',(0.E0,1.E0,0.E0));
#6196=AXIS2_PLACEMENT_3D('',#6193,#6194,#6195);
#6197=PLANE('',#6196);
#6198=ORIENTED_EDGE('',*,*,#3103,.T.);
#6199=ORIENTED_EDGE('',*,*,#6072,.F.);
#6200=ORIENTED_EDGE('',*,*,#6188,.T.);
#6201=ORIENTED_EDGE('',*,*,#6008,.T.);
#6202=EDGE_LOOP('',(#6198,#6199,#6200,#6201));
#6203=FACE_OUTER_BOUND('',#6202,.F.);
#6204=ADVANCED_FACE('',(#6203),#6197,.T.);
#6205=CLOSED_SHELL('',(#2904,#2922,#2941,#2955,#2970,#3000,#3016,#3031,#3062,
#3158,#3173,#3187,#3201,#3214,#3226,#3241,#3255,#3269,#3282,#3294,#3310,#3325,
#3341,#3354,#3368,#3380,#3395,#3408,#3422,#3434,#3449,#3469,#3490,#3504,#3523,
#3544,#3557,#3570,#3583,#3595,#3608,#3621,#3634,#3647,#3660,#3672,#3687,#3702,
#3716,#3729,#3744,#3760,#3801,#3831,#3850,#3873,#3888,#3905,#3925,#3949,#3962,
#3975,#3988,#4000,#4015,#4038,#4051,#4064,#4077,#4090,#4107,#4134,#4150,#4187,
#4202,#4216,#4230,#4244,#4258,#4304,#4322,#4337,#4354,#4366,#4380,#4396,#4408,
#4421,#4433,#4444,#4456,#4468,#4481,#4496,#4508,#4545,#4562,#4576,#4592,#4605,
#4618,#4630,#4645,#4664,#4684,#4699,#4714,#4730,#4746,#4760,#4775,#4833,#4848,
#4862,#4876,#4889,#4901,#4916,#4932,#4946,#4968,#4984,#5002,#5016,#5032,#5046,
#5068,#5084,#5101,#5114,#5129,#5143,#5157,#5172,#5186,#5198,#5212,#5225,#5238,
#5253,#5267,#5280,#5295,#5310,#5323,#5337,#5350,#5364,#5378,#5393,#5408,#5421,
#5434,#5446,#5468,#5494,#5508,#5521,#5534,#5546,#5560,#5573,#5586,#5599,#5611,
#5623,#5636,#5651,#5665,#5679,#5693,#5705,#5717,#5729,#5747,#5760,#5772,#5784,
#5799,#5814,#5828,#5841,#5853,#5865,#5877,#5889,#5903,#5917,#5930,#5942,#5954,
#5966,#5981,#6001,#6022,#6036,#6055,#6076,#6089,#6102,#6115,#6127,#6140,#6153,
#6166,#6179,#6192,#6204));
#6206=MANIFOLD_SOLID_BREP('',#6205);
#6207=CARTESIAN_POINT('',(0.E0,0.E0,0.E0));
#6208=DIRECTION('',(0.E0,0.E0,1.E0));
#6209=DIRECTION('',(1.E0,0.E0,0.E0));
#6210=AXIS2_PLACEMENT_3D('CSYS',#6207,#6208,#6209);
#6211=DIRECTION('',(0.E0,0.E0,1.E0));
#6212=VECTOR('',#6211,7.779642857143E0);
#6213=CARTESIAN_POINT('',(3.325E0,-2.93E0,-3.355E0));
#6214=LINE('',#6213,#6212);
#6217=CARTESIAN_POINT('',(2.15E0,-3.94E0,3.55E-1));
#6218=DIRECTION('',(0.E0,-1.E0,0.E0));
#6219=DIRECTION('',(1.E0,0.E0,0.E0));
#6220=AXIS2_PLACEMENT_3D('',#6217,#6218,#6219);
#6224=CARTESIAN_POINT('',(2.15E0,-3.94E0,3.55E-1));
#6225=DIRECTION('',(0.E0,-1.E0,0.E0));
#6226=DIRECTION('',(-1.E0,0.E0,0.E0));
#6227=AXIS2_PLACEMENT_3D('',#6224,#6225,#6226);
#6232=CARTESIAN_POINT('',(-2.15E0,-3.94E0,3.55E-1));
#6233=DIRECTION('',(0.E0,-1.E0,0.E0));
#6234=DIRECTION('',(1.E0,0.E0,0.E0));
#6235=AXIS2_PLACEMENT_3D('',#6232,#6233,#6234);
#6239=CARTESIAN_POINT('',(-2.15E0,-3.94E0,3.55E-1));
#6240=DIRECTION('',(0.E0,-1.E0,0.E0));
#6241=DIRECTION('',(-1.E0,0.E0,0.E0));
#6242=AXIS2_PLACEMENT_3D('',#6239,#6240,#6241);
#6247=CARTESIAN_POINT('',(0.E0,-3.94E0,-3.965E0));
#6248=DIRECTION('',(0.E0,-1.E0,0.E0));
#6249=DIRECTION('',(1.E0,0.E0,0.E0));
#6250=AXIS2_PLACEMENT_3D('',#6247,#6248,#6249);
#6254=CARTESIAN_POINT('',(0.E0,-3.94E0,-3.965E0));
#6255=DIRECTION('',(0.E0,-1.E0,0.E0));
#6256=DIRECTION('',(-1.E0,0.E0,0.E0));
#6257=AXIS2_PLACEMENT_3D('',#6254,#6255,#6256);
#6262=CARTESIAN_POINT('',(0.E0,-3.94E0,-6.965E0));
#6263=DIRECTION('',(0.E0,-1.E0,0.E0));
#6264=DIRECTION('',(1.E0,0.E0,0.E0));
#6265=AXIS2_PLACEMENT_3D('',#6262,#6263,#6264);
#6269=CARTESIAN_POINT('',(0.E0,-3.94E0,-6.965E0));
#6270=DIRECTION('',(0.E0,-1.E0,0.E0));
#6271=DIRECTION('',(-1.E0,0.E0,0.E0));
#6272=AXIS2_PLACEMENT_3D('',#6269,#6270,#6271);
#6278=DIMENSIONAL_EXPONENTS(0.E0,0.E0,0.E0,0.E0,0.E0,0.E0,0.E0);
#6280=PLANE_ANGLE_MEASURE_WITH_UNIT(PLANE_ANGLE_MEASURE(1.745329251994E-2),
#6279);
#6281=(CONVERSION_BASED_UNIT('DEGREE',#6280)NAMED_UNIT(*)PLANE_ANGLE_UNIT());
#6283=UNCERTAINTY_MEASURE_WITH_UNIT(LENGTH_MEASURE(1.E-3),#6277,'closure',
'Maximum model space distance between geometric entities at asserted connectivities');
#6284=(GEOMETRIC_REPRESENTATION_CONTEXT(3)GLOBAL_UNCERTAINTY_ASSIGNED_CONTEXT((
#6283))GLOBAL_UNIT_ASSIGNED_CONTEXT((#6277,#6281,#6282))REPRESENTATION_CONTEXT(
'ID1','3'));
#6216=GEOMETRIC_SET('',(#6215,#6231,#6246,#6261,#6276));
#6288=SHAPE_REPRESENTATION_RELATIONSHIP('','',#6287,#6285);
#6289=SHAPE_REPRESENTATION_RELATIONSHIP('','',#6287,#6286);
#6290=APPLICATION_CONTEXT(
'CONFIGURATION CONTROLLED 3D DESIGNS OF MECHANICAL PARTS AND ASSEMBLIES');
#6291=APPLICATION_PROTOCOL_DEFINITION('international standard',
'config_control_design',1994,#6290);
#6292=DESIGN_CONTEXT('',#6290,'design');
#6293=MECHANICAL_CONTEXT('',#6290,'mechanical');
#6294=PRODUCT('430450223','430450223','NOT SPECIFIED',(#6293));
#6295=PRODUCT_DEFINITION_FORMATION_WITH_SPECIFIED_SOURCE('2','LAST_VERSION',
#6294,.MADE.);
#6299=PRODUCT_CATEGORY('part','');
#6300=PRODUCT_RELATED_PRODUCT_CATEGORY('detail','',(#6294));
#6301=PRODUCT_CATEGORY_RELATIONSHIP('','',#6299,#6300);
#6302=SECURITY_CLASSIFICATION_LEVEL('unclassified');
#6303=SECURITY_CLASSIFICATION('','',#6302);
#6304=CC_DESIGN_SECURITY_CLASSIFICATION(#6303,(#6295));
#6305=APPROVAL_STATUS('approved');
#6306=APPROVAL(#6305,'');
#6307=CC_DESIGN_APPROVAL(#6306,(#6303,#6295,#6296));
#6308=CALENDAR_DATE(120,16,4);
#6309=COORDINATED_UNIVERSAL_TIME_OFFSET(5,30,.AHEAD.);
#6310=LOCAL_TIME(14,24,3.7E1,#6309);
#6311=DATE_AND_TIME(#6308,#6310);
#6312=APPROVAL_DATE_TIME(#6311,#6306);
#6313=DATE_TIME_ROLE('creation_date');
#6314=CC_DESIGN_DATE_AND_TIME_ASSIGNMENT(#6311,#6313,(#6296));
#6315=DATE_TIME_ROLE('classification_date');
#6316=CC_DESIGN_DATE_AND_TIME_ASSIGNMENT(#6311,#6315,(#6303));
#6317=PERSON('UNSPECIFIED','UNSPECIFIED',$,$,$,$);
#6318=ORGANIZATION('UNSPECIFIED','UNSPECIFIED','UNSPECIFIED');
#6319=PERSON_AND_ORGANIZATION(#6317,#6318);
#6320=APPROVAL_ROLE('approver');
#6321=APPROVAL_PERSON_ORGANIZATION(#6319,#6306,#6320);
#6322=PERSON_AND_ORGANIZATION_ROLE('creator');
#6323=CC_DESIGN_PERSON_AND_ORGANIZATION_ASSIGNMENT(#6319,#6322,(#6295,#6296));
#6324=PERSON_AND_ORGANIZATION_ROLE('design_supplier');
#6325=CC_DESIGN_PERSON_AND_ORGANIZATION_ASSIGNMENT(#6319,#6324,(#6295));
#6326=PERSON_AND_ORGANIZATION_ROLE('classification_officer');
#6327=CC_DESIGN_PERSON_AND_ORGANIZATION_ASSIGNMENT(#6319,#6326,(#6303));
#6328=PERSON_AND_ORGANIZATION_ROLE('design_owner');
#6329=CC_DESIGN_PERSON_AND_ORGANIZATION_ASSIGNMENT(#6319,#6328,(#6294));
#349=CIRCLE('',#348,7.5E-1);
#386=CIRCLE('',#385,7.5E-1);
#399=CIRCLE('',#398,7.5E-1);
#408=CIRCLE('',#407,7.5E-1);
#1225=CIRCLE('',#1224,7.5E-1);
#1254=CIRCLE('',#1253,7.5E-1);
#2892=EDGE_CURVE('',#2385,#2386,#4,.T.);
#2894=EDGE_CURVE('',#2250,#2385,#8,.T.);
#2896=EDGE_CURVE('',#2250,#2252,#12,.T.);
#2898=EDGE_CURVE('',#2252,#2756,#16,.T.);
#2900=EDGE_CURVE('',#2756,#2386,#20,.T.);
#2910=EDGE_CURVE('',#2389,#2390,#24,.T.);
#2912=EDGE_CURVE('',#2390,#2746,#28,.T.);
#2914=EDGE_CURVE('',#2746,#2202,#32,.T.);
#2916=EDGE_CURVE('',#2202,#2248,#36,.T.);
#2918=EDGE_CURVE('',#2389,#2248,#40,.T.);
#2929=EDGE_CURVE('',#2386,#2752,#44,.T.);
#2931=EDGE_CURVE('',#2752,#2396,#880,.T.);
#2933=EDGE_CURVE('',#2396,#2377,#2054,.T.);
#2935=EDGE_CURVE('',#2392,#2377,#864,.T.);
#2937=EDGE_CURVE('',#2392,#2385,#1160,.T.);
#2949=EDGE_CURVE('',#2756,#2766,#48,.T.);
#2951=EDGE_CURVE('',#2766,#2752,#884,.T.);
#2961=EDGE_CURVE('',#2390,#2754,#52,.T.);
#2963=EDGE_CURVE('',#2754,#2733,#924,.T.);
#2965=EDGE_CURVE('',#2746,#2733,#1220,.T.);
#2976=EDGE_CURVE('',#2869,#2870,#56,.T.);
#2978=EDGE_CURVE('',#2870,#2308,#272,.T.);
#2980=EDGE_CURVE('',#2308,#2758,#972,.T.);
#2982=EDGE_CURVE('',#2766,#2758,#888,.T.);
#2986=EDGE_CURVE('',#2194,#2252,#60,.T.);
#2988=EDGE_CURVE('',#2194,#2641,#180,.T.);
#2990=EDGE_CURVE('',#2641,#2637,#64,.T.);
#2992=EDGE_CURVE('',#2637,#2633,#164,.T.);
#2994=EDGE_CURVE('',#2633,#2629,#68,.T.);
#2996=EDGE_CURVE('',#2629,#2869,#148,.T.);
#3006=EDGE_CURVE('',#2865,#2866,#96,.T.);
#3008=EDGE_CURVE('',#2866,#2853,#72,.T.);
#3010=EDGE_CURVE('',#2853,#2854,#76,.T.);
#3012=EDGE_CURVE('',#2854,#2865,#80,.T.);
#3023=EDGE_CURVE('',#2869,#2849,#84,.T.);
#3025=EDGE_CURVE('',#2849,#2850,#88,.T.);
#3027=EDGE_CURVE('',#2850,#2870,#92,.T.);
#3038=EDGE_CURVE('',#2580,#2865,#228,.T.);
#3040=EDGE_CURVE('',#2582,#2580,#100,.T.);
#3042=EDGE_CURVE('',#2584,#2582,#212,.T.);
#3044=EDGE_CURVE('',#2586,#2584,#104,.T.);
#3046=EDGE_CURVE('',#2197,#2586,#196,.T.);
#3048=EDGE_CURVE('',#2236,#2197,#108,.T.);
#3050=EDGE_CURVE('',#2236,#2242,#1080,.T.);
#3052=EDGE_CURVE('',#2242,#2762,#1116,.T.);
#3054=EDGE_CURVE('',#2762,#2314,#1064,.T.);
#3056=EDGE_CURVE('',#2314,#2304,#956,.T.);
#3058=EDGE_CURVE('',#2866,#2304,#244,.T.);
#3068=EDGE_CURVE('',#2869,#2880,#144,.T.);
#3071=EDGE_CURVE('',#2629,#2630,#152,.T.);
#3073=EDGE_CURVE('',#2634,#2630,#156,.T.);
#3075=EDGE_CURVE('',#2633,#2634,#160,.T.);
#3078=EDGE_CURVE('',#2637,#2638,#168,.T.);
#3080=EDGE_CURVE('',#2642,#2638,#172,.T.);
#3082=EDGE_CURVE('',#2641,#2642,#176,.T.);
#3085=EDGE_CURVE('',#2193,#2194,#184,.T.);
#3087=EDGE_CURVE('',#2193,#2198,#188,.T.);
#3089=EDGE_CURVE('',#2197,#2198,#192,.T.);
#3092=EDGE_CURVE('',#2586,#2573,#200,.T.);
#3094=EDGE_CURVE('',#2573,#2574,#204,.T.);
#3096=EDGE_CURVE('',#2584,#2574,#208,.T.);
#3099=EDGE_CURVE('',#2582,#2577,#216,.T.);
#3101=EDGE_CURVE('',#2577,#2578,#220,.T.);
#3103=EDGE_CURVE('',#2580,#2578,#224,.T.);
#3106=EDGE_CURVE('',#2865,#2886,#232,.T.);
#3108=EDGE_CURVE('',#2886,#2884,#236,.T.);
#3110=EDGE_CURVE('',#2866,#2884,#240,.T.);
#3113=EDGE_CURVE('',#2304,#2316,#248,.T.);
#3115=EDGE_CURVE('',#2316,#2296,#1654,.T.);
#3117=EDGE_CURVE('',#2296,#2322,#252,.T.);
#3119=EDGE_CURVE('',#2322,#2413,#256,.T.);
#3121=EDGE_CURVE('',#2413,#2414,#260,.T.);
#3123=EDGE_CURVE('',#2320,#2414,#264,.T.);
#3125=EDGE_CURVE('',#2292,#2320,#268,.T.);
#3127=EDGE_CURVE('',#2292,#2318,#1646,.T.);
#3129=EDGE_CURVE('',#2308,#2318,#1670,.T.);
#3132=EDGE_CURVE('',#2870,#2882,#276,.T.);
#3134=EDGE_CURVE('',#2882,#2880,#280,.T.);
#3138=EDGE_CURVE('',#2669,#2670,#128,.T.);
#3140=EDGE_CURVE('',#2673,#2669,#132,.T.);
#3142=EDGE_CURVE('',#2673,#2674,#136,.T.);
#3144=EDGE_CURVE('',#2674,#2670,#140,.T.);
#3148=EDGE_CURVE('',#2653,#2654,#112,.T.);
#3150=EDGE_CURVE('',#2657,#2653,#116,.T.);
#3152=EDGE_CURVE('',#2657,#2658,#120,.T.);
#3154=EDGE_CURVE('',#2658,#2654,#124,.T.);
#3165=EDGE_CURVE('',#2646,#2654,#284,.T.);
#3167=EDGE_CURVE('',#2645,#2646,#288,.T.);
#3169=EDGE_CURVE('',#2653,#2645,#292,.T.);
#3180=EDGE_CURVE('',#2650,#2658,#308,.T.);
#3182=EDGE_CURVE('',#2646,#2650,#296,.T.);
#3194=EDGE_CURVE('',#2657,#2649,#300,.T.);
#3196=EDGE_CURVE('',#2649,#2650,#304,.T.);
#3209=EDGE_CURVE('',#2645,#2649,#312,.T.);
#3233=EDGE_CURVE('',#2662,#2670,#316,.T.);
#3235=EDGE_CURVE('',#2661,#2662,#320,.T.);
#3237=EDGE_CURVE('',#2669,#2661,#324,.T.);
#3248=EDGE_CURVE('',#2666,#2674,#340,.T.);
#3250=EDGE_CURVE('',#2662,#2666,#328,.T.);
#3262=EDGE_CURVE('',#2673,#2665,#332,.T.);
#3264=EDGE_CURVE('',#2665,#2666,#336,.T.);
#3277=EDGE_CURVE('',#2661,#2665,#344,.T.);
#3300=EDGE_CURVE('',#2872,#2857,#353,.T.);
#3302=EDGE_CURVE('',#2849,#2857,#394,.T.);
#3306=EDGE_CURVE('',#2872,#2880,#349,.T.);
#3317=EDGE_CURVE('',#2874,#2872,#357,.T.);
#3319=EDGE_CURVE('',#2858,#2874,#361,.T.);
#3321=EDGE_CURVE('',#2857,#2858,#365,.T.);
#3331=EDGE_CURVE('',#2876,#2861,#369,.T.);
#3333=EDGE_CURVE('',#2878,#2876,#373,.T.);
#3335=EDGE_CURVE('',#2862,#2878,#377,.T.);
#3337=EDGE_CURVE('',#2861,#2862,#381,.T.);
#3349=EDGE_CURVE('',#2882,#2874,#386,.T.);
#3364=EDGE_CURVE('',#2850,#2858,#390,.T.);
#3387=EDGE_CURVE('',#2853,#2861,#403,.T.);
#3391=EDGE_CURVE('',#2876,#2884,#399,.T.);
#3404=EDGE_CURVE('',#2854,#2862,#412,.T.);
#3415=EDGE_CURVE('',#2886,#2878,#408,.T.);
#3441=EDGE_CURVE('',#2616,#2629,#420,.T.);
#3443=EDGE_CURVE('',#2596,#2616,#416,.T.);
#3445=EDGE_CURVE('',#2596,#2630,#468,.T.);
#3457=EDGE_CURVE('',#2633,#2609,#424,.T.);
#3459=EDGE_CURVE('',#2609,#2610,#428,.T.);
#3461=EDGE_CURVE('',#2610,#2612,#432,.T.);
#3463=EDGE_CURVE('',#2612,#2614,#436,.T.);
#3465=EDGE_CURVE('',#2614,#2616,#440,.T.);
#3475=EDGE_CURVE('',#2626,#2637,#444,.T.);
#3478=EDGE_CURVE('',#2641,#2619,#448,.T.);
#3480=EDGE_CURVE('',#2619,#2620,#452,.T.);
#3482=EDGE_CURVE('',#2620,#2622,#456,.T.);
#3484=EDGE_CURVE('',#2622,#2624,#460,.T.);
#3486=EDGE_CURVE('',#2624,#2626,#464,.T.);
#3497=EDGE_CURVE('',#2634,#2589,#488,.T.);
#3499=EDGE_CURVE('',#2589,#2609,#528,.T.);
#3511=EDGE_CURVE('',#2594,#2596,#472,.T.);
#3513=EDGE_CURVE('',#2592,#2594,#476,.T.);
#3515=EDGE_CURVE('',#2590,#2592,#480,.T.);
#3517=EDGE_CURVE('',#2589,#2590,#484,.T.);
#3529=EDGE_CURVE('',#2606,#2638,#492,.T.);
#3531=EDGE_CURVE('',#2604,#2606,#496,.T.);
#3533=EDGE_CURVE('',#2602,#2604,#500,.T.);
#3535=EDGE_CURVE('',#2600,#2602,#504,.T.);
#3537=EDGE_CURVE('',#2599,#2600,#508,.T.);
#3539=EDGE_CURVE('',#2642,#2599,#512,.T.);
#3553=EDGE_CURVE('',#2594,#2614,#516,.T.);
#3566=EDGE_CURVE('',#2592,#2612,#520,.T.);
#3579=EDGE_CURVE('',#2590,#2610,#524,.T.);
#3603=EDGE_CURVE('',#2606,#2626,#532,.T.);
#3617=EDGE_CURVE('',#2604,#2624,#536,.T.);
#3630=EDGE_CURVE('',#2602,#2622,#540,.T.);
#3643=EDGE_CURVE('',#2600,#2620,#544,.T.);
#3656=EDGE_CURVE('',#2599,#2619,#548,.T.);
#3678=EDGE_CURVE('',#2246,#2248,#552,.T.);
#3681=EDGE_CURVE('',#2201,#2202,#1216,.T.);
#3683=EDGE_CURVE('',#2201,#2246,#600,.T.);
#3693=EDGE_CURVE('',#2245,#2250,#556,.T.);
#3695=EDGE_CURVE('',#2245,#2193,#592,.T.);
#3708=EDGE_CURVE('',#2232,#2230,#576,.T.);
#3710=EDGE_CURVE('',#2232,#2238,#560,.T.);
#3712=EDGE_CURVE('',#2238,#2230,#564,.T.);
#3723=EDGE_CURVE('',#2246,#2254,#568,.T.);
#3725=EDGE_CURVE('',#2254,#2248,#572,.T.);
#3736=EDGE_CURVE('',#2206,#2230,#608,.T.);
#3738=EDGE_CURVE('',#2205,#2206,#1212,.T.);
#3740=EDGE_CURVE('',#2205,#2232,#1100,.T.);
#3750=EDGE_CURVE('',#2234,#2229,#580,.T.);
#3752=EDGE_CURVE('',#2234,#2236,#1084,.T.);
#3756=EDGE_CURVE('',#2229,#2198,#588,.T.);
#3766=EDGE_CURVE('',#2229,#2230,#584,.T.);
#3771=EDGE_CURVE('',#2245,#2246,#596,.T.);
#3774=EDGE_CURVE('',#2201,#2206,#604,.T.);
#3779=EDGE_CURVE('',#2695,#2696,#612,.T.);
#3781=EDGE_CURVE('',#2696,#2698,#616,.T.);
#3783=EDGE_CURVE('',#2698,#2700,#620,.T.);
#3785=EDGE_CURVE('',#2700,#2695,#624,.T.);
#3789=EDGE_CURVE('',#2703,#2704,#628,.T.);
#3791=EDGE_CURVE('',#2704,#2706,#632,.T.);
#3793=EDGE_CURVE('',#2706,#2708,#636,.T.);
#3795=EDGE_CURVE('',#2708,#2710,#640,.T.);
#3797=EDGE_CURVE('',#2710,#2703,#644,.T.);
#3807=EDGE_CURVE('',#2353,#2470,#648,.T.);
#3809=EDGE_CURVE('',#2470,#2472,#748,.T.);
#3811=EDGE_CURVE('',#2350,#2472,#712,.T.);
#3813=EDGE_CURVE('',#2349,#2350,#652,.T.);
#3815=EDGE_CURVE('',#2364,#2349,#656,.T.);
#3817=EDGE_CURVE('',#2364,#2240,#660,.T.);
#3819=EDGE_CURVE('',#2240,#2229,#1144,.T.);
#3823=EDGE_CURVE('',#2238,#2366,#664,.T.);
#3825=EDGE_CURVE('',#2354,#2366,#668,.T.);
#3827=EDGE_CURVE('',#2353,#2354,#672,.T.);
#3837=EDGE_CURVE('',#2526,#2510,#676,.T.);
#3839=EDGE_CURVE('',#2510,#2469,#680,.T.);
#3841=EDGE_CURVE('',#2469,#2470,#720,.T.);
#3844=EDGE_CURVE('',#2372,#2353,#1132,.T.);
#3846=EDGE_CURVE('',#2526,#2372,#1000,.T.);
#3856=EDGE_CURVE('',#2501,#2502,#684,.T.);
#3858=EDGE_CURVE('',#2502,#2504,#688,.T.);
#3860=EDGE_CURVE('',#2504,#2506,#692,.T.);
#3862=EDGE_CURVE('',#2506,#2508,#696,.T.);
#3864=EDGE_CURVE('',#2510,#2508,#700,.T.);
#3867=EDGE_CURVE('',#2524,#2526,#996,.T.);
#3869=EDGE_CURVE('',#2524,#2501,#704,.T.);
#3880=EDGE_CURVE('',#2501,#2474,#708,.T.);
#3882=EDGE_CURVE('',#2474,#2476,#740,.T.);
#3884=EDGE_CURVE('',#2502,#2476,#796,.T.);
#3895=EDGE_CURVE('',#2472,#2474,#744,.T.);
#3899=EDGE_CURVE('',#2370,#2524,#992,.T.);
#3901=EDGE_CURVE('',#2370,#2350,#716,.T.);
#3912=EDGE_CURVE('',#2482,#2469,#724,.T.);
#3914=EDGE_CURVE('',#2480,#2482,#728,.T.);
#3916=EDGE_CURVE('',#2478,#2480,#732,.T.);
#3918=EDGE_CURVE('',#2476,#2478,#736,.T.);
#3931=EDGE_CURVE('',#2485,#2486,#752,.T.);
#3933=EDGE_CURVE('',#2498,#2485,#756,.T.);
#3935=EDGE_CURVE('',#2496,#2498,#760,.T.);
#3937=EDGE_CURVE('',#2494,#2496,#764,.T.);
#3939=EDGE_CURVE('',#2492,#2494,#768,.T.);
#3941=EDGE_CURVE('',#2490,#2492,#772,.T.);
#3943=EDGE_CURVE('',#2488,#2490,#776,.T.);
#3945=EDGE_CURVE('',#2486,#2488,#780,.T.);
#3956=EDGE_CURVE('',#2508,#2482,#784,.T.);
#3969=EDGE_CURVE('',#2506,#2480,#788,.T.);
#3982=EDGE_CURVE('',#2504,#2478,#792,.T.);
#4006=EDGE_CURVE('',#2513,#2514,#804,.T.);
#4008=EDGE_CURVE('',#2513,#2485,#800,.T.);
#4011=EDGE_CURVE('',#2514,#2486,#828,.T.);
#4022=EDGE_CURVE('',#2514,#2516,#808,.T.);
#4024=EDGE_CURVE('',#2516,#2518,#812,.T.);
#4026=EDGE_CURVE('',#2518,#2520,#816,.T.);
#4028=EDGE_CURVE('',#2522,#2520,#820,.T.);
#4030=EDGE_CURVE('',#2528,#2522,#824,.T.);
#4032=EDGE_CURVE('',#2528,#2530,#940,.T.);
#4034=EDGE_CURVE('',#2530,#2513,#876,.T.);
#4047=EDGE_CURVE('',#2516,#2488,#832,.T.);
#4060=EDGE_CURVE('',#2518,#2490,#836,.T.);
#4073=EDGE_CURVE('',#2520,#2492,#840,.T.);
#4086=EDGE_CURVE('',#2522,#2494,#844,.T.);
#4099=EDGE_CURVE('',#2378,#2496,#852,.T.);
#4101=EDGE_CURVE('',#2398,#2378,#848,.T.);
#4103=EDGE_CURVE('',#2398,#2528,#944,.T.);
#4115=EDGE_CURVE('',#2381,#2498,#872,.T.);
#4117=EDGE_CURVE('',#2381,#2382,#856,.T.);
#4119=EDGE_CURVE('',#2382,#2394,#860,.T.);
#4121=EDGE_CURVE('',#2254,#2394,#1172,.T.);
#4125=EDGE_CURVE('',#2245,#2256,#1156,.T.);
#4127=EDGE_CURVE('',#2392,#2256,#1164,.T.);
#4130=EDGE_CURVE('',#2377,#2378,#868,.T.);
#4144=EDGE_CURVE('',#2530,#2400,#936,.T.);
#4146=EDGE_CURVE('',#2400,#2381,#1180,.T.);
#4159=EDGE_CURVE('',#2764,#2758,#892,.T.);
#4161=EDGE_CURVE('',#2744,#2764,#896,.T.);
#4163=EDGE_CURVE('',#2742,#2744,#900,.T.);
#4165=EDGE_CURVE('',#2740,#2742,#904,.T.);
#4167=EDGE_CURVE('',#2738,#2740,#908,.T.);
#4169=EDGE_CURVE('',#2736,#2738,#912,.T.);
#4171=EDGE_CURVE('',#2734,#2736,#916,.T.);
#4173=EDGE_CURVE('',#2733,#2734,#920,.T.);
#4176=EDGE_CURVE('',#2754,#2402,#928,.T.);
#4178=EDGE_CURVE('',#2400,#2402,#932,.T.);
#4183=EDGE_CURVE('',#2396,#2398,#948,.T.);
#4193=EDGE_CURVE('',#2303,#2304,#952,.T.);
#4196=EDGE_CURVE('',#2760,#2314,#1060,.T.);
#4198=EDGE_CURVE('',#2760,#2303,#960,.T.);
#4208=EDGE_CURVE('',#2307,#2308,#964,.T.);
#4210=EDGE_CURVE('',#2307,#2764,#968,.T.);
#4223=EDGE_CURVE('',#2303,#2310,#976,.T.);
#4225=EDGE_CURVE('',#2310,#2316,#1658,.T.);
#4238=EDGE_CURVE('',#2760,#2717,#1056,.T.);
#4240=EDGE_CURVE('',#2310,#2717,#1662,.T.);
#4250=EDGE_CURVE('',#2307,#2312,#980,.T.);
#4252=EDGE_CURVE('',#2744,#2312,#1638,.T.);
#4264=EDGE_CURVE('',#2748,#2368,#984,.T.);
#4266=EDGE_CURVE('',#2368,#2370,#988,.T.);
#4271=EDGE_CURVE('',#2372,#2374,#1004,.T.);
#4273=EDGE_CURVE('',#2750,#2374,#1008,.T.);
#4275=EDGE_CURVE('',#2728,#2750,#1012,.T.);
#4277=EDGE_CURVE('',#2726,#2728,#1016,.T.);
#4279=EDGE_CURVE('',#2724,#2726,#1020,.T.);
#4281=EDGE_CURVE('',#2723,#2724,#1024,.T.);
#4283=EDGE_CURVE('',#2263,#2723,#1028,.T.);
#4285=EDGE_CURVE('',#2263,#2270,#1032,.T.);
#4287=EDGE_CURVE('',#2270,#2272,#1036,.T.);
#4289=EDGE_CURVE('',#2272,#2267,#1040,.T.);
#4291=EDGE_CURVE('',#2720,#2267,#1044,.T.);
#4293=EDGE_CURVE('',#2718,#2720,#1048,.T.);
#4295=EDGE_CURVE('',#2717,#2718,#1052,.T.);
#4300=EDGE_CURVE('',#2748,#2762,#1068,.T.);
#4310=EDGE_CURVE('',#2357,#2358,#1072,.T.);
#4312=EDGE_CURVE('',#2357,#2364,#1136,.T.);
#4315=EDGE_CURVE('',#2368,#2349,#2050,.T.);
#4318=EDGE_CURVE('',#2358,#2748,#1112,.T.);
#4329=EDGE_CURVE('',#2242,#2358,#1076,.T.);
#4333=EDGE_CURVE('',#2234,#2357,#1088,.T.);
#4343=EDGE_CURVE('',#2361,#2362,#1092,.T.);
#4345=EDGE_CURVE('',#2361,#2232,#1096,.T.);
#4348=EDGE_CURVE('',#2730,#2205,#1104,.T.);
#4350=EDGE_CURVE('',#2362,#2730,#1108,.T.);
#4372=EDGE_CURVE('',#2362,#2750,#1120,.T.);
#4375=EDGE_CURVE('',#2730,#2728,#1124,.T.);
#4389=EDGE_CURVE('',#2374,#2354,#1128,.T.);
#4392=EDGE_CURVE('',#2361,#2366,#1140,.T.);
#4416=EDGE_CURVE('',#2234,#2240,#1148,.T.);
#4451=EDGE_CURVE('',#2256,#2250,#1152,.T.);
#4474=EDGE_CURVE('',#2394,#2389,#1168,.T.);
#4490=EDGE_CURVE('',#2402,#2382,#1176,.T.);
#4514=EDGE_CURVE('',#2279,#2280,#1200,.T.);
#4516=EDGE_CURVE('',#2280,#2282,#1204,.T.);
#4518=EDGE_CURVE('',#2284,#2282,#1208,.T.);
#4520=EDGE_CURVE('',#2726,#2284,#1294,.T.);
#4531=EDGE_CURVE('',#2279,#2734,#1282,.T.);
#4535=EDGE_CURVE('',#2221,#2222,#1184,.T.);
#4537=EDGE_CURVE('',#2221,#2225,#1188,.T.);
#4539=EDGE_CURVE('',#2225,#2226,#1192,.T.);
#4541=EDGE_CURVE('',#2222,#2226,#1196,.T.);
#4552=EDGE_CURVE('',#2222,#2209,#1225,.T.);
#4554=EDGE_CURVE('',#2209,#2210,#1229,.T.);
#4556=EDGE_CURVE('',#2210,#2212,#1233,.T.);
#4558=EDGE_CURVE('',#2212,#2221,#1237,.T.);
#4569=EDGE_CURVE('',#2226,#2215,#1254,.T.);
#4571=EDGE_CURVE('',#2209,#2215,#1266,.T.);
#4583=EDGE_CURVE('',#2218,#2225,#1241,.T.);
#4585=EDGE_CURVE('',#2216,#2218,#1245,.T.);
#4587=EDGE_CURVE('',#2215,#2216,#1249,.T.);
#4600=EDGE_CURVE('',#2212,#2218,#1258,.T.);
#4612=EDGE_CURVE('',#2210,#2216,#1262,.T.);
#4637=EDGE_CURVE('',#2286,#2279,#1278,.T.);
#4639=EDGE_CURVE('',#2286,#2275,#1962,.T.);
#4641=EDGE_CURVE('',#2280,#2275,#1970,.T.);
#4651=EDGE_CURVE('',#2416,#2430,#1270,.T.);
#4653=EDGE_CURVE('',#2286,#2430,#1274,.T.);
#4658=EDGE_CURVE('',#2446,#2736,#2026,.T.);
#4660=EDGE_CURVE('',#2446,#2416,#1286,.T.);
#4670=EDGE_CURVE('',#2442,#2436,#1290,.T.);
#4672=EDGE_CURVE('',#2724,#2442,#2018,.T.);
#4676=EDGE_CURVE('',#2288,#2284,#1298,.T.);
#4678=EDGE_CURVE('',#2450,#2288,#1302,.T.);
#4680=EDGE_CURVE('',#2436,#2450,#1306,.T.);
#4690=EDGE_CURVE('',#2291,#2298,#1334,.T.);
#4692=EDGE_CURVE('',#2291,#2292,#1630,.T.);
#4695=EDGE_CURVE('',#2320,#2298,#1310,.T.);
#4705=EDGE_CURVE('',#2325,#2326,#1674,.T.);
#4707=EDGE_CURVE('',#2430,#2325,#1942,.T.);
#4710=EDGE_CURVE('',#2416,#2326,#1314,.T.);
#4720=EDGE_CURVE('',#2419,#2420,#1318,.T.);
#4722=EDGE_CURVE('',#2456,#2419,#1410,.T.);
#4724=EDGE_CURVE('',#2456,#2432,#1322,.T.);
#4726=EDGE_CURVE('',#2420,#2432,#1686,.T.);
#4736=EDGE_CURVE('',#2423,#2424,#1326,.T.);
#4738=EDGE_CURVE('',#2712,#2423,#1702,.T.);
#4740=EDGE_CURVE('',#2434,#2712,#1330,.T.);
#4742=EDGE_CURVE('',#2424,#2434,#1402,.T.);
#4753=EDGE_CURVE('',#2298,#2740,#1338,.T.);
#4756=EDGE_CURVE('',#2291,#2742,#1634,.T.);
#4766=EDGE_CURVE('',#2295,#2300,#1342,.T.);
#4768=EDGE_CURVE('',#2718,#2295,#1666,.T.);
#4771=EDGE_CURVE('',#2720,#2300,#1346,.T.);
#4781=EDGE_CURVE('',#2801,#2320,#1482,.T.);
#4783=EDGE_CURVE('',#2814,#2801,#1366,.T.);
#4785=EDGE_CURVE('',#2814,#2322,#1554,.T.);
#4787=EDGE_CURVE('',#2322,#2300,#1594,.T.);
#4791=EDGE_CURVE('',#2267,#2268,#1370,.T.);
#4793=EDGE_CURVE('',#2268,#2264,#1374,.T.);
#4795=EDGE_CURVE('',#2263,#2264,#1378,.T.);
#4798=EDGE_CURVE('',#2723,#2441,#1382,.T.);
#4800=EDGE_CURVE('',#2448,#2441,#1386,.T.);
#4802=EDGE_CURVE('',#2458,#2448,#1390,.T.);
#4804=EDGE_CURVE('',#2454,#2458,#1394,.T.);
#4806=EDGE_CURVE('',#2438,#2454,#1398,.T.);
#4808=EDGE_CURVE('',#2438,#2424,#1898,.T.);
#4811=EDGE_CURVE('',#2434,#2456,#1406,.T.);
#4814=EDGE_CURVE('',#2419,#2445,#1414,.T.);
#4816=EDGE_CURVE('',#2445,#2738,#1418,.T.);
#4823=EDGE_CURVE('',#2341,#2342,#1350,.T.);
#4825=EDGE_CURVE('',#2346,#2341,#1354,.T.);
#4827=EDGE_CURVE('',#2346,#2344,#1358,.T.);
#4829=EDGE_CURVE('',#2344,#2342,#1362,.T.);
#4840=EDGE_CURVE('',#2342,#2337,#1422,.T.);
#4842=EDGE_CURVE('',#2337,#2338,#1426,.T.);
#4844=EDGE_CURVE('',#2338,#2341,#1430,.T.);
#4855=EDGE_CURVE('',#2344,#2333,#1442,.T.);
#4857=EDGE_CURVE('',#2333,#2337,#1450,.T.);
#4869=EDGE_CURVE('',#2334,#2346,#1434,.T.);
#4871=EDGE_CURVE('',#2333,#2334,#1438,.T.);
#4884=EDGE_CURVE('',#2334,#2338,#1446,.T.);
#4908=EDGE_CURVE('',#2434,#2465,#1454,.T.);
#4910=EDGE_CURVE('',#2465,#2466,#1458,.T.);
#4912=EDGE_CURVE('',#2466,#2456,#1462,.T.);
#4922=EDGE_CURVE('',#2790,#2792,#1466,.T.);
#4924=EDGE_CURVE('',#2790,#2781,#1470,.T.);
#4926=EDGE_CURVE('',#2781,#2782,#1854,.T.);
#4928=EDGE_CURVE('',#2782,#2792,#1474,.T.);
#4938=EDGE_CURVE('',#2801,#2802,#1478,.T.);
#4942=EDGE_CURVE('',#2414,#2802,#1486,.T.);
#4952=EDGE_CURVE('',#2822,#2824,#1490,.T.);
#4954=EDGE_CURVE('',#2822,#2410,#1494,.T.);
#4956=EDGE_CURVE('',#2410,#2416,#1498,.T.);
#4959=EDGE_CURVE('',#2445,#2446,#2022,.T.);
#4962=EDGE_CURVE('',#2419,#2406,#1502,.T.);
#4964=EDGE_CURVE('',#2406,#2824,#1506,.T.);
#4974=EDGE_CURVE('',#2838,#2840,#1510,.T.);
#4976=EDGE_CURVE('',#2838,#2777,#1514,.T.);
#4978=EDGE_CURVE('',#2777,#2778,#1838,.T.);
#4980=EDGE_CURVE('',#2778,#2840,#1518,.T.);
#4990=EDGE_CURVE('',#2454,#2461,#1530,.T.);
#4992=EDGE_CURVE('',#2461,#2465,#1974,.T.);
#4996=EDGE_CURVE('',#2712,#2714,#1698,.T.);
#4998=EDGE_CURVE('',#2714,#2454,#1622,.T.);
#5009=EDGE_CURVE('',#2462,#2458,#1522,.T.);
#5011=EDGE_CURVE('',#2461,#2462,#1526,.T.);
#5022=EDGE_CURVE('',#2796,#2789,#1534,.T.);
#5024=EDGE_CURVE('',#2774,#2796,#1538,.T.);
#5026=EDGE_CURVE('',#2773,#2774,#1846,.T.);
#5028=EDGE_CURVE('',#2789,#2773,#1542,.T.);
#5038=EDGE_CURVE('',#2808,#2814,#1546,.T.);
#5040=EDGE_CURVE('',#2413,#2808,#1550,.T.);
#5052=EDGE_CURVE('',#2828,#2821,#1558,.T.);
#5054=EDGE_CURVE('',#2405,#2828,#1562,.T.);
#5056=EDGE_CURVE('',#2448,#2405,#1566,.T.);
#5059=EDGE_CURVE('',#2441,#2442,#2014,.T.);
#5062=EDGE_CURVE('',#2409,#2436,#1570,.T.);
#5064=EDGE_CURVE('',#2821,#2409,#1574,.T.);
#5074=EDGE_CURVE('',#2844,#2837,#1578,.T.);
#5076=EDGE_CURVE('',#2770,#2844,#1582,.T.);
#5078=EDGE_CURVE('',#2769,#2770,#1830,.T.);
#5080=EDGE_CURVE('',#2837,#2769,#1586,.T.);
#5091=EDGE_CURVE('',#2452,#2458,#1614,.T.);
#5093=EDGE_CURVE('',#2432,#2452,#1690,.T.);
#5097=EDGE_CURVE('',#2462,#2466,#1590,.T.);
#5110=EDGE_CURVE('',#2295,#2296,#1650,.T.);
#5120=EDGE_CURVE('',#2329,#2330,#1598,.T.);
#5122=EDGE_CURVE('',#2330,#2436,#1602,.T.);
#5125=EDGE_CURVE('',#2450,#2329,#1950,.T.);
#5135=EDGE_CURVE('',#2426,#2448,#1606,.T.);
#5137=EDGE_CURVE('',#2426,#2452,#1610,.T.);
#5149=EDGE_CURVE('',#2428,#2438,#1618,.T.);
#5153=EDGE_CURVE('',#2714,#2428,#1626,.T.);
#5167=EDGE_CURVE('',#2312,#2318,#1642,.T.);
#5205=EDGE_CURVE('',#2326,#2330,#1678,.T.);
#5208=EDGE_CURVE('',#2325,#2329,#1946,.T.);
#5218=EDGE_CURVE('',#2420,#2426,#1682,.T.);
#5231=EDGE_CURVE('',#2423,#2428,#1694,.T.);
#5246=EDGE_CURVE('',#2409,#2410,#1706,.T.);
#5259=EDGE_CURVE('',#2796,#2792,#1710,.T.);
#5262=EDGE_CURVE('',#2782,#2774,#1850,.T.);
#5273=EDGE_CURVE('',#2821,#2822,#1714,.T.);
#5286=EDGE_CURVE('',#2817,#2818,#1726,.T.);
#5288=EDGE_CURVE('',#2821,#2817,#1718,.T.);
#5291=EDGE_CURVE('',#2818,#2822,#1722,.T.);
#5302=EDGE_CURVE('',#2818,#2826,#1730,.T.);
#5304=EDGE_CURVE('',#2830,#2826,#1734,.T.);
#5306=EDGE_CURVE('',#2830,#2817,#1738,.T.);
#5317=EDGE_CURVE('',#2826,#2824,#1742,.T.);
#5329=EDGE_CURVE('',#2828,#2824,#1750,.T.);
#5331=EDGE_CURVE('',#2830,#2828,#1746,.T.);
#5345=EDGE_CURVE('',#2405,#2406,#1754,.T.);
#5370=EDGE_CURVE('',#2789,#2790,#1758,.T.);
#5373=EDGE_CURVE('',#2781,#2773,#1858,.T.);
#5384=EDGE_CURVE('',#2785,#2786,#1770,.T.);
#5386=EDGE_CURVE('',#2789,#2785,#1762,.T.);
#5389=EDGE_CURVE('',#2786,#2790,#1766,.T.);
#5400=EDGE_CURVE('',#2786,#2794,#1774,.T.);
#5402=EDGE_CURVE('',#2798,#2794,#1778,.T.);
#5404=EDGE_CURVE('',#2798,#2785,#1782,.T.);
#5415=EDGE_CURVE('',#2794,#2792,#1786,.T.);
#5428=EDGE_CURVE('',#2798,#2796,#1790,.T.);
#5452=EDGE_CURVE('',#2677,#2678,#1794,.T.);
#5454=EDGE_CURVE('',#2682,#2677,#1798,.T.);
#5456=EDGE_CURVE('',#2680,#2682,#1802,.T.);
#5458=EDGE_CURVE('',#2678,#2680,#1806,.T.);
#5474=EDGE_CURVE('',#2685,#2686,#1810,.T.);
#5476=EDGE_CURVE('',#2692,#2685,#1814,.T.);
#5478=EDGE_CURVE('',#2690,#2692,#1818,.T.);
#5480=EDGE_CURVE('',#2688,#2690,#1822,.T.);
#5482=EDGE_CURVE('',#2686,#2688,#1826,.T.);
#5487=EDGE_CURVE('',#2778,#2770,#1834,.T.);
#5490=EDGE_CURVE('',#2777,#2769,#1842,.T.);
#5501=EDGE_CURVE('',#2695,#2677,#1862,.T.);
#5504=EDGE_CURVE('',#2696,#2678,#1874,.T.);
#5515=EDGE_CURVE('',#2700,#2682,#1866,.T.);
#5528=EDGE_CURVE('',#2698,#2680,#1870,.T.);
#5553=EDGE_CURVE('',#2703,#2685,#1878,.T.);
#5556=EDGE_CURVE('',#2704,#2686,#1894,.T.);
#5567=EDGE_CURVE('',#2710,#2692,#1882,.T.);
#5580=EDGE_CURVE('',#2708,#2690,#1886,.T.);
#5593=EDGE_CURVE('',#2706,#2688,#1890,.T.);
#5629=EDGE_CURVE('',#2844,#2840,#1902,.T.);
#5643=EDGE_CURVE('',#2846,#2844,#1906,.T.);
#5645=EDGE_CURVE('',#2846,#2842,#1918,.T.);
#5647=EDGE_CURVE('',#2842,#2840,#1938,.T.);
#5657=EDGE_CURVE('',#2846,#2833,#1922,.T.);
#5661=EDGE_CURVE('',#2837,#2833,#1926,.T.);
#5671=EDGE_CURVE('',#2833,#2834,#1910,.T.);
#5673=EDGE_CURVE('',#2834,#2842,#1914,.T.);
#5687=EDGE_CURVE('',#2837,#2838,#1934,.T.);
#5689=EDGE_CURVE('',#2834,#2838,#1930,.T.);
#5739=EDGE_CURVE('',#2276,#2288,#1954,.T.);
#5741=EDGE_CURVE('',#2275,#2276,#1958,.T.);
#5754=EDGE_CURVE('',#2282,#2276,#1966,.T.);
#5790=EDGE_CURVE('',#2810,#2812,#1990,.T.);
#5792=EDGE_CURVE('',#2810,#2808,#2002,.T.);
#5795=EDGE_CURVE('',#2814,#2812,#1978,.T.);
#5805=EDGE_CURVE('',#2805,#2806,#1982,.T.);
#5807=EDGE_CURVE('',#2810,#2806,#1986,.T.);
#5810=EDGE_CURVE('',#2812,#2805,#1994,.T.);
#5821=EDGE_CURVE('',#2806,#2802,#1998,.T.);
#5824=EDGE_CURVE('',#2805,#2801,#2010,.T.);
#5834=EDGE_CURVE('',#2808,#2802,#2006,.T.);
#5897=EDGE_CURVE('',#2272,#2260,#2030,.T.);
#5899=EDGE_CURVE('',#2260,#2268,#2042,.T.);
#5909=EDGE_CURVE('',#2270,#2259,#2034,.T.);
#5911=EDGE_CURVE('',#2259,#2260,#2046,.T.);
#5924=EDGE_CURVE('',#2264,#2259,#2038,.T.);
#5973=EDGE_CURVE('',#2586,#2563,#2078,.T.);
#5975=EDGE_CURVE('',#2543,#2563,#2158,.T.);
#5977=EDGE_CURVE('',#2573,#2543,#2110,.T.);
#5988=EDGE_CURVE('',#2570,#2584,#2058,.T.);
#5990=EDGE_CURVE('',#2568,#2570,#2062,.T.);
#5992=EDGE_CURVE('',#2566,#2568,#2066,.T.);
#5994=EDGE_CURVE('',#2564,#2566,#2070,.T.);
#5996=EDGE_CURVE('',#2563,#2564,#2074,.T.);
#6008=EDGE_CURVE('',#2560,#2580,#2082,.T.);
#6010=EDGE_CURVE('',#2558,#2560,#2086,.T.);
#6012=EDGE_CURVE('',#2556,#2558,#2090,.T.);
#6014=EDGE_CURVE('',#2554,#2556,#2094,.T.);
#6016=EDGE_CURVE('',#2553,#2554,#2098,.T.);
#6018=EDGE_CURVE('',#2582,#2553,#2102,.T.);
#6029=EDGE_CURVE('',#2550,#2574,#2130,.T.);
#6031=EDGE_CURVE('',#2550,#2570,#2106,.T.);
#6044=EDGE_CURVE('',#2543,#2544,#2114,.T.);
#6046=EDGE_CURVE('',#2544,#2546,#2118,.T.);
#6048=EDGE_CURVE('',#2546,#2548,#2122,.T.);
#6050=EDGE_CURVE('',#2548,#2550,#2126,.T.);
#6062=EDGE_CURVE('',#2577,#2533,#2134,.T.);
#6064=EDGE_CURVE('',#2533,#2534,#2138,.T.);
#6066=EDGE_CURVE('',#2534,#2536,#2142,.T.);
#6068=EDGE_CURVE('',#2536,#2538,#2146,.T.);
#6070=EDGE_CURVE('',#2538,#2540,#2150,.T.);
#6072=EDGE_CURVE('',#2540,#2578,#2154,.T.);
#6085=EDGE_CURVE('',#2544,#2564,#2162,.T.);
#6098=EDGE_CURVE('',#2546,#2566,#2166,.T.);
#6111=EDGE_CURVE('',#2548,#2568,#2170,.T.);
#6135=EDGE_CURVE('',#2533,#2553,#2174,.T.);
#6149=EDGE_CURVE('',#2534,#2554,#2178,.T.);
#6162=EDGE_CURVE('',#2536,#2556,#2182,.T.);
#6175=EDGE_CURVE('',#2538,#2558,#2186,.T.);
#6188=EDGE_CURVE('',#2540,#2560,#2190,.T.);
#6215=TRIMMED_CURVE('A_1',#6214,(PARAMETER_VALUE(0.E0)),(PARAMETER_VALUE(1.E0)),
.T.,.UNSPECIFIED.);
#6221=CIRCLE('',#6220,1.205E0);
#6222=TRIMMED_CURVE('',#6221,(PARAMETER_VALUE(0.E0)),(PARAMETER_VALUE(1.8E2)),
.T.,.UNSPECIFIED.);
#6223=COMPOSITE_CURVE_SEGMENT(.CONTINUOUS.,.T.,#6222);
#6228=CIRCLE('',#6227,1.205E0);
#6229=TRIMMED_CURVE('',#6228,(PARAMETER_VALUE(0.E0)),(PARAMETER_VALUE(1.8E2)),
.T.,.UNSPECIFIED.);
#6230=COMPOSITE_CURVE_SEGMENT(.CONTINUOUS.,.T.,#6229);
#6231=COMPOSITE_CURVE('',(#6223,#6230),.F.);
#6236=CIRCLE('',#6235,1.205E0);
#6237=TRIMMED_CURVE('',#6236,(PARAMETER_VALUE(0.E0)),(PARAMETER_VALUE(1.8E2)),
.T.,.UNSPECIFIED.);
#6238=COMPOSITE_CURVE_SEGMENT(.CONTINUOUS.,.T.,#6237);
#6243=CIRCLE('',#6242,1.205E0);
#6244=TRIMMED_CURVE('',#6243,(PARAMETER_VALUE(0.E0)),(PARAMETER_VALUE(1.8E2)),
.T.,.UNSPECIFIED.);
#6245=COMPOSITE_CURVE_SEGMENT(.CONTINUOUS.,.T.,#6244);
#6246=COMPOSITE_CURVE('',(#6238,#6245),.F.);
#6251=CIRCLE('',#6250,5.1E-1);
#6252=TRIMMED_CURVE('',#6251,(PARAMETER_VALUE(0.E0)),(PARAMETER_VALUE(1.8E2)),
.T.,.UNSPECIFIED.);
#6253=COMPOSITE_CURVE_SEGMENT(.CONTINUOUS.,.T.,#6252);
#6258=CIRCLE('',#6257,5.1E-1);
#6259=TRIMMED_CURVE('',#6258,(PARAMETER_VALUE(0.E0)),(PARAMETER_VALUE(1.8E2)),
.T.,.UNSPECIFIED.);
#6260=COMPOSITE_CURVE_SEGMENT(.CONTINUOUS.,.T.,#6259);
#6261=COMPOSITE_CURVE('',(#6253,#6260),.F.);
#6266=CIRCLE('',#6265,5.1E-1);
#6267=TRIMMED_CURVE('',#6266,(PARAMETER_VALUE(0.E0)),(PARAMETER_VALUE(1.8E2)),
.T.,.UNSPECIFIED.);
#6268=COMPOSITE_CURVE_SEGMENT(.CONTINUOUS.,.T.,#6267);
#6273=CIRCLE('',#6272,5.1E-1);
#6274=TRIMMED_CURVE('',#6273,(PARAMETER_VALUE(0.E0)),(PARAMETER_VALUE(1.8E2)),
.T.,.UNSPECIFIED.);
#6275=COMPOSITE_CURVE_SEGMENT(.CONTINUOUS.,.T.,#6274);
#6276=COMPOSITE_CURVE('',(#6268,#6275),.F.);
#6277=(LENGTH_UNIT()NAMED_UNIT(*)SI_UNIT(.MILLI.,.METRE.));
#6279=(NAMED_UNIT(*)PLANE_ANGLE_UNIT()SI_UNIT($,.RADIAN.));
#6282=(NAMED_UNIT(*)SI_UNIT($,.STERADIAN.)SOLID_ANGLE_UNIT());
#6285=ADVANCED_BREP_SHAPE_REPRESENTATION('',(#6206),#6284);
#6286=GEOMETRICALLY_BOUNDED_SURFACE_SHAPE_REPRESENTATION('',(#6216),#6284);
#6287=SHAPE_REPRESENTATION('',(#6210),#6284);
#6296=PRODUCT_DEFINITION('design','',#6295,#6292);
#6297=PRODUCT_DEFINITION_SHAPE('','SHAPE FOR 430450223.',#6296);
#6298=SHAPE_DEFINITION_REPRESENTATION(#6297,#6287);
ENDSEC;
END-ISO-10303-21;
